Country,Capital,Latitude Hemisphere,Longitude Hemisphere,Distance From Tokyo 1964,Distance From Mexico City 1968,Distance From Munich 1972,Distance From Montreal 1976,Distance From Moscow 1980,Distance From Los Angeles 1984,Distance From Seoul 1988,Distance From Barcelona 1992,Distance From Atlanta 1996,Distance From Sydney 2000,Distance From Athens 2004,Distance From Beijing 2008,Distance From London 2012,Distance From Rio de Janeiro 2016,Distance From Tokyo 2020
Afghanistan,Kabul,North,East,3852.6952340000003,9243.020276000001,3283.4941949999998,7937.373451,2267.337882,10229.32231,3140.46094,3687.702265,8381.179784,6496.640378,2502.8690920000004,2596.700595,3955.769518,7290.724741,3852.6952340000003
Albania,Tirane,North,East,6571.702756000001,6650.258831,645.8761295,5198.828391,1385.794163,7536.133412,5848.84483,945.7830045,5694.970611,8862.276379,329.6791238,5281.5636509999995,1277.354816,5591.135578,6571.702756000001
Algeria,Algiers,North,East,7456.896815000001,5704.149817,932.3905579,4339.752748,2285.897025,6626.090244,6739.0118090000005,346.5107264,4779.414037,9430.625168,1115.622926,6180.126784,1044.929886,4809.9730119999995,7456.896815000001
American Samoa,Pago Pago,South,West,17274.49986,4522.583406000001,10826.12876,6614.730929,12318.146190000001,4379.072411,16595.20251,10172.101929999999,5742.998762,17612.49192,11170.60374,16081.21676,10341.61512,6972.944914,17274.49986
Andorra,Andorra la Vella,North,East,7566.659669,5710.101626,689.6671018,4203.960189,2166.1158100000002,6552.808731,6843.529703,78.63586014,4716.8915,9726.649424,1252.1266679999999,6275.338342,628.9142562000001,5113.942627,7566.659669
Angola,Luanda,South,East,7549.71073,6419.958724,3909.100005,6111.341675,4606.135478,7751.422936,6949.376417,3494.223297,6071.374855,7738.665587,3228.9678089999998,6530.700463,4192.7491979999995,3231.823078,7549.71073
Antigua and Barbuda,West Indies,North,West,11055.47927,2058.682496,4524.417593,2098.780913,6006.97345,3310.0077100000003,10357.080090000001,3855.329918,1693.74307,12135.74144,4846.229317,9823.135527,4099.448352,2942.618984,11055.47927
Argentina,Buenos Aires,South,West,11979.01152,4384.369678,7015.770065000001,5707.86309,8266.251627,5802.97869,11379.30611,6344.970262,5013.546431000001,11533.28485,6837.5604299999995,10951.963179999999,6877.436486,1303.080956,11979.01152
Armenia,Yerevan,North,East,5214.490326,7961.875734,1871.185441,6556.044561,1125.260362,8885.04204,4491.701293,2302.565068,7040.666552,7753.556298,1151.612601,3925.377452,2543.617705,6458.829748,5214.490326
Aruba,Oranjestad,North,West,11560.89616,1657.216431,5094.9917,2309.387607,6574.5079399999995,3029.820032,10867.65721,4422.596476,1673.937056,12492.5469,5393.397585,10339.75272,4674.559738,2838.717012,11560.89616
Australia,Canberra,South,East,4913.860856,14055.774080000001,9451.196419,13465.23217,8731.68456,15352.68274,5148.457275,9600.139656,13601.026119999999,149.5349657,8495.174416,5456.561157,10092.5908,10526.41725,4913.860856
Austria,Vienna,North,East,6793.721355,6605.111663000001,253.3477585,5014.993429,1259.691378,7405.4282840000005,6067.3108600000005,896.7318071000001,5582.07332,9291.326525,827.7513878,5490.842169,916.0407101,5876.695629999999,6793.721355
Azerbaijan,Baku,North,East,4929.188187,8246.251439,2143.2801010000003,6841.54925,1240.420589,9171.991444,4205.953165999999,2588.6069629999997,7327.578348999999,7549.013006,1437.275639,3638.902247,2814.342634,6682.150324,4929.188187
Bahamas,Nassau,North,West,11862.7069,1262.03307,5102.498263,1413.853863,6596.803801,2325.242769,11154.14467,4477.864708,717.2687331000001,13117.11126,5563.622291,10606.931559999999,4586.923845,3795.177807,11862.7069
Bahrain,Manama,North,East,4923.089199,8171.122054,2604.261993,7001.652212000001,2145.0362489999998,9218.61909,4231.809713000001,2831.7651739999997,7372.993288,6890.508290999999,1665.8447800000001,3715.8966969999997,3255.064613,6122.185202000001,4923.089199
Bangladesh,Dhaka,North,East,2826.058402,10343.1749,4621.903102,9181.486026,3636.897346,11407.659679999999,2198.2941379999997,4966.796205,9562.439857,5167.829565999999,3775.7000310000003,1800.8721420000002,5294.149168999999,7956.068501000001,2826.058402
Barbados,Bridgetown,North,West,10974.324040000001,2214.1250210000003,4565.033339,2408.837149,6033.8059490000005,3529.294983,10281.85817,3884.3684719999997,1979.0667640000001,11941.095959999999,4825.2882549999995,9755.197873000001,4177.685866,2632.9035120000003,10974.324040000001
Belarus,Minsk,North,East,6256.598253,7296.41535,935.1490671,5643.8967729999995,564.6581813999999,8059.243893000001,5530.60053,1607.224845,6248.983632,9062.64947,1119.665581,4948.72656,1500.729049,6528.100653,6256.598253
Belgium,Brussels,North,East,7465.484676000001,6040.287639,434.360945,4369.683402000001,1841.269434,6781.550401,6738.867833,639.0615885,4973.865723,9915.550018,1378.649126,6161.241147,239.87647180000005,5688.273316,7465.484676000001
Belize,Belmopan,North,West,12511.35927,605.9284502,5856.928924,2074.014048,7351.139356000001,2006.8105039999998,11810.04226,5214.479601,1163.090607,13543.338469999999,6262.340884,11271.88278,5364.662645,3704.550812,12511.35927
Benin,Porto Novo (constitutional) / Cotonou (seat of government),North,East,7763.417395,5614.771591,2934.720672,5047.258847,3895.04384,6861.9972099999995,7106.085243,2426.0784,5106.045022,8582.193148999999,2449.2698100000002,6624.162853,3116.888981,3199.8343670000004,7763.417395
Bhutan,Thimphu,North,East,2801.103952,10310.02743,4488.0636079999995,9097.090687,3444.1448969999997,11349.40629,2137.368893,4863.5097399999995,9502.059845,5402.908314,3672.0776960000003,1687.1537859999999,5160.776220000001,8027.471987000001,2801.103952
Bolivia,La Paz (administrative) / Sucre (legislative),South,West,11894.5974,2971.731738,6215.778227000001,4276.792572,7588.890901999999,4417.7502460000005,11248.390640000001,5523.672722,3559.466216,12036.237159999999,6225.909231000001,10772.9767,5961.212181,1437.763989,11894.5974
Bosnia and Herzegovina,Sarajevo,North,East,6649.933578,6623.939236,484.40396610000005,5124.939323,1328.1669029999998,7481.48977,5925.417198,890.7227565999999,5645.08647,9011.588987000001,498.5938086,5354.535514,1136.7012789999999,5679.777275,6649.933578
Botswana,Gaborone,South,East,7484.083301000001,7443.537087000001,5066.621043,7334.218684,5550.492087,8828.796325,6966.243251000001,4719.200094,7223.050339,6890.668014,4281.620211,6632.322276,5414.701940999999,3754.7079049999998,7484.083301000001
Brazil,Brasilia,South,West,10813.30687,3693.9012450000005,5448.606277000001,4476.475125999999,6740.5027709999995,5154.81836,10177.049309999999,4770.980821,3947.154167,10926.30828,5332.087331000001,9713.367679,5290.5626600000005,566.3305178999999,10813.30687
British Virgin Islands,Road Town,North,West,11204.07871,1897.3434559999998,4630.807214,1975.8818760000001,6117.787041,3136.3651649999997,10503.9835,3967.89839,1528.309672,12308.19981,4977.173495,9967.860865,4188.829532,3068.1460469999997,11204.07871
Brunei Darussalam,Bandar Seri Begawan,North,East,2536.551181,11733.66242,6398.777846,10782.48574,5506.75604,12896.878359999999,2348.0225530000002,6665.138457999999,11071.9407,3305.376553,5494.037074,2417.9578690000003,7064.396452,8841.046999,2536.551181
Bulgaria,Sofia,North,East,6375.306752,6867.5827420000005,746.1045184,5396.946733,1183.851472,7744.343588,5651.319682,1150.565063,5905.006345000001,8751.145986,336.32973010000006,5081.741124,1410.485748,5785.377927,6375.306752
Burkina Faso,Ouagadougou,North,West,7865.265069,5361.9914229999995,2580.966157,4662.560237,3657.82383,6561.301525,7190.5941459999995,2026.4363309999999,4775.2556030000005,8911.943291,2215.059729,6688.273963000001,2706.3507170000003,3328.438176,7865.265069
Burundi,Bujumbura,South,East,6600.237275,7172.0013930000005,3667.822271,6632.046386999999,4068.6180799999997,8448.69995,6002.730664,3409.4052810000003,6703.549279999999,6991.675681000001,2828.355902,5591.0218859999995,4086.419346,4178.760182,6600.237275
Cambodia,Phnom Penh,North,East,2550.724265,11129.81526,5673.689582,10110.56945,4765.506935,12262.22787,2157.861883,5959.787053,10428.76996,4028.806296,4781.144215,2049.292791,6341.545849,8401.794054,2550.724265
Cameroon,Yaounde,North,East,7348.660545000001,6127.096654999999,3080.1856,5560.694684,3855.4199329999997,7382.937537000001,6706.052031,2662.0235079999998,5628.709011999999,8059.947265000001,2442.7115440000002,6241.863267000001,3360.488213,3490.276702,7348.660545000001
Canada,Ottawa,North,West,11761.45096,2215.2769989999997,4754.326022,17.85869536,6197.178624,2462.817034,11038.504659999999,4244.864847999999,933.6493083999999,13525.33305,5424.860063,10469.8937,4136.60053,5023.162376,11761.45096
Cape Verde,Praia,North,West,9012.706920999999,4146.538949,2976.197282,3543.39349,4331.592557999999,5345.325957999999,8324.575388,2291.442646,3575.095678,10109.84624,2992.0868920000003,7804.625975,2811.478024,2832.288311,9012.706920999999
Cayman Islands,George Town,North,West,12114.08146,975.1560000000001,5447.181845,1840.917463,6941.3296900000005,2265.196606,11411.22871,4804.6756350000005,1018.575556,13209.46724,5855.60639,10871.28634,4957.357865,3572.551283,12114.08146
Central African Republic,Bangui,North,East,6969.4319049999995,6495.426349,3052.2553390000003,5865.637971,3683.290245,7736.447836,6330.782294,2711.963523,5967.959213,7715.82105,2318.0025170000004,5872.20917,3403.617254,3845.7356549999995,6969.4319049999995
Chad,N'Djamena,North,East,7019.440662000001,6226.775688000001,2492.184765,5435.486260000001,3239.023259,7408.972873999999,6353.063864,2131.746802,5606.971801,8105.835186,1823.604771,5862.31067,2824.412639,3972.5755670000003,7019.440662000001
Chile,Santiago,South,West,12415.56917,3943.1054729999996,7180.963618000001,5440.38823,8488.879813,5327.327679,11801.49769,6497.463882999999,4684.999750999999,12099.98408,7081.0866510000005,11359.06185,6987.801141,1648.784529,12415.56917
China,Beijing,North,East,1307.919095,11838.94405,5742.91982,10478.687670000001,4442.798842,12806.04837,583.2324219,6227.3323359999995,10959.52333,5414.624777,5065.428159,0.0,6399.345926,9710.393207,1307.919095
Colombia,Bogota,North,West,11864.03068,1711.573173,5564.846725,2841.333395,7028.4927769999995,3168.141186,11181.17542,4881.775916,2107.092876,12575.93558,5794.551013,10665.316920000001,5179.650627,2523.667877,11864.03068
Comros,Moroni,South,East,6189.380911,8049.251554,4455.434924,7578.859806,4623.545432,9353.817849,5657.036885,4275.133309000001,7629.279462,6099.859622,3546.658953,5316.305878,4931.414264999999,4780.055691,6189.380911
Congo,Brazzaville,South,East,7332.2061269999995,6440.133211,3609.049415,6018.901454999999,4283.807735,7742.430874,6718.850873,3216.791121,6028.040661999999,7709.39839,2911.065771,6286.977997,3914.678745,3437.3636979999997,7332.2061269999995
Costa Rica,San Jose,North,West,12344.75496,1058.9103300000002,5859.685913,2523.091473,7344.727848,2519.673322,11652.89483,5193.536804,1669.922202,13188.36147,6178.902752,11126.265609999999,5416.884059,3160.880263,12344.75496
Cote d'Ivoire,Yamoussoukro,North,West,8159.657354000001,5203.020638,3015.860661,4692.579355,4099.060246999999,6459.86403,7497.111465000001,2441.220472,4716.685728,8981.020009,2654.338699,7008.430955,3108.6252719999998,2901.725866,8159.657354000001
Croatia,Zagreb,North,East,6808.024556,6519.192357,284.3955443,4976.79,1372.669191,7349.161408,6082.540204999999,785.1876379,5518.245309,9210.445178,695.52407,5509.170636,944.3405011,5707.083121,6808.024556
Cuba,Havana,North,West,12145.25931,959.7442546,5405.504836,1589.019027,6900.018534000001,2107.325425,11438.33193,4777.760803,745.7027539,13337.29637,5856.225524,10893.173190000001,4892.460575,3823.071369,12145.25931
Cyprus,Nicosia,North,East,5809.577843,7309.116542,1486.434561,5984.7495850000005,1421.8827390000001,8271.671294,5093.733042,1751.5892989999998,6423.8194060000005,8008.055270000001,561.2563154000001,4539.466353,2136.475573,5782.002294,5809.577843
Czech Republic,Prague,North,East,6919.8831390000005,6543.201481,195.3102579,4912.576129,1316.716415,7316.092586,6193.192198,888.7777768,5500.322491,9459.116375,997.4287297000001,5615.044697,784.3676487,5929.78558,6919.8831390000005
Democratic Republic of the Congo,Kinshasa,South,East,7333.531772,6443.617071,3616.7164549999998,6024.566229999999,4290.624211,7746.553994,6720.5995299999995,3224.55554,6032.807654,7705.799718000001,2918.307461,6289.179747,3922.44348,3436.021442,7333.531772
Denmark,Copenhagen,North,East,7083.182967,6577.621265,503.3433966,4848.347592,1365.5487890000002,7280.410025,6357.022542000001,1115.420174,5488.84764,9769.383098,1371.93215,5775.38342,731.9401851,6195.975155,7083.182967
Djibouti,Djibouti,North,East,5584.9583840000005,7735.297672,3055.1684219999997,6854.818902,3072.9611579999996,8902.248232,4945.827852,3025.049685,7086.606259,6711.577578,2095.318275,4492.640358,3611.9491390000003,5217.976915,5584.9583840000005
Dominica,Roseau,North,West,11059.24783,2085.499923,4579.764833,2232.309212,6057.2235630000005,3373.051921,10363.508440000001,3905.4293549999998,1798.872625,12083.81185,4875.625658,9832.832161,4169.811971,2808.587997,11059.24783
Dominica Republic,Santo Domingo,North,West,11487.2721,1612.4422730000001,4886.808196,1904.989689,6376.817129,2870.0003699999997,10786.56445,4229.632888,1337.705457,12581.6325,5251.812676,10249.55334,4429.438768999999,3188.468904,11487.2721
East Timor,Dili,South,East,3133.467594,12398.19637,7328.965676999999,11578.488959999999,6511.743856,13614.42949,3147.0821140000003,7546.389405,11810.82995,2261.9973649999997,6398.138385,3338.144212,7986.367317,9253.612281,3133.467594
Ecuador,Quito,South,West,12156.840329999999,1751.0571739999998,5933.981684,3153.5051320000002,7390.888545000001,3211.279169,11479.5843,5248.210075999999,2362.2333280000003,12748.097670000001,6138.247458,10969.949120000001,5559.62504,2481.1009649999996,12156.840329999999
Egypt,Cairo,North,East,5937.549254,7150.115523,1644.840016,5923.588067000001,1787.8071710000002,8160.910325,5230.96362,1765.939261,6313.214457,7899.797320000001,669.8243057,4690.69353,2251.730749,5458.498004,5937.549254
El Salvador,San Salvador,North,West,12584.00603,676.9608850999999,5997.025337,2334.848141,7489.05705,2135.79459,11886.80531,5344.497713000001,1427.505367,13520.241469999999,6368.217014,11353.67249,5522.746265999999,3544.8454899999997,12584.00603
Equatorial Guinea,Malabo,North,East,7498.167189,5974.628068999999,3088.192207,5430.336096,3918.549546,7234.947499,6853.331776000001,2640.5762210000003,5485.810867,8206.446926,2492.603474,6386.229104999999,3338.5891890000003,3356.671986,7498.167189
Eritrea,Asmara,North,East,5698.238423,7520.781444,2708.77619,6572.56989,2778.712564,8659.07919,5038.790224,2685.836782,6833.594754000001,7021.173487999999,1750.880118,4560.723013000001,3266.569667,5178.781122,5698.238423
Estonia,Tallinn,North,East,6494.667894,7290.647701999999,1039.512225,5544.152061,749.304823,7983.700543000001,5771.79885,1731.2987100000003,6198.6519880000005,9441.214208,1494.198241,5188.569733,1444.9771460000002,6764.4582040000005,6494.667894
Ethiopia,Addis Ababa,North,East,5825.236731,7541.375715000001,3071.432443,6713.587097,3204.202646,8726.251177,5190.225418,2984.3067579999997,6919.135525,6832.509437000001,2133.215973,4740.553289,3598.175808,4969.84163,5825.236731
Falkland Islands (Malvinas),Stanley,South,West,12423.73319,5329.457106,7889.179068,6743.3555989999995,9073.301085,6711.636248000001,11858.06983,7234.205290000001,6030.34979,11568.71919,7630.026309999999,11463.981590000001,7798.3463329999995,2158.787984,12423.73319
Faroe Islands,Torshavn,North,West,8187.797761,5854.177553,1379.194026,3937.1902240000004,2440.35413,6396.476433,7462.933948999999,1503.119137,4676.691194,10863.21512,2353.171997,6880.144615,818.7859128,6193.664747999999,8187.797761
Fiji,Suva,South,East,4266.501242,15362.690519999998,10184.68476,14538.553280000002,9217.023731000001,16585.51985,4753.4847469999995,10455.03202,14781.67356,1837.884441,9285.134856,5224.740735,10852.225559999999,12096.891790000001,4266.501242
Finland,Helsinki,North,East,6482.014653,7342.902147,1107.2607699999999,5585.00046,746.7650967000001,8027.166633,5760.047999,1798.184727,6245.868187,9463.102949,1559.687466,5176.841428,1497.6725609999999,6834.621887,6482.014653
France,Paris,North,East,7556.722473000001,5888.888745,512.7500361000001,4251.2845259999995,1978.1957579999998,6651.180372999999,6830.559026999999,490.59273449999995,4836.118307,9924.52168,1383.900092,6254.959901,232.4547227,5514.953898,7556.722473000001
French Guiana,Cayenne,North,West,10685.02287,2741.576648,4578.143679,3069.35322,5999.129117,4124.749140999999,10006.64479,3885.031692,2648.489039,11425.18777,4700.482095,9496.741814,4279.24404,1990.9740940000002,10685.02287
French Polynesia,Papeete,South,West,16194.96728,3723.229467,9877.268828,5915.615446,11360.90057,3929.336881,15523.29693,9209.112527,4997.791857,16447.5366,10164.91296,15018.01335,9426.790475,5807.520737,16194.96728
Gabon,Libreville,North,East,7527.334088,6059.219306,3306.8370449999998,5585.808509,4106.000009,7341.773566,6893.160223999999,2864.934178,5611.485265,8100.149353,2689.927916,6437.883997999999,3563.0369560000004,3278.514477,7527.334088
Gambia,Banjul,North,West,8659.382349,4533.858587,2849.4828039999998,3921.7133369999997,4132.709309000001,5742.179159,7976.572295999999,2188.617644,3971.8746539999997,9712.587106,2747.334768,7463.420684999999,2775.030179,2893.4332010000003,8659.382349
Georgia,T'bilisi,North,East,5210.317620000001,7989.188837999999,1856.103859,6561.834163,1043.181871,8900.183337999999,4486.216107,2311.2196480000002,7057.317445000001,7806.525428,1179.0990630000001,3916.968587,2527.087975,6528.559336,5210.317620000001
Germany,Berlin,North,East,6996.0687849999995,6545.682422999999,301.17456519999996,4872.216869,1333.68983,7288.952903,6269.358107,965.7531077,5482.642461,9596.458151,1158.608736,5689.498045,729.0707867000001,6034.938596,6996.0687849999995
Ghana,Accra,North,West,7910.031781999999,5491.377936,3020.1376579999996,4967.161993,4015.2602880000004,6749.666377,7253.524372,2489.739004,5004.0680729999995,8691.383115999999,2568.023923,6772.2352359999995,3174.690047,3056.577938,7910.031781999999
Greece,Athens,North,East,6345.328465,6810.8918650000005,975.5308696000001,5434.583731000001,1447.5926359999999,7740.653077,5626.014846,1191.790232,5894.536993,8541.551997,0.0,5065.428159,1597.4372369999999,5536.760728,6345.328465
Greenland,Nuuk,North,West,10611.36846,4049.1301200000003,3608.140013,1842.7938190000002,4879.659070000001,4199.728075999999,9884.985370999999,3315.820222,2764.022882,12962.07155,4475.782655,9303.74004,2935.683131,6020.279909000001,10611.36846
Guadeloupe,Basse-Terre,North,West,11063.16747,2068.056848,4562.162173,2176.802567,6041.860657,3342.017855,10366.33598,3889.942665,1752.197759,12109.86415,4868.820355,9834.320355,4145.8428109999995,2864.1207,11063.16747
Guatemala,Guatemala,North,West,12636.49891,587.1720558,6026.13806,2290.133363,7519.207642,2044.2354940000002,11938.036,5377.277959,1372.571263,13596.3332,6409.687943999999,11403.34737,5544.585621,3636.8784990000004,12636.49891
Guernsey,St. Peter Port,North,West,7808.532828,5676.172084000001,763.4076124,4007.311108,2208.22701,6415.114632,7082.280617,596.0285823,4606.514064,10157.79516,1622.451358,6506.326102,191.0321233,5456.189543,7808.532828
Guinea,Conakry,North,West,8557.421282,4724.0560270000005,3009.90998,4210.893433,4224.914289,5969.064555,7884.183361,2374.209041,4223.054725,9472.905399,2807.227857,7382.486195999999,2994.14757,2750.001134,8557.421282
Guinea-Bissau,Bissau,North,West,8631.915434999999,4598.488394,2930.383421,4036.714374,4186.680439,5824.948179,7953.216611,2278.886042,4066.4760149999997,9621.954306,2786.420927,7444.9963769999995,2879.300483,2812.7568109999997,8631.915434999999
Guyana,Georgetown,North,West,10984.347520000001,2402.986421,4768.416086,2854.689418,6211.255037,3793.25171,10301.9847,4078.2096549999997,2364.884148,11763.96078,4943.629178,9787.253936,4431.023988,2187.307618,10984.347520000001
Haiti,Port-au-Prince,North,West,11628.299420000001,1469.776931,5013.579143,1878.931278,6504.839848,2735.906801,10927.20055,4359.457308,1250.914654,12720.20132,5388.092942,10389.64219,4548.731818,3261.4519179999998,11628.299420000001
Heard Island and McDonald Islands,,South,East,7091.526671,10683.84981,7766.405804999999,10624.71147,7745.992415000001,12093.37998,6859.084748,7602.594126999999,10517.54405,4417.483517000001,6832.093526000001,6788.912017000001,8258.268396,6725.951523999999,7091.526671
Honduras,Tegucigalpa,North,West,12472.35214,743.4403262999999,5881.003253,2260.1304579999996,7373.022858,2188.1059760000003,11774.637359999999,5228.507109,1367.567736,13427.38483,6253.207328,11240.92197,5407.272235,3502.482297,12472.35214
Hungary,Budapest,North,East,6633.310595,6735.868911,412.0573183,5167.728171,1146.897866,7551.497706,5907.045601,1007.5541900000001,5724.574890999999,9134.012281,711.9441677,5331.207495000001,1080.0104019999999,5916.371169,6633.310595
Iceland,Reykjavik,North,West,9018.393459,5245.729781,2118.677261,3215.6147339999998,3271.92983,5670.837692,8293.256423,2033.6180739999998,4018.7276770000003,11605.731759999999,3064.8591530000003,7710.615495,1467.43064,6118.429833,9018.393459
India,New Delhi,North,East,3450.654954,9642.938962,3830.1835979999996,8420.785316,2865.1176,10674.39927,2765.282337,4190.2541009999995,8826.80147,5899.440122999999,2998.497325,2268.4190350000003,4502.711561,7460.785766,3450.654954
Indonesia,Jakarta,South,East,3406.2489689999998,11355.183490000001,6387.855745000001,10554.00055,5678.433253,12574.16717,3189.364766,6566.579415,10773.739459999999,3108.0826399999996,5439.401129999999,3194.294807,7035.269184999999,8248.577302,3406.2489689999998
Iran (Islamic Republic of),Tehran,North,East,4823.938424,8287.941294,2339.062511,6961.793767,1576.846874,9257.380845,4107.9469070000005,2713.733005,7409.591644,7254.599739,1527.219054,3554.869761,3011.220363,6543.354447,4823.938424
Iraq,Baghdad,North,East,5208.9215189999995,7889.006181000001,2062.594838,6599.6995289999995,1581.4518779999999,8874.877798,4497.070649,2368.695886,7026.576483,7449.209244,1177.31534,3950.115184,2726.503241,6148.0132539999995,5208.9215189999995
Ireland,Dublin,North,West,8052.048537000001,5591.3584630000005,1029.328577,3827.483511,2380.1236949999998,6261.276638,7325.311381999999,933.5597391000001,4477.958742,10484.38373,1943.4083030000002,6746.474883,356.68401439999997,5627.79411,8052.048537000001
Israel,Jerusalem,North,West,9545.281423999999,3599.434447,2789.4841969999998,2405.821572,4281.513384000001,4542.3145159999995,8831.816724,2141.753037,2694.912581,11133.556990000001,3222.927642,8278.673099,2345.355354,3794.4499520000004,9545.281423999999
Italy,Rome,North,East,6965.601489,6274.19585,457.0470028,4804.9314030000005,1671.3395990000001,7145.651673,6242.692758,552.6489257999999,5306.023586,9198.202937,668.2934621,5675.147349,955.5483159,5380.124554,6965.601489
Jamaica,Kingston,North,West,11864.67244,1236.7348630000001,5239.568929999999,1898.1793,6731.907690999999,2533.832026,11163.596440000001,4588.574071999999,1169.020544,12937.85528,5622.544845,10625.97286,4766.776959000001,3358.5533990000004,11864.67244
Jordan,Amman,North,East,5692.566275,7399.643094,1736.5991589999999,6141.197590999999,1650.746742,8397.039775,4983.271943,1942.89163,6548.81373,7764.589258,778.1763545,4439.407064,2374.122032,5708.8240479999995,5692.566275
Kazakhstan,Astana,North,East,3880.61924,9560.663155,3267.102191,8028.405934,1877.813221,10415.53814,3160.551383,3833.4999350000003,8584.557448,7308.24655,2773.651643,2577.824213,3895.751307,8071.032012999999,3880.61924
Kenya,Nairobi,South,East,6180.346418,7534.91925,3663.960524,6913.678379999999,3907.0687740000003,8790.313581999999,5586.393433,3483.2750100000003,7025.59752,6658.2143240000005,2766.641737,5180.772477,4137.111253,4600.32871,6180.346418
Kiribati,Tarawa,North,East,2990.508478,14907.911269999999,9387.433715000001,13910.36832,8295.565408,16061.465069999998,3552.421372,9728.863183,14230.742730000002,2702.681166,8540.020009,4072.293973,10060.10946,11920.51007,2990.508478
Kuwait,Kuwait,North,East,5023.416206,8061.8380019999995,2375.74315,6838.891234000001,1895.7345649999997,9082.619422,4321.587607,2637.70766,7235.012454000001,7124.236809,1456.604159,3790.2893289999997,3033.1204789999997,6144.692295000001,5023.416206
Kyrgyzstan,Bishkek,North,East,3590.7094039999997,9612.246538,3454.923558,8194.183735999999,2213.372445,10537.7157,2864.2084760000002,3947.8315340000004,8694.390495,6734.816341,2805.552598,2288.3231960000003,4113.513721,7851.399409000001,3590.7094039999997
Lao People's Democratic Republic,Vientiane,North,East,2391.346166,10997.008109999999,5383.461936,9900.933336,4404.992247,12094.991109999999,1897.1596719999998,5708.611747999999,10254.15468,4442.3361509999995,4520.457073,1695.2975219999998,6054.909622,8419.69441,2391.346166
Latvia,Riga,North,East,6472.043995,7201.9902170000005,894.9542101,5493.861259,728.3641535,7923.971011,5747.233569,1588.211167,6127.493309,9332.163290999999,1307.988135,5164.406897999999,1364.93856,6597.559388000001,6472.043995
Lebanon,Beirut,North,East,5698.895203,7405.095953,1641.637932,6110.127458,1516.575796,8383.906777,4985.800754999999,1888.973336,6535.637629,7853.243675,704.7795702000001,4436.084209000001,2289.322359,5790.279213000001,5698.895203
Lesotho,Maseru,South,East,7593.314645,7666.3933400000005,5403.681902,7622.330738,5865.19518,9065.387063,7098.205614,5058.955186,7486.213067000001,6773.221113,4611.209003,6786.074472,5754.399488,3871.908003,7593.314645
Liberia,Monrovia,North,West,8445.515078,4921.882151,3135.580026,4471.5756710000005,4286.567266,6190.504688,7780.916701,2525.612876,4461.88455,9250.158785,2850.6491899999996,7289.3907739999995,3168.910077,2686.376102,8445.515078
Libyan Arab Jamahiriya,Tripoli,North,East,6914.772142,6192.752789,1082.9101970000002,4922.293096,2065.735959,7170.3339829999995,6202.201371,855.1669016000001,5322.026168,8823.504815999999,667.2113207,5651.930437,1486.082874,4903.2126020000005,6914.772142
Liechtenstein,Vaduz,North,East,7159.903820999999,6223.942604,143.9134426,4635.730107,1636.292428,7022.024377,6433.987915,553.2819864,5198.041698,9551.222115999999,1013.20065,5859.275842,590.2475222999999,5615.4072049999995,7159.903820999999
Lithuania,Vilnius,North,East,6381.32622,7207.311548999999,858.8296926,5535.511181,668.0283534,7955.920989,5655.533874000001,1543.745159,6150.070693,9188.192856,1163.0421119999999,5073.410437,1393.769299,6509.395014,6381.32622
Luxembourg,Luxembourg,North,East,7353.301012000001,6109.005213,311.5371204,4466.625124,1757.5976829999997,6870.228313,6626.8399899999995,590.7555175,5056.408292,9786.273947,1249.505852,6050.068661,362.27417189999994,5666.329272999999,7353.301012000001
"Macao, China",Macau,North,East,1716.190162,11598.79006,5836.8936810000005,10437.722520000001,4741.884947,12668.855379999999,1271.99524,6211.672477,10823.662690000001,4382.874879,5019.915252000001,1213.048509,6509.4665939999995,9090.721071,1716.190162
Madagascar,Antananarivo,South,East,6278.612532,8407.647395999998,4998.065779,8034.0243359999995,5134.877977,9740.462397,5792.3189170000005,4814.541306,8045.533417000001,5770.586311,4086.0307759999996,5497.214207,5473.171039,4949.359533,6278.612532
Macedonia (Former Yugoslav Republic),Skopje,North,East,6478.833172,6757.498969,676.9383042000001,5292.399399,1277.412783,7636.477163,5755.248185,1043.1915470000001,5796.577308,8817.914736,328.4249736,5186.502307,1330.417707,5695.718277,6478.833172
Malawi,Lilongwe,South,East,6734.573219,7592.692181,4451.272000999999,7232.343625,4796.706343,8922.746591,6191.082724,4186.82161,7230.051023,6572.644286,3600.823936,5835.36941,4867.263959000001,4230.005325,6734.573219
Malaysia,Kuala Lumpur,North,East,3068.928163,11003.59076,5806.321073,10095.953520000001,5028.173734,12181.12622,2730.0790469999997,6028.111825,10362.38216,3728.282398,4875.754316,2642.3362829999996,6463.396977,8094.8209099999995,3068.928163
Maldives,Male,North,East,4232.042909000001,9470.203092,4541.4747640000005,8616.912129,4056.0359869999997,10660.57581,3704.907552,4661.605406000001,8850.136162,4993.271829,3573.22227,3392.438244,5168.107666,6623.744776,4232.042909000001
Mali,Bamako,North,West,8196.882292,5020.9912,2681.951549,4362.123431,3854.6379909999996,6226.553578,7519.185576999999,2073.51755,4447.955027,9236.115201999999,2428.945164,7012.748339,2723.343591,3114.2076620000003,8196.882292
Malta,Valletta,North,East,6843.570818000001,6293.991857999999,882.0853969000001,4955.334973,1862.746013,7237.9602079999995,6126.791376,776.0769877,5390.435165999999,8877.445397,519.0409865,5570.070452,1343.98315,5110.293248,6843.570818000001
Martinique,Fort-de-France,North,West,11054.897809999999,2105.8178589999998,4598.445471,2290.8205559999997,6073.390999,3406.8345649999997,10360.32802,3922.013097,1848.833219,12056.1542,4882.9431,9831.078529,4195.211198,2750.117363,11054.897809999999
Mauritania,Nouakchott,South,East,5918.633204,8959.651355,5329.363083,8550.964745000001,5325.538173,10287.01341,5474.259811999999,5202.1271289999995,8582.306818000001,5214.773216,4387.895334000001,5223.264429999999,5841.001563000001,5489.087439,5918.633204
Mayotte,Mamoudzou,South,East,6137.648868,8173.237394,4566.5359229999995,7709.938836,4706.428754,9480.713915,5615.725004999999,4395.54185,7758.429956999999,5976.527345,3651.34155,5286.023115999999,5048.921376,4875.137591,6137.648868
Mexico,Mexico,North,West,13085.252,0.0,6364.498871,2223.440536,7858.834811,1463.565709,12380.98084,5737.41412,1285.687064,14148.988130000002,6810.8918650000005,11838.94405,5845.682904,4215.212132,13085.252
Micronesia (Federated States of),Palikir,North,East,2245.8412789999998,14064.770359999999,8493.984776000001,13033.03282,7401.322537999999,15201.5942,2731.8139690000003,8841.408195,13366.90726,2813.5125980000003,7651.548372,3223.8999670000003,9166.709976,11170.39371,2245.8412789999998
"Moldova, Republic of",Chisinau,North,East,6119.024082,7226.57035,927.0586619,5683.189832,756.1956711,8061.830301000001,5392.5826130000005,1489.1791210000001,6231.431197999999,8720.188184999999,707.1040118,4816.080790999999,1587.33338,6212.508261,6119.024082
Mozambique,Maputo,South,East,7225.591794,7812.505815,5211.20449,7665.231267,5597.811159000001,9192.754383,6728.520487999999,4905.3986159999995,7574.034675,6516.547514,4384.807009,6416.445594,5595.328795,4125.869209,7225.591794
Myanmar,Yangon,North,East,2718.220634,10665.06812,5111.554738,9590.450749,4191.205018,11771.23443,2192.868628,5414.767338000001,9932.207198,4590.928893,4230.758189,1932.092443,5780.996612,8079.717167,2718.220634
Namibia,Windhoek,South,East,7800.576078,6959.222498,4872.937601,6891.015865,5481.54067,8348.760446,7257.041068,4472.3725939999995,6756.787309,7368.680409999999,4150.000435,6896.02522,5170.8796170000005,3287.693074,7800.576078
Nepal,Kathmandu,North,East,3026.718844,10078.86833,4265.638582,8865.955506999999,3249.362247,11117.15535,2355.376258,4634.3537590000005,9269.812054,5558.04879,3442.706352,1887.3136379999999,4938.377635,7823.082644,3026.718844
Netherlands,Amsterdam / The Hague (seat of Government),North,East,7464.868875,6100.454387,476.857991,4398.587044,1805.1512579999999,6820.142453,6738.124602,759.0711687,5020.216004,9971.222179999999,1445.327934,6159.095349,257.7032749,5802.288098,7464.868875
Netherlands Antilles,Willemstad,North,West,11508.37538,1715.9122920000002,5055.514252,2335.760321,6533.414895,3087.4549,10815.66088,4381.6112570000005,1716.9744600000001,12433.94548,5346.833016,10288.41253,4640.021522,2794.261741,11508.37538
New Caledonia,Noumea,South,East,4248.594665,14769.31906,9741.654016,14007.242369999998,8846.208988,16012.861369999999,4643.929118999999,9977.087983,14221.121169999999,1153.502306,8821.704305,5061.531068,10403.68846,11437.17598,4248.594665
New Zealand,Wellington,South,East,5633.175948,15503.5678,10817.74758,14901.591980000001,10022.90373,16800.398240000002,6014.854576,10995.367040000001,15046.355969999999,1363.195659,9872.18615,6413.627205,11467.58087,11946.09641,5633.175948
Nicaragua,Managua,North,West,12438.64363,859.5398252999998,5890.701753,2379.237695,7380.360389,2315.723217,11743.37938,5232.235594,1499.869351,13344.372379999999,6241.000579,11212.64346,5429.452757999999,3367.8019689999996,12438.64363
Niger,Niamey,North,East,7669.900708,5538.470967,2461.536935,4786.576102,3490.448945,6723.054039,6993.974709,1940.2892960000001,4927.160741,8769.142214,2044.233168,6490.493189,2630.733781,3511.5280909999997,7669.900708
Nigeria,Abuja,North,East,7455.2043,5852.586799000001,2707.220472,5177.672047999999,3597.034241,7069.2678049999995,6793.105493999999,2249.106833,5289.456754,8396.028256,2156.816829,6306.356951,2946.992593,3530.2657229999995,7455.2043
Norfolk Island,Kingston,South,East,5797.288226,15266.50619,10714.18402,14717.643119999999,9971.443673,16578.33784,6135.64721,10866.17705,14838.471109999999,1221.509511,9759.708768999999,6505.33351,11357.04128,11653.65848,5797.288226
North Korea,Pyongyang,North,East,818.0765882000001,12328.86427,6240.433449,10976.41656,4932.966251,13301.83066,139.2035301,6724.770867,11455.00145,5229.235973,5561.440052,497.87276210000005,6896.2761,10144.60384,818.0765882000001
Northern Mariana Islands,Saipan,North,East,1452.963885,13352.668029999999,7653.561904000001,12245.71135,6522.902965,14453.88304,1846.401364,8027.678790999999,12612.214259999999,3395.1624450000004,6835.908576000001,2320.202494,8325.943453,10625.053090000001,1452.963885
Norway,Oslo,North,East,7244.041584999999,6597.650799,789.7038605,4795.701101,1495.737142,7243.423025,6519.505523,1332.1008980000001,5475.721879,10030.82783,1674.107286,5936.572968,804.9982622,6398.772343,7244.041584999999
Oman,Masqat,North,East,4518.977732,8602.129443,3073.272148,7470.3035,2493.1134620000003,9670.478657,3842.7696020000003,3310.356218,7826.988265999999,6426.505251,2142.998677,3349.5912949999997,3728.3864689999996,6397.50781,4518.977732
Pakistan,Islamabad,North,East,3637.034033,9453.034885,3509.5923270000003,8160.205178,2474.85735,10447.26027,2928.095499,3911.8221009999997,8598.987912,6303.435514,2725.64684,2391.214242,4181.826383,7442.963226999999,3637.034033
Palau,Koror,North,East,1987.5222059999999,12765.06223,7266.605487000001,11754.369270000001,6248.756302000001,13907.177130000002,2119.7012019999997,7585.0342980000005,12074.79192,2982.1404399999997,6399.464010000001,2438.932033,7938.141203,9904.747463,1987.5222059999999
Panama,Panama,North,West,12092.88453,1292.276501,5646.981447,2526.502387,7127.614268,2742.1813859999997,11402.51574,4975.698692,1730.656268,12926.126629999999,5944.589602,10877.76905,5219.4575509999995,2954.429408,12092.88453
Papua New Guinea,Port Moresby,South,East,3125.3521379999997,13579.59639,8387.231570999998,12725.76568,7467.7082230000005,14786.938999999998,3401.3902,8645.018022,12977.45247,1714.945089,7479.00417,3763.1685060000004,9052.503681999999,10426.036059999999,3125.3521379999997
Paraguay,Asuncion,South,West,11542.323999999999,3814.7368049999995,6299.400476,4972.487104,7589.327721,5265.786059,10920.39342,5620.623829,4321.64976,11400.71695,6176.454321,10470.855090000001,6132.240272999999,786.1573609000001,11542.323999999999
Peru,Lima,South,West,12278.06759,2467.9092760000003,6372.683958,3968.26819,7787.271570999999,3894.4010329999996,11620.36148,5679.504605,3182.4327129999997,12551.3107,6464.508904,11132.267829999999,6063.442516,1994.627206,12278.06759
Philippines,Manila,North,East,1786.8626550000001,12022.02305,6411.903478,10945.14542,5374.2823659999995,13132.68213,1609.060942,6750.101756,11293.49439,3716.6966899999998,5560.67032,1755.028646,7084.276047,9326.043045,1786.8626550000001
Poland,Warsaw,North,East,6576.973454999999,6939.959522,583.3806667,5292.530215999999,921.6337616000001,7704.178945000001,5850.361181,1267.358097,5892.391824,9260.500138,1012.895054,5269.89858,1150.5573630000001,6251.798635,6576.973454999999
Portugal,Lisbon,North,West,8123.950193000001,5089.808385,1313.294218,3661.9932350000004,2795.165071,5966.667892,7404.1561409999995,648.5692576,4123.443749,10074.42094,1778.72057,6841.824291,1020.472164,4622.586205,8123.950193000001
Puerto Rico,San Juan,North,West,11296.294670000001,1804.554884,4713.806552,1948.4891079999998,6201.888604,3049.241972,10595.99547,4052.786435,1462.857094,12397.19606,5066.4853,10059.5769,4266.579657,3104.986211,11296.294670000001
Qatar,Doha,North,East,4875.621043,8224.822891,2689.1522410000002,7070.658298,2226.057917,9279.955293,4188.0969780000005,2909.6570460000003,7435.121573,6805.326209000001,1747.712618,3677.5775200000003,3338.673622,6134.375157,4875.621043
Republic of Korea,Seoul,North,East,726.745582,12380.98084,6318.972954,11047.48495,5025.9412219999995,13364.69711,0.0,6794.252898999999,11517.21381,5093.35796,5626.014846,583.2324219,6977.307506,10153.1711,726.745582
Romania,Bucuresti,North,East,6228.097396,7051.390931999999,836.5549451,5551.8307350000005,986.0993251,7912.450468000001,5502.835655,1321.603461,6076.26716,8702.45026,483.59206449999994,4930.228611,1509.274895,5982.617879,6228.097396
Russia,Moskva,North,East,5749.743872,7858.834811,1494.716181,6203.539526,0.0,8622.587109999999,5025.9412219999995,2151.918173,6813.557769,8753.948266,1447.5926359999999,4442.798842,2061.4484820000002,6968.657073,5749.743872
Rawanda,Kigali,South,East,6513.830422,7195.487505,3576.338175,6618.734812,3955.9459479999996,8461.330203,5911.23424,3333.238509,6706.867128,6980.748457,2726.503796,5494.430616,4005.9448340000004,4259.36754,6513.830422
Saint Kitts and Nevis,Basseterre,North,West,11107.24255,2007.0755760000002,4571.183042000001,2082.270791,6054.514397999999,3262.232207,10408.76094,3903.037312,1657.232974,12184.78749,4896.4857409999995,9874.689192,4143.172911,2958.708336,11107.24255
Saint Lucia,Castries,North,West,11034.24099,2133.346115,4589.741822999999,2321.200604,6063.181335,3438.241905,10340.20699,3912.16684,1882.391,12026.59842,4868.039496,9811.618727,4190.556206,2719.7029420000003,11034.24099
Saint Pierre and Miquelon,Saint-Pierre,North,West,10714.8909,3007.4862789999997,3698.2371829999997,1064.033843,5141.022163000001,3498.172979,9991.020008,3201.80265,1775.2840239999998,12604.34984,4388.056714,9420.745061,3080.035109,4838.472634000001,10714.8909
Saint Vincent and the Greenadines,Kingstown,North,West,11071.12692,2117.06208,4646.847376,2371.097915,6118.297415,3438.464975,10378.2834,3967.896605,1909.7776190000002,12036.65288,4916.258105,9851.113472,4252.102079,2670.5958739999996,11071.12692
Samoa,Apia,South,West,17324.38411,4551.6387079999995,10863.3671,6633.8042909999995,12355.86825,4384.18449,16644.224140000002,10210.78072,5766.344212,17675.93608,11213.13288,16129.270069999999,10375.94198,7036.837073000001,17324.38411
San Marino,San Marino,North,East,6974.48217,6310.2282350000005,319.140498,4799.588335,1595.2713130000002,7157.563022,6250.167791,572.8266047999999,5322.403631,9276.916417,735.5111731000001,5679.650011,863.1896710000001,5495.616877,6974.48217
Sao Tome and Principe,Sao Tome,North,East,7679.013022,5908.606143,3326.8505649999997,5462.504092,4176.531213,7196.72261,7042.687526999999,2858.312032,5473.458872,8247.264812000001,2748.941917,6584.609885,3554.375332,3137.3660370000002,7679.013022
Saudi Arabia,Riyadh,North,East,5149.412878,7953.520420999999,2509.898174,6817.767072,2198.267665,9015.008447,4462.04885,2685.1426460000002,7171.242635,6993.351547,1548.3356509999999,3950.6104689999997,3145.73118,5881.210329,5149.412878
Senegal,Dakar,North,West,8694.515338,4479.395878,2814.939579,3840.358843,4116.622918,5677.172157,8009.3175599999995,2147.690819,3900.782268,9783.014654,2742.591325,7493.253290000001,2722.2987350000003,2933.06831,8694.515338
Sierra Leone,Freetown,North,West,8555.175097,4751.677095,3063.156526,4265.721955,4265.326793,6005.661264,7884.311277,2431.987121,4266.733515,9435.031017,2842.830439,7385.383353,3056.2776519999998,2705.653928,8555.175097
Slovakia,Bratislava,North,East,6747.510414,6648.953818,299.7667061,5061.324439999999,1217.903049,7451.260557,6021.084807,936.0593312999999,5627.508364,9253.71086,805.3749422999999,5444.554674,961.4360640000001,5901.285218,6747.510414
Slovenia,Ljubljana,North,East,6879.710698999999,6464.243825,208.66488080000002,4908.681415999999,1414.692547,7285.447633,6154.033587,737.3979486000001,5456.411672,9287.480529999999,767.6279331000001,5580.099681000001,866.7208941,5700.065109,6879.710698999999
Solomon Islands,Honiara,South,East,3285.461386,14255.55891,8995.586269,13379.62927,8026.39775,15456.384240000001,3684.617728,9274.192427,13643.226490000001,1756.714063,8100.740779000001,4115.419576,9663.872613,11105.73336,3285.461386
Somalia,Mogadishu,North,East,5653.351398,7970.15812,3675.1264439999995,7246.938722,3711.8175979999996,9196.07393,5060.591642,3593.359089,7409.203384,6293.142679,2726.869311,4659.693291,4208.082285,5125.0347409999995,5653.351398
South Africa,Pretoria (administrative) / Cape Town (legislative) / Bloemfontein (judicial),South,East,7407.288549,7598.50293,5156.713371,7484.112658,5604.115564,8983.854273,6899.2943829999995,4824.0368579999995,7376.785793999999,6745.838470000001,4355.817524,6575.494888,5517.8996799999995,3896.346639,7407.288549
Spain,Madrid,North,West,7819.620505,5420.702243,984.7989516000001,3954.379329,2462.2224969999997,6282.117102,7098.169379999999,316.7736503,4442.023961,9872.403926,1480.791019,6533.068547,788.7473852,4867.835698,7819.620505
Sudan,Khartoum,North,East,6024.821508,7182.187211,2533.278396,6249.808169,2783.082017,8323.269023,5360.036338,2440.001916,6499.755916,7323.40305,1611.471096,4874.162878,3052.361385,4894.597015,6024.821508
Suriname,Paramaribo,North,West,10835.34057,2581.6889530000003,4680.9407,2977.711931,6112.175462,3970.588513,10155.38803,3988.7808609999997,2521.333962,11587.453609999999,4826.843405,9643.554852,4364.339637,2065.679109,10835.34057
Swaziland,Mbabane (administrative),South,East,7305.609719,7765.966473,5237.219345,7639.226751,5642.930552000001,9150.014898000001,6807.809294,4921.9399490000005,7538.874298000001,6581.613769,4418.966408,6494.5725090000005,5613.425372,4059.233603,7305.609719
Sweden,Stockholm,North,East,6835.886355,6965.4458939999995,840.4798442,5197.250774,1086.1429460000002,7640.034601,6112.028674,1503.346409,5861.369457,9701.36456,1520.955875,5528.906607,1125.672413,6577.588157,6835.886355
Switzerland,Bern,North,East,7266.357867000001,6107.655201,258.5672781,4524.212450999999,1752.428395,6907.624089,6540.694834000001,453.42408889999996,5082.748138,9621.005369,1079.457978,5966.725534,519.0484637,5529.126736,7266.357867000001
Syrian Arab Republic,Damascus,North,East,5651.84829,7450.08623,1688.9561469999999,6159.3457149999995,1529.684488,8431.490815000001,4939.228021,1939.032452,6583.195225,7805.5836340000005,754.6925338,4390.323618,2337.942252,5814.922835,5651.84829
Tajikistan,Dushanbe,North,East,3890.1816200000003,9244.587888,3179.624742,7880.674317,2069.878192,10199.18843,3168.673708,3626.677352,8352.682379,6724.741201000001,2458.636684,2606.871507,3848.237275,7417.389743000001,3890.1816200000003
Thailand,Bangkok,North,East,2639.858405,10894.46673,5403.220327,9853.859942000001,4495.759578,12016.64593,2181.014183,5694.182572,10180.8894,4288.053365,4513.761544,1999.2268179999999,6071.491062,8225.412151,2639.858405
Togo,Lome,North,East,7830.239748999999,5550.587444,2956.284052,4996.438808,3936.444217,6800.804215000001,7172.515025,2436.275736,5047.91581,8642.18816,2489.636667,6690.001598,3124.375528,3142.133264,7830.239748999999
Tonga,Nuku'alofa,South,West,17567.72242,4945.3644859999995,11202.50152,7071.107776000001,12691.09541,4873.3607,16895.05048,10541.09085,6185.640438,17778.31474,11516.532809999999,16388.2415,10733.272359999999,7144.409672,17567.72242
Tunisia,Tunis,North,East,7073.110304000001,6081.175102,807.160439,4719.165454,1980.3434530000002,7009.948678,6355.139765999999,549.3528617000001,5163.187887,9106.520305,732.7093683999999,5796.335708,1165.7847769999998,5026.626254,7073.110304000001
Turkey,Ankara,North,East,5854.362249,7323.680995999999,1288.161151,5916.970404,1126.75407,8241.393981000001,5132.585459000001,1662.950453,6396.995306,8225.602013,514.4316727,4567.836208,1956.5563379999999,5972.752883,5854.362249
Turkmenistan,Ashgabat,North,East,4488.245655,8648.201198,2603.024475,7284.02837,1630.997989,9599.274005,3767.7008200000005,3030.060007,7752.742123999999,7125.393054000001,1858.809922,3206.803939,3274.660037,6919.238214,4488.245655
Tuvalu,Funafuti,South,East,3721.920681,15307.864609999999,9941.406325,14392.1533,8902.567411,16495.77388,4261.064793,10251.00003,14676.353519999999,2330.091761,9068.69365,4764.466467,10612.779359999999,12177.68217,3721.920681
Uganda,Kampala,North,East,6352.026956000001,7293.2373,3495.969768,6667.727509,3822.208406,8544.891932999999,5745.464452,3283.89048,6778.799738,6904.98198,2623.9932059999996,5325.133877,3947.281776,4418.435536,6352.026956000001
Ukraine,Kiev (Russia),North,East,6056.209007,7382.890611,1031.840473,5788.892242,524.6776219999999,8186.342068000001,5329.522555,1653.359066,6364.271004,8793.543373999999,953.4060461000001,4749.510579,1657.6323710000001,6449.854166,6056.209007
United Arab Emirates,Abu Dhabi,North,East,4730.337681,8378.607233,2851.436459,7236.213596,2339.672718,9440.416213,4047.6035380000003,3077.394819,7596.262186,6644.012629,1913.8652260000001,3544.3367689999995,3503.0811439999998,6235.222111,4730.337681
England,London,North,West,7703.968961,5845.682904,672.7454291,4143.169369,2061.4484820000002,6562.775490999999,6977.307506,698.5270459,4762.576734,10138.65589,1597.4372369999999,6399.345926,0.0,5639.574982,7703.968961
United Republic of Tanzania,Dodoma,South,East,6377.3864969999995,7550.674540000001,3961.694574,7029.276865999999,4246.837248,8836.51689,5803.242115999999,3745.697597,7096.991741,6604.961339,3082.850809,5417.721240999999,4411.941679,4446.955049,6377.3864969999995
United States,Washington DC,North,West,11833.78191,1869.600659,4870.776436,393.7513086,6335.992081,2286.644968,11113.64006,4324.97978,585.3087828,13461.12519,5488.563128,10549.84124,4276.178945000001,4712.161285,11833.78191
United States of Virgin Islands,Charlotte Amalie,North,West,11214.83719,1887.120748,4641.939767,1976.6393640000001,6128.9409590000005,3128.0825600000003,10514.79421,3979.061514,1523.817501,12316.912620000001,4988.277293,9978.731871,4199.78415,3068.24611,11214.83719
Uruguay,Montevideo,South,West,11734.26513,4386.211284,6795.153662000001,5621.329047,8034.986908,5820.662567,11133.81897,6127.452466,4955.9301159999995,11319.75547,6603.845289,10706.041009999999,6668.340596999999,1067.104609,11734.26513
Uzbekistan,Tashkent,North,East,3870.8144740000002,9308.331593,3176.889203,7904.552329000001,1992.9817269999999,10240.654629999999,3145.51278,3654.4015159999994,8396.304708,6850.530992,2504.431063,2574.178894,3840.1219939999996,7559.38737,3870.8144740000002
Vanuatu,Port-Vila,South,East,3981.493991,14806.67095,9670.368673,13995.4638,8733.070085,16032.917580000001,4408.5921880000005,9927.882584,14231.41608,1460.850935,8762.74973,4847.532505,10336.006809999999,11541.49245,3981.493991
Venezuela,Caracas,North,West,11393.90381,1880.3364809999998,5001.499562,2478.228765,6472.067202,3263.545939,10704.023220000001,4322.067839,1888.620258,12274.09993,5262.688568,10180.216620000001,4605.444286,2623.070951,11393.90381
Viet Nam,Hanoi,North,East,2120.312606,11171.889290000001,5458.081917,10029.33087,4413.586245,12249.09177,1604.19479,5813.7604280000005,10404.96042,4537.511058,4622.313376,1403.83947,6130.777024,8665.589156999999,2120.312606
Yugoslavia,Belgrade,North,East,6541.060663,6752.614778,541.6807085,5238.778420000001,1195.987059,7602.3773599999995,5815.896323,1016.625942,5767.790159,8959.69718,506.41047010000005,5243.453829,1211.248992,5802.622695,6541.060663
Zambia,Lusaka,South,East,7029.923361,7344.414131999999,4468.636382,7047.350434,4906.097072,8687.964851,6480.5559969999995,4159.76116,7014.913711,6839.882331,3656.356506,6117.207457,4849.277754,3930.0407159999995,7029.923361
Zimbabwe,Harare,South,East,6971.967411,7540.740264,4647.169338000001,7261.17589,5040.582966,8890.077135,6437.679698,4353.54547,7223.461270999999,6659.694071,3818.068439,6089.9784,5040.555999,4068.383553,6971.967411
