COU,Country,Year,Life Expectancy at Birth,Population
AUS,Australia,1964,70.7,11121600
AUS,Australia,1965,71,11340900
AUS,Australia,1966,70.8,11599498
AUS,Australia,1967,71.2,11799078
AUS,Australia,1968,70.9,12008635
AUS,Australia,1969,71.1,12263014
AUS,Australia,1970,70.8,12507349
AUS,Australia,1971,71.6,13067265
AUS,Australia,1972,72,13303664
AUS,Australia,1973,72.1,13504538
AUS,Australia,1974,71.9,13722571
AUS,Australia,1975,72.7,13892995
AUS,Australia,1976,72.8,14033083
AUS,Australia,1977,73.4,14192234
AUS,Australia,1978,73.7,14359255
AUS,Australia,1979,74.3,14515729
AUS,Australia,1980,74.6,14695356
AUS,Australia,1981,74.9,14923260
AUS,Australia,1982,74.7,15184247
AUS,Australia,1983,75.5,15393472
AUS,Australia,1984,75.8,15579391
AUS,Australia,1985,75.6,15788312
AUS,Australia,1986,76.1,16018350
AUS,Australia,1987,76.3,16263874
AUS,Australia,1988,76.3,16532164
AUS,Australia,1989,76.5,16814416
AUS,Australia,1990,77,17065128
AUS,Australia,1991,77.4,17284036
AUS,Australia,1992,77.5,17478635
AUS,Australia,1993,78,17634808
AUS,Australia,1994,78,17805468
AUS,Australia,1995,77.9,18004882
AUS,Australia,1996,78.2,18224767
AUS,Australia,1997,78.5,18423037
AUS,Australia,1998,78.7,18607584
AUS,Australia,1999,79,18812264
AUS,Australia,2000,79.3,19028802
AUS,Australia,2001,79.7,19274701
AUS,Australia,2002,80,19495210
AUS,Australia,2003,80.3,19720737
AUS,Australia,2004,80.6,19932722
AUS,Australia,2005,80.9,20176844
AUS,Australia,2006,81.1,20450966
AUS,Australia,2007,81.4,20827622
AUS,Australia,2008,81.5,21249199
AUS,Australia,2009,81.6,21691653
AUS,Australia,2010,81.8,22031750
AUS,Australia,2011,82,22340024
AUS,Australia,2012,82.1,22733465
AUS,Australia,2013,82.2,23128129
AUS,Australia,2014,82.4,23475686
AUS,Australia,2015,82.5,23815995
AUS,Australia,2016,82.5,24190907
AUS,Australia,2017,82.6,24601860
AUS,Australia,2018,82.8,24992860
AUT,Austria,1964,70,7223801
AUT,Austria,1965,69.8,7270889
AUT,Austria,1966,70.2,7322066
AUT,Austria,1967,70,7376998
AUT,Austria,1968,70.2,7415403
AUT,Austria,1969,69.9,7441055
AUT,Austria,1970,70,7467086
AUT,Austria,1971,70.2,7500482
AUT,Austria,1972,70.6,7544201
AUT,Austria,1973,71.1,7586115
AUT,Austria,1974,71.1,7599038
AUT,Austria,1975,71.2,7578903
AUT,Austria,1976,71.7,7565525
AUT,Austria,1977,72,7568430
AUT,Austria,1978,72.1,7562305
AUT,Austria,1979,72.4,7549425
AUT,Austria,1980,72.6,7549433
AUT,Austria,1981,72.9,7568710
AUT,Austria,1982,73.1,7574140
AUT,Austria,1983,73.1,7561910
AUT,Austria,1984,73.7,7561434
AUT,Austria,1985,73.9,7564984
AUT,Austria,1986,74.4,7569794
AUT,Austria,1987,74.9,7574586
AUT,Austria,1988,75.3,7585317
AUT,Austria,1989,75.4,7619566
AUT,Austria,1990,75.7,7677850
AUT,Austria,1991,75.7,7754891
AUT,Austria,1992,75.9,7840709
AUT,Austria,1993,76.2,7905632
AUT,Austria,1994,76.5,7936118
AUT,Austria,1995,76.8,7948278
AUT,Austria,1996,77,7959016
AUT,Austria,1997,77.4,7968041
AUT,Austria,1998,77.8,7976789
AUT,Austria,1999,78,7992323
AUT,Austria,2000,78.2,8011566
AUT,Austria,2001,78.7,8042293
AUT,Austria,2002,78.8,8082121
AUT,Austria,2003,78.7,8118245
AUT,Austria,2004,79.3,8169441
AUT,Austria,2005,79.4,8225278
AUT,Austria,2006,80,8267948
AUT,Austria,2007,80.3,8295189
AUT,Austria,2008,80.5,8321541
AUT,Austria,2009,80.4,8341483
AUT,Austria,2010,80.7,8361069
AUT,Austria,2011,81.1,8388534
AUT,Austria,2012,81,8426311
AUT,Austria,2013,81.2,8477230
AUT,Austria,2014,81.6,8543932
AUT,Austria,2015,81.3,8629519
AUT,Austria,2016,81.7,8739806
AUT,Austria,2017,81.7,8795073
AUT,Austria,2018,81.8,8837707
BEL,Belgium,1964,70.9,9378114
BEL,Belgium,1965,70.7,9463668
BEL,Belgium,1966,70.8,9527808
BEL,Belgium,1967,71.1,9580991
BEL,Belgium,1968,70.8,9618756
BEL,Belgium,1969,70.9,9646033
BEL,Belgium,1970,71.1,9655550
BEL,Belgium,1971,71.2,9673162
BEL,Belgium,1972,71.5,9711115
BEL,Belgium,1973,71.7,9741721
BEL,Belgium,1974,72.1,9772420
BEL,Belgium,1975,72.1,9800700
BEL,Belgium,1976,72.2,9818228
BEL,Belgium,1977,72.9,9830358
BEL,Belgium,1978,72.8,9839534
BEL,Belgium,1979,73.3,9848382
BEL,Belgium,1980,73.3,9859243
BEL,Belgium,1981,73.7,9858982
BEL,Belgium,1982,74,9856303
BEL,Belgium,1983,74,9855521
BEL,Belgium,1984,74.5,9855372
BEL,Belgium,1985,74.6,9858309
BEL,Belgium,1986,74.8,9861824
BEL,Belgium,1987,75.5,9870234
BEL,Belgium,1988,75.7,9901665
BEL,Belgium,1989,75.7,9937697
BEL,Belgium,1990,76.1,9967378
BEL,Belgium,1991,76.3,10004486
BEL,Belgium,1992,76.5,10045165
BEL,Belgium,1993,76.5,10084479
BEL,Belgium,1994,76.8,10115601
BEL,Belgium,1995,77,10136814
BEL,Belgium,1996,77.3,10156641
BEL,Belgium,1997,77.5,10181246
BEL,Belgium,1998,77.6,10203012
BEL,Belgium,1999,77.7,10226419
BEL,Belgium,2000,77.8,10251247
BEL,Belgium,2001,78.1,10286571
BEL,Belgium,2002,78.2,10332783
BEL,Belgium,2003,78.2,10376130
BEL,Belgium,2004,79,10421133
BEL,Belgium,2005,79.1,10478617
BEL,Belgium,2006,79.5,10547956
BEL,Belgium,2007,79.9,10625701
BEL,Belgium,2008,79.8,10709976
BEL,Belgium,2009,80.1,10796498
BEL,Belgium,2010,80.3,10895589
BEL,Belgium,2011,80.7,10993616
BEL,Belgium,2012,80.5,11067748
BEL,Belgium,2013,80.7,11125033
BEL,Belgium,2014,81.4,11179778
BEL,Belgium,2015,81.1,11238474
BEL,Belgium,2016,81.5,11295003
BEL,Belgium,2017,81.6,11349081
BEL,Belgium,2018,81.7,11403740
CAN,Canada,1964,72,19719595
CAN,Canada,1965,72,20084314
CAN,Canada,1966,72,20420867
CAN,Canada,1967,72,20795138
CAN,Canada,1968,72,21129417
CAN,Canada,1969,72,21439830
CAN,Canada,1970,72,21746497
CAN,Canada,1971,72.9,21962032
CAN,Canada,1972,73,22218463
CAN,Canada,1973,73,22491777
CAN,Canada,1974,73,22807969
CAN,Canada,1975,73,23143275
CAN,Canada,1976,73.9,23449808
CAN,Canada,1977,73.9,23725843
CAN,Canada,1978,73.9,23963203
CAN,Canada,1979,75.1,24201544
CAN,Canada,1980,75.3,24515667
CAN,Canada,1981,75.5,24819915
CAN,Canada,1982,75.6,25116942
CAN,Canada,1983,75.9,25366451
CAN,Canada,1984,76.2,25607053
CAN,Canada,1985,76.3,25842116
CAN,Canada,1986,76.5,26100278
CAN,Canada,1987,76.6,26446601
CAN,Canada,1988,76.8,26791747
CAN,Canada,1989,77,27276781
CAN,Canada,1990,77.2,27691138
CAN,Canada,1991,77.5,28037420
CAN,Canada,1992,77.7,28371264
CAN,Canada,1993,77.8,28684764
CAN,Canada,1994,77.9,29000663
CAN,Canada,1995,77.9,29302311
CAN,Canada,1996,78.1,29610218
CAN,Canada,1997,78.3,29905948
CAN,Canada,1998,78.5,30155173
CAN,Canada,1999,78.7,30401286
CAN,Canada,2000,79,30685730
CAN,Canada,2001,79.2,31020902
CAN,Canada,2002,79.4,31360079
CAN,Canada,2003,79.6,31644028
CAN,Canada,2004,79.8,31940655
CAN,Canada,2005,80,32243753
CAN,Canada,2006,80.3,32571174
CAN,Canada,2007,80.4,32889025
CAN,Canada,2008,80.6,33247118
CAN,Canada,2009,80.8,33628895
CAN,Canada,2010,81.1,34004889
CAN,Canada,2011,81.3,34339328
CAN,Canada,2012,81.5,34714222
CAN,Canada,2013,81.7,35082954
CAN,Canada,2014,81.8,35437435
CAN,Canada,2015,81.9,35702908
CAN,Canada,2016,82,36109487
CAN,Canada,2017,82,36540268
CAN,Canada,2018,82,37058856
CZE,Czech Republic,1964,70.7,9730019
CZE,Czech Republic,1965,70.4,9785102
CZE,Czech Republic,1966,70.6,9826188
CZE,Czech Republic,1967,70.5,9854241
CZE,Czech Republic,1968,70.1,9877632
CZE,Czech Republic,1969,69.6,9896695
CZE,Czech Republic,1970,69.6,9805157
CZE,Czech Republic,1971,69.8,9830602
CZE,Czech Republic,1972,70.3,9868379
CZE,Czech Republic,1973,70.2,9919519
CZE,Czech Republic,1974,70.2,9994761
CZE,Czech Republic,1975,70.6,10062366
CZE,Czech Republic,1976,70.7,10128220
CZE,Czech Republic,1977,70.8,10189312
CZE,Czech Republic,1978,70.9,10245686
CZE,Czech Republic,1979,70.9,10296489
CZE,Czech Republic,1980,70.5,10326792
CZE,Czech Republic,1981,70.8,10303208
CZE,Czech Republic,1982,70.9,10314321
CZE,Czech Republic,1983,70.8,10322823
CZE,Czech Republic,1984,71,10330481
CZE,Czech Republic,1985,71.2,10336742
CZE,Czech Republic,1986,71.1,10340737
CZE,Czech Republic,1987,71.6,10348834
CZE,Czech Republic,1988,71.8,10356359
CZE,Czech Republic,1989,71.9,10362257
CZE,Czech Republic,1990,71.6,10362740
CZE,Czech Republic,1991,72,10308682
CZE,Czech Republic,1992,72.5,10317807
CZE,Czech Republic,1993,72.9,10330607
CZE,Czech Republic,1994,73.2,10336162
CZE,Czech Republic,1995,73.3,10330759
CZE,Czech Republic,1996,74,10315353
CZE,Czech Republic,1997,74.1,10303642
CZE,Czech Republic,1998,74.7,10294943
CZE,Czech Republic,1999,74.9,10282784
CZE,Czech Republic,2000,75.1,10272503
CZE,Czech Republic,2001,75.3,10224192
CZE,Czech Republic,2002,75.4,10200774
CZE,Czech Republic,2003,75.3,10201651
CZE,Czech Republic,2004,75.8,10206923
CZE,Czech Republic,2005,76.1,10234092
CZE,Czech Republic,2006,76.7,10266646
CZE,Czech Republic,2007,77,10322689
CZE,Czech Republic,2008,77.3,10429692
CZE,Czech Republic,2009,77.4,10491492
CZE,Czech Republic,2010,77.7,10517247
CZE,Czech Republic,2011,78,10496672
CZE,Czech Republic,2012,78.2,10509286
CZE,Czech Republic,2013,78.3,10510719
CZE,Czech Republic,2014,78.9,10524783
CZE,Czech Republic,2015,78.7,10542942
CZE,Czech Republic,2016,79.1,10565284
CZE,Czech Republic,2017,79.1,10589526
CZE,Czech Republic,2018,79.1,10626430
DNK,Denmark,1964,72.6,4722074
DNK,Denmark,1965,72.6,4759011
DNK,Denmark,1966,72.6,4797381
DNK,Denmark,1967,72.6,4835358
DNK,Denmark,1968,73,4864879
DNK,Denmark,1969,73.2,4891860
DNK,Denmark,1970,73.3,4928748
DNK,Denmark,1971,73.3,4963126
DNK,Denmark,1972,73.4,4991596
DNK,Denmark,1973,73.6,5021862
DNK,Denmark,1974,74,5045298
DNK,Denmark,1975,74.2,5059862
DNK,Denmark,1976,73.9,5072597
DNK,Denmark,1977,74.9,5088420
DNK,Denmark,1978,74.6,5104248
DNK,Denmark,1979,74.4,5116802
DNK,Denmark,1980,74.3,5123027
DNK,Denmark,1981,74.4,5121572
DNK,Denmark,1982,74.7,5117810
DNK,Denmark,1983,74.6,5114297
DNK,Denmark,1984,74.8,5111619
DNK,Denmark,1985,74.6,5113691
DNK,Denmark,1986,74.8,5120534
DNK,Denmark,1987,74.9,5127024
DNK,Denmark,1988,75,5129517
DNK,Denmark,1989,75,5132594
DNK,Denmark,1990,74.9,5140939
DNK,Denmark,1991,75.3,5154298
DNK,Denmark,1992,75.3,5171370
DNK,Denmark,1993,75.2,5189377
DNK,Denmark,1994,75.5,5204994
DNK,Denmark,1995,75.3,5227861
DNK,Denmark,1996,75.7,5261503
DNK,Denmark,1997,76.1,5284220
DNK,Denmark,1998,76.5,5301304
DNK,Denmark,1999,76.6,5319111
DNK,Denmark,2000,76.9,5337344
DNK,Denmark,2001,77,5355082
DNK,Denmark,2002,77.1,5374255
DNK,Denmark,2003,77.4,5387174
DNK,Denmark,2004,77.8,5401177
DNK,Denmark,2005,78.3,5415978
DNK,Denmark,2006,78.4,5434567
DNK,Denmark,2007,78.4,5457415
DNK,Denmark,2008,78.8,5489022
DNK,Denmark,2009,79,5519441
DNK,Denmark,2010,79.3,5543819
DNK,Denmark,2011,79.9,5566856
DNK,Denmark,2012,80.1,5587085
DNK,Denmark,2013,80.4,5608784
DNK,Denmark,2014,80.8,5639719
DNK,Denmark,2015,80.8,5678348
DNK,Denmark,2016,80.9,5724456
DNK,Denmark,2017,81.2,5760694
DNK,Denmark,2018,81,5789957
FIN,Finland,1964,69.8,4548545
FIN,Finland,1965,69.8,4563732
FIN,Finland,1966,69.8,4580868
FIN,Finland,1967,69.8,4605743
FIN,Finland,1968,69.8,4626471
FIN,Finland,1969,69.8,4623785
FIN,Finland,1970,70.8,4606304
FIN,Finland,1971,70.1,4612124
FIN,Finland,1972,70.7,4639656
FIN,Finland,1973,71.2,4666079
FIN,Finland,1974,71.2,4690575
FIN,Finland,1975,71.7,4711440
FIN,Finland,1976,72,4725665
FIN,Finland,1977,72.4,4738900
FIN,Finland,1978,73,4752527
FIN,Finland,1979,73.2,4764691
FIN,Finland,1980,73.6,4779537
FIN,Finland,1981,73.9,4799962
FIN,Finland,1982,74.6,4826931
FIN,Finland,1983,74.4,4855786
FIN,Finland,1984,74.8,4881806
FIN,Finland,1985,74.5,4902202
FIN,Finland,1986,74.8,4918150
FIN,Finland,1987,74.8,4932123
FIN,Finland,1988,74.8,4946487
FIN,Finland,1989,75,4964370
FIN,Finland,1990,75,4986433
FIN,Finland,1991,75.5,5013737
FIN,Finland,1992,75.7,5041990
FIN,Finland,1993,75.8,5066452
FIN,Finland,1994,76.6,5088324
FIN,Finland,1995,76.6,5107787
FIN,Finland,1996,76.9,5124573
FIN,Finland,1997,77.1,5139839
FIN,Finland,1998,77.3,5153499
FIN,Finland,1999,77.5,5165470
FIN,Finland,2000,77.7,5176203
FIN,Finland,2001,78.2,5188005
FIN,Finland,2002,78.3,5200598
FIN,Finland,2003,78.5,5213010
FIN,Finland,2004,79,5228173
FIN,Finland,2005,79.1,5246100
FIN,Finland,2006,79.5,5266266
FIN,Finland,2007,79.6,5288719
FIN,Finland,2008,79.9,5313398
FIN,Finland,2009,80.1,5338867
FIN,Finland,2010,80.2,5363341
FIN,Finland,2011,80.6,5388272
FIN,Finland,2012,80.7,5413967
FIN,Finland,2013,81.1,5438975
FIN,Finland,2014,81.3,5461507
FIN,Finland,2015,81.6,5479528
FIN,Finland,2016,81.5,5495297
FIN,Finland,2017,81.7,5508209
FIN,Finland,2018,81.8,5515525
FRA,France,1964,71.4,48310410
FRA,France,1965,71.3,48757799
FRA,France,1966,71.5,49163665
FRA,France,1967,71.5,49548302
FRA,France,1968,71.5,49915403
FRA,France,1969,71.3,50317983
FRA,France,1970,72.2,50772222
FRA,France,1971,72.1,51251098
FRA,France,1972,72.4,51700913
FRA,France,1973,72.5,52118300
FRA,France,1974,72.8,52460358
FRA,France,1975,73,52699171
FRA,France,1976,73.2,52908675
FRA,France,1977,73.8,53145280
FRA,France,1978,73.9,53376322
FRA,France,1979,74.2,53606226
FRA,France,1980,74.3,53880012
FRA,France,1981,74.5,54181806
FRA,France,1982,74.8,54492495
FRA,France,1983,74.8,54772418
FRA,France,1984,75.3,55026074
FRA,France,1985,75.4,55284271
FRA,France,1986,75.7,55546504
FRA,France,1987,76.3,55823956
FRA,France,1988,76.6,56117974
FRA,France,1989,76.7,56423411
FRA,France,1990,77,56708826
FRA,France,1991,77.2,58425681
FRA,France,1992,77.5,58711615
FRA,France,1993,77.6,58961049
FRA,France,1994,78,59175335
FRA,France,1995,78.1,59383991
FRA,France,1996,78.3,59589289
FRA,France,1997,78.6,59795263
FRA,France,1998,78.8,60011008
FRA,France,1999,78.9,60315406
FRA,France,2000,79.2,60724780
FRA,France,2001,79.3,61163237
FRA,France,2002,79.4,61604550
FRA,France,2003,79.3,62037544
FRA,France,2004,80.3,62490800
FRA,France,2005,80.4,62958328
FRA,France,2006,81,63393406
FRA,France,2007,81.2,63781275
FRA,France,2008,81.4,64133174
FRA,France,2009,81.5,64458715
FRA,France,2010,81.8,64773169
FRA,France,2011,82.3,65087317
FRA,France,2012,82.1,65402998
FRA,France,2013,82.3,65735961
FRA,France,2014,82.8,66276671
FRA,France,2015,82.4,66512558
FRA,France,2016,82.7,66685530
FRA,France,2017,82.7,66829563
FRA,France,2018,82.8,66941698
DEU,Germany,1964,70.6,75318338
DEU,Germany,1965,70.5,75963697
DEU,Germany,1966,70.6,76600311
DEU,Germany,1967,70.9,76951342
DEU,Germany,1968,70.5,77294310
DEU,Germany,1969,70.3,77909681
DEU,Germany,1970,70.6,78169285
DEU,Germany,1971,70.8,78312838
DEU,Germany,1972,71,78688450
DEU,Germany,1973,71.3,78936672
DEU,Germany,1974,71.5,78967429
DEU,Germany,1975,71.4,78673555
DEU,Germany,1976,71.8,78336948
DEU,Germany,1977,72.5,78159813
DEU,Germany,1978,72.4,78091821
DEU,Germany,1979,72.8,78126353
DEU,Germany,1980,72.9,78288576
DEU,Germany,1981,73.2,78407904
DEU,Germany,1982,73.5,78333354
DEU,Germany,1983,73.8,78128284
DEU,Germany,1984,74.3,77858682
DEU,Germany,1985,74.9,77684878
DEU,Germany,1986,75.1,77720438
DEU,Germany,1987,75.6,77839920
DEU,Germany,1988,75.8,78144617
DEU,Germany,1989,75.9,78751284
DEU,Germany,1990,77.2,79433034
DEU,Germany,1991,75.5,80013901
DEU,Germany,1992,76,80624601
DEU,Germany,1993,76.1,81156368
DEU,Germany,1994,76.4,81438346
DEU,Germany,1995,76.6,81678046
DEU,Germany,1996,76.9,81914834
DEU,Germany,1997,77.3,82034775
DEU,Germany,1998,77.7,82047197
DEU,Germany,1999,77.9,82100243
DEU,Germany,2000,78.2,82211501
DEU,Germany,2001,78.5,82349926
DEU,Germany,2002,78.5,82488493
DEU,Germany,2003,78.6,82534175
DEU,Germany,2004,79.2,82516268
DEU,Germany,2005,79.4,82469421
DEU,Germany,2006,79.8,82376447
DEU,Germany,2007,80.1,82266373
DEU,Germany,2008,80.2,82110097
DEU,Germany,2009,80.3,81902308
DEU,Germany,2010,80.5,81776936
DEU,Germany,2011,80.5,80274981
DEU,Germany,2012,80.6,80425826
DEU,Germany,2013,80.6,80645605
DEU,Germany,2014,81.2,80982495
DEU,Germany,2015,80.7,81686608
DEU,Germany,2016,81.1,82348669
DEU,Germany,2017,81.1,82656997
DEU,Germany,2018,81,82914191
GRC,Greece,1964,71.9,8510429
GRC,Greece,1965,72.4,8550333
GRC,Greece,1966,72.6,8613651
GRC,Greece,1967,72.3,8716441
GRC,Greece,1968,72.4,8740765
GRC,Greece,1969,73,8772764
GRC,Greece,1970,73.8,8792806
GRC,Greece,1971,74.2,8831036
GRC,Greece,1972,73.8,8888628
GRC,Greece,1973,74.1,8929086
GRC,Greece,1974,74.6,8962023
GRC,Greece,1975,74.5,9046542
GRC,Greece,1976,74.5,9167190
GRC,Greece,1977,74.7,9308479
GRC,Greece,1978,75.2,9429959
GRC,Greece,1979,75.5,9548258
GRC,Greece,1980,75.3,9642505
GRC,Greece,1981,75.7,9729350
GRC,Greece,1982,75.9,9789513
GRC,Greece,1983,75.7,9846627
GRC,Greece,1984,76.2,9895801
GRC,Greece,1985,76,9934294
GRC,Greece,1986,76.5,9967264
GRC,Greece,1987,76.3,10000644
GRC,Greece,1988,76.8,10037037
GRC,Greece,1989,77,10089550
GRC,Greece,1990,77.1,10196801
GRC,Greece,1991,77.3,10319928
GRC,Greece,1992,77.2,10399058
GRC,Greece,1993,77.6,10460409
GRC,Greece,1994,77.8,10512924
GRC,Greece,1995,77.8,10562160
GRC,Greece,1996,78,10608801
GRC,Greece,1997,78.4,10661264
GRC,Greece,1998,78.4,10720507
GRC,Greece,1999,78.5,10761698
GRC,Greece,2000,78.6,10805806
GRC,Greece,2001,79.1,10862129
GRC,Greece,2002,79.2,10902022
GRC,Greece,2003,79.3,10928072
GRC,Greece,2004,79.4,10955142
GRC,Greece,2005,79.7,10987316
GRC,Greece,2006,79.9,11020366
GRC,Greece,2007,79.7,11048466
GRC,Greece,2008,80.3,11077839
GRC,Greece,2009,80.4,11107017
GRC,Greece,2010,80.7,11121344
GRC,Greece,2011,80.8,11104900
GRC,Greece,2012,80.7,11045010
GRC,Greece,2013,81.4,10965209
GRC,Greece,2014,81.5,10892415
GRC,Greece,2015,81.1,10820883
GRC,Greece,2016,81.5,10775971
GRC,Greece,2017,81.4,10754679
GRC,Greece,2018,81.9,10725886
HUN,Hungary,1964,69.5,10119834
HUN,Hungary,1965,69.1,10147932
HUN,Hungary,1966,69.9,10178653
HUN,Hungary,1967,69.5,10216607
HUN,Hungary,1968,69.3,10255807
HUN,Hungary,1969,69.4,10298722
HUN,Hungary,1970,69.2,10337912
HUN,Hungary,1971,69.1,10367535
HUN,Hungary,1972,69.8,10398491
HUN,Hungary,1973,69.6,10432053
HUN,Hungary,1974,69.3,10478720
HUN,Hungary,1975,69.4,10540523
HUN,Hungary,1976,69.7,10598674
HUN,Hungary,1977,70,10648028
HUN,Hungary,1978,69.5,10684829
HUN,Hungary,1979,69.7,10704148
HUN,Hungary,1980,69.2,10711126
HUN,Hungary,1981,69.3,10711853
HUN,Hungary,1982,69.5,10705537
HUN,Hungary,1983,69.1,10689467
HUN,Hungary,1984,69.2,10668092
HUN,Hungary,1985,69.2,10648715
HUN,Hungary,1986,69.3,10630565
HUN,Hungary,1987,69.8,10612743
HUN,Hungary,1988,70.2,10596489
HUN,Hungary,1989,69.6,10481717
HUN,Hungary,1990,69.5,10373987
HUN,Hungary,1991,69.6,10373398
HUN,Hungary,1992,69.4,10369339
HUN,Hungary,1993,69.4,10357518
HUN,Hungary,1994,69.8,10343359
HUN,Hungary,1995,70.1,10328967
HUN,Hungary,1996,70.7,10311235
HUN,Hungary,1997,71.1,10290475
HUN,Hungary,1998,71.1,10266571
HUN,Hungary,1999,71.2,10237527
HUN,Hungary,2000,71.9,10210965
HUN,Hungary,2001,72.5,10187578
HUN,Hungary,2002,72.5,10158610
HUN,Hungary,2003,72.6,10129554
HUN,Hungary,2004,73,10107140
HUN,Hungary,2005,73,10087064
HUN,Hungary,2006,73.5,10071374
HUN,Hungary,2007,73.6,10055778
HUN,Hungary,2008,74.2,10038186
HUN,Hungary,2009,74.4,10022647
HUN,Hungary,2010,74.7,10000020
HUN,Hungary,2011,75,9958824
HUN,Hungary,2012,75.2,9920364
HUN,Hungary,2013,75.7,9893083
HUN,Hungary,2014,75.9,9866466
HUN,Hungary,2015,75.7,9843025
HUN,Hungary,2016,76.2,9814026
HUN,Hungary,2017,75.9,9787969
HUN,Hungary,2018,76.2,9767600
ISL,Iceland,1964,73.6,188983
ISL,Iceland,1965,73.9,192285
ISL,Iceland,1966,73.4,195568
ISL,Iceland,1967,73.9,198757
ISL,Iceland,1968,74.1,201487
ISL,Iceland,1969,73.8,203370
ISL,Iceland,1970,74,204438
ISL,Iceland,1971,73.7,206099
ISL,Iceland,1972,74.5,209137
ISL,Iceland,1973,74.6,212316
ISL,Iceland,1974,74.6,215206
ISL,Iceland,1975,75.7,217974
ISL,Iceland,1976,77.1,220151
ISL,Iceland,1977,76.5,221801
ISL,Iceland,1978,76.7,223537
ISL,Iceland,1979,76.7,225734
ISL,Iceland,1980,77,228133
ISL,Iceland,1981,76.6,230757
ISL,Iceland,1982,77.1,233855
ISL,Iceland,1983,77,236976
ISL,Iceland,1984,77.7,239506
ISL,Iceland,1985,77.7,241409
ISL,Iceland,1986,78.1,243187
ISL,Iceland,1987,77.4,245864
ISL,Iceland,1988,77.2,249734
ISL,Iceland,1989,78.2,252851
ISL,Iceland,1990,78.1,254820
ISL,Iceland,1991,78.1,257795
ISL,Iceland,1992,78.8,261053
ISL,Iceland,1993,79,263730
ISL,Iceland,1994,79.3,266021
ISL,Iceland,1995,78.1,267467
ISL,Iceland,1996,78.9,268918
ISL,Iceland,1997,79,271130
ISL,Iceland,1998,79.7,274049
ISL,Iceland,1999,79.4,277384
ISL,Iceland,2000,79.7,281200
ISL,Iceland,2001,80.8,284970
ISL,Iceland,2002,80.6,287516
ISL,Iceland,2003,81,289522
ISL,Iceland,2004,81.1,292077
ISL,Iceland,2005,81.6,296734
ISL,Iceland,2006,81.2,303784
ISL,Iceland,2007,81.5,311567
ISL,Iceland,2008,81.7,317404
ISL,Iceland,2009,81.8,318501
ISL,Iceland,2010,82,318044
ISL,Iceland,2011,82.4,319011
ISL,Iceland,2012,83,320723
ISL,Iceland,2013,82.1,323763
ISL,Iceland,2014,82.9,327379
ISL,Iceland,2015,82.5,330818
ISL,Iceland,2016,82.3,335435
ISL,Iceland,2017,82.7,343399
ISL,Iceland,2018,82.9,352722
IRL,Ireland,1964,71,2863800
IRL,Ireland,1965,71,2875800
IRL,Ireland,1966,71,2884000
IRL,Ireland,1967,71,2899700
IRL,Ireland,1968,71,2912200
IRL,Ireland,1969,71,2925200
IRL,Ireland,1970,71.2,2949900
IRL,Ireland,1971,71.2,2978200
IRL,Ireland,1972,71.2,3024400
IRL,Ireland,1973,71.2,3073000
IRL,Ireland,1974,71.2,3123900
IRL,Ireland,1975,71.2,3177200
IRL,Ireland,1976,71.2,3227800
IRL,Ireland,1977,71.2,3271900
IRL,Ireland,1978,71.5,3314000
IRL,Ireland,1979,72.3,3368200
IRL,Ireland,1980,72.9,3401000
IRL,Ireland,1981,72.9,3443400
IRL,Ireland,1982,72.9,3480000
IRL,Ireland,1983,73,3504000
IRL,Ireland,1984,73,3529000
IRL,Ireland,1985,73.4,3540000
IRL,Ireland,1986,73.6,3540600
IRL,Ireland,1987,74.5,3546500
IRL,Ireland,1988,74.5,3530700
IRL,Ireland,1989,74.5,3509500
IRL,Ireland,1990,74.9,3505800
IRL,Ireland,1991,75.1,3525700
IRL,Ireland,1992,75.5,3554500
IRL,Ireland,1993,75.3,3574100
IRL,Ireland,1994,75.9,3585900
IRL,Ireland,1995,75.6,3601300
IRL,Ireland,1996,75.9,3626087
IRL,Ireland,1997,76.1,3664313
IRL,Ireland,1998,76.3,3703082
IRL,Ireland,1999,76.2,3741647
IRL,Ireland,2000,76.6,3789536
IRL,Ireland,2001,77.2,3847198
IRL,Ireland,2002,77.7,3917203
IRL,Ireland,2003,78.2,3979853
IRL,Ireland,2004,78.6,4045188
IRL,Ireland,2005,79,4133839
IRL,Ireland,2006,79.3,4232929
IRL,Ireland,2007,79.7,4375842
IRL,Ireland,2008,80.2,4485070
IRL,Ireland,2009,80.3,4533395
IRL,Ireland,2010,80.8,4554763
IRL,Ireland,2011,80.8,4574888
IRL,Ireland,2012,80.9,4593697
IRL,Ireland,2013,81,4614669
IRL,Ireland,2014,81.4,4645440
IRL,Ireland,2015,81.5,4687787
IRL,Ireland,2016,81.7,4739597
IRL,Ireland,2017,82.2,4792490
IRL,Ireland,2018,82.3,4857015
ITA,Italy,1964,71,51675294
ITA,Italy,1965,71,52112336
ITA,Italy,1966,71,52518925
ITA,Italy,1967,71,52900443
ITA,Italy,1968,71,53235691
ITA,Italy,1969,72,53537796
ITA,Italy,1970,72,53821798
ITA,Italy,1971,72,54073525
ITA,Italy,1972,72,54381345
ITA,Italy,1973,72,54751405
ITA,Italy,1974,72.6,55110870
ITA,Italy,1975,72.7,55440999
ITA,Italy,1976,72.8,55718266
ITA,Italy,1977,73.4,55955407
ITA,Italy,1978,73.8,56155142
ITA,Italy,1979,74.1,56317750
ITA,Italy,1980,74,56433876
ITA,Italy,1981,74.3,56501674
ITA,Italy,1982,74.7,56543539
ITA,Italy,1983,74.8,56564076
ITA,Italy,1984,75,56576719
ITA,Italy,1985,75.6,56593070
ITA,Italy,1986,75.9,56596157
ITA,Italy,1987,76.3,56601936
ITA,Italy,1988,76.5,56629290
ITA,Italy,1989,76.9,56671778
ITA,Italy,1990,77.1,56719239
ITA,Italy,1991,77.1,56758522
ITA,Italy,1992,77.5,56797078
ITA,Italy,1993,77.8,56831823
ITA,Italy,1994,78,56843400
ITA,Italy,1995,78.3,56844301
ITA,Italy,1996,78.6,56860279
ITA,Italy,1997,78.9,56890371
ITA,Italy,1998,79.1,56906744
ITA,Italy,1999,79.5,56916316
ITA,Italy,2000,79.9,56942108
ITA,Italy,2001,80.2,56974097
ITA,Italy,2002,80.3,57059013
ITA,Italy,2003,80.1,57313200
ITA,Italy,2004,80.9,57685327
ITA,Italy,2005,80.9,57969482
ITA,Italy,2006,81.4,58143980
ITA,Italy,2007,81.5,58438309
ITA,Italy,2008,81.6,58826733
ITA,Italy,2009,81.7,59095367
ITA,Italy,2010,82.1,59277414
ITA,Italy,2011,82.3,59379446
ITA,Italy,2012,82.3,59539725
ITA,Italy,2013,82.8,60233944
ITA,Italy,2014,83.2,60789144
ITA,Italy,2015,82.6,60730585
ITA,Italy,2016,83.3,60627494
ITA,Italy,2017,83,60536713
ITA,Italy,2018,83.4,60421797
JPN,Japan,1964,70.3,98110000
JPN,Japan,1965,70.3,99209137
JPN,Japan,1966,71,99978000
JPN,Japan,1967,71.5,101145000
JPN,Japan,1968,71.7,102287000
JPN,Japan,1969,71.9,103491000
JPN,Japan,1970,72,104665171
JPN,Japan,1971,72.9,106100000
JPN,Japan,1972,73.2,107595000
JPN,Japan,1973,73.4,109104000
JPN,Japan,1974,73.7,110573000
JPN,Japan,1975,74.3,111939643
JPN,Japan,1976,74.8,113094000
JPN,Japan,1977,75.3,114165000
JPN,Japan,1978,75.7,115190000
JPN,Japan,1979,76.2,116155000
JPN,Japan,1980,76.1,117060396
JPN,Japan,1981,76.5,117902000
JPN,Japan,1982,76.9,118728000
JPN,Japan,1983,77,119536000
JPN,Japan,1984,77.4,120305000
JPN,Japan,1985,77.6,121048923
JPN,Japan,1986,78.1,121660000
JPN,Japan,1987,78.5,122239000
JPN,Japan,1988,78.4,122745000
JPN,Japan,1989,78.8,123205000
JPN,Japan,1990,78.9,123611167
JPN,Japan,1991,79.1,124101000
JPN,Japan,1992,79.2,124567000
JPN,Japan,1993,79.4,124938000
JPN,Japan,1994,79.8,125265000
JPN,Japan,1995,79.6,125570246
JPN,Japan,1996,80.3,125864000
JPN,Japan,1997,80.5,126166000
JPN,Japan,1998,80.6,126486000
JPN,Japan,1999,80.5,126686000
JPN,Japan,2000,81.2,126925843
JPN,Japan,2001,81.5,127291000
JPN,Japan,2002,81.8,127435000
JPN,Japan,2003,81.8,127619000
JPN,Japan,2004,82.1,127687000
JPN,Japan,2005,82,127767994
JPN,Japan,2006,82.4,127900515
JPN,Japan,2007,82.6,128032743
JPN,Japan,2008,82.7,128083960
JPN,Japan,2009,83,128031514
JPN,Japan,2010,82.9,128057352
JPN,Japan,2011,82.7,127834233
JPN,Japan,2012,83.2,127592657
JPN,Japan,2013,83.4,127413888
JPN,Japan,2014,83.7,127237150
JPN,Japan,2015,83.9,127094745
JPN,Japan,2016,84.1,126932772
JPN,Japan,2017,84.2,126706210
JPN,Japan,2018,84.3,126443180
KOR,Korea,1964,62,27984155
KOR,Korea,1965,62,28704674
KOR,Korea,1966,62,29435571
KOR,Korea,1967,62,30130983
KOR,Korea,1968,62,30838302
KOR,Korea,1969,62,31544266
KOR,Korea,1970,62.3,32240827
KOR,Korea,1971,62.7,32882704
KOR,Korea,1972,63.1,33505406
KOR,Korea,1973,63.5,34103149
KOR,Korea,1974,63.9,34692266
KOR,Korea,1975,64.3,35280725
KOR,Korea,1976,64.6,35848523
KOR,Korea,1977,65,36411795
KOR,Korea,1978,65.3,36969185
KOR,Korea,1979,65.6,37534236
KOR,Korea,1980,66.1,38123775
KOR,Korea,1981,66.7,38723248
KOR,Korea,1982,67.2,39326352
KOR,Korea,1983,67.7,39910403
KOR,Korea,1984,68.3,40405956
KOR,Korea,1985,68.9,40805744
KOR,Korea,1986,69.5,41213674
KOR,Korea,1987,70.1,41621690
KOR,Korea,1988,70.7,42031247
KOR,Korea,1989,71.2,42449038
KOR,Korea,1990,71.7,42869283
KOR,Korea,1991,72.2,43295704
KOR,Korea,1992,72.6,43747962
KOR,Korea,1993,73.1,44194628
KOR,Korea,1994,73.5,44641540
KOR,Korea,1995,73.8,45092991
KOR,Korea,1996,74.2,45524681
KOR,Korea,1997,74.7,45953580
KOR,Korea,1998,75.1,46286503
KOR,Korea,1999,75.5,46616677
KOR,Korea,2000,76,47008111
KOR,Korea,2001,76.5,47370164
KOR,Korea,2002,76.8,47644736
KOR,Korea,2003,77.3,47892330
KOR,Korea,2004,77.8,48082519
KOR,Korea,2005,78.2,48184561
KOR,Korea,2006,78.8,48438292
KOR,Korea,2007,79.2,48683638
KOR,Korea,2008,79.6,49054708
KOR,Korea,2009,80,49307835
KOR,Korea,2010,80.2,49554112
KOR,Korea,2011,80.6,49936638
KOR,Korea,2012,80.9,50199853
KOR,Korea,2013,81.4,50428893
KOR,Korea,2014,81.8,50746659
KOR,Korea,2015,82.1,51014947
KOR,Korea,2016,82.4,51217803
KOR,Korea,2017,82.7,51361911
KOR,Korea,2018,82.7,51635256
,Luxembourg,1964,,327366
,Luxembourg,1965,,330161
,Luxembourg,1966,,332419
,Luxembourg,1967,,334227
,Luxembourg,1968,,335834
,Luxembourg,1969,,337567
,Luxembourg,1970,,339174
LUX,Luxembourg,1971,69.7,342415
LUX,Luxembourg,1972,70.9,346600
LUX,Luxembourg,1973,70.8,350450
LUX,Luxembourg,1974,70.8,355049
LUX,Luxembourg,1975,70.8,358951
LUX,Luxembourg,1976,70.8,360728
LUX,Luxembourg,1977,72.2,361356
LUX,Luxembourg,1978,72.1,362010
LUX,Luxembourg,1979,72.8,362856
LUX,Luxembourg,1980,72.8,364152
LUX,Luxembourg,1981,72.6,365219
LUX,Luxembourg,1982,72.7,365525
LUX,Luxembourg,1983,73.5,365621
LUX,Luxembourg,1984,73.3,365997
LUX,Luxembourg,1985,73.8,366707
LUX,Luxembourg,1986,74.7,368354
LUX,Luxembourg,1987,74.3,370751
LUX,Luxembourg,1988,75,373450
LUX,Luxembourg,1989,74.8,377095
LUX,Luxembourg,1990,75.6,381857
LUX,Luxembourg,1991,75.7,386999
LUX,Luxembourg,1992,75.3,392171
LUX,Luxembourg,1993,75.9,397481
LUX,Luxembourg,1994,76.6,402921
LUX,Luxembourg,1995,76.8,408625
LUX,Luxembourg,1996,76.8,414228
LUX,Luxembourg,1997,77,419440
LUX,Luxembourg,1998,77.3,424699
LUX,Luxembourg,1999,77.9,430475
LUX,Luxembourg,2000,78,436303
LUX,Luxembourg,2001,77.9,441522
LUX,Luxembourg,2002,78.1,446166
LUX,Luxembourg,2003,77.8,451626
LUX,Luxembourg,2004,79.2,458098
LUX,Luxembourg,2005,79.5,465152
LUX,Luxembourg,2006,79.4,472641
LUX,Luxembourg,2007,79.5,479992
LUX,Luxembourg,2008,80.6,488647
LUX,Luxembourg,2009,80.7,497783
LUX,Luxembourg,2010,80.7,506953
LUX,Luxembourg,2011,81.1,518351
LUX,Luxembourg,2012,81.5,530952
LUX,Luxembourg,2013,81.9,543358
LUX,Luxembourg,2014,82.3,556322
LUX,Luxembourg,2015,82.4,569605
LUX,Luxembourg,2016,82.8,583459
LUX,Luxembourg,2017,82.2,596337
LUX,Luxembourg,2018,82.4,607950
MEX,Mexico,1964,59.9,41970377
MEX,Mexico,1965,60.3,43359231
MEX,Mexico,1966,60.7,44779078
MEX,Mexico,1967,61,46234469
MEX,Mexico,1968,61.3,47720198
MEX,Mexico,1969,61.6,49236362
MEX,Mexico,1970,60.9,50778729
MEX,Mexico,1971,62.4,52354238
MEX,Mexico,1972,63.1,53973953
MEX,Mexico,1973,63.7,55619995
MEX,Mexico,1974,64.2,57293865
MEX,Mexico,1975,64.7,58993234
MEX,Mexico,1976,65.2,60702805
MEX,Mexico,1977,65.7,62414539
MEX,Mexico,1978,66.1,64131336
MEX,Mexico,1979,66.6,65849531
MEX,Mexico,1980,67.2,67561216
MEX,Mexico,1981,67.7,69267849
MEX,Mexico,1982,68.2,70973052
MEX,Mexico,1983,68.6,72671675
MEX,Mexico,1984,69.1,74359027
MEX,Mexico,1985,69.5,76030535
MEX,Mexico,1986,69.9,77689757
MEX,Mexico,1987,70.2,79339498
MEX,Mexico,1988,70.6,80970606
MEX,Mexico,1989,70.8,82579032
MEX,Mexico,1990,70.5,84169571
MEX,Mexico,1991,71.6,85748742
MEX,Mexico,1992,71.9,87312337
MEX,Mexico,1993,72,88850856
MEX,Mexico,1994,72.3,90362709
MEX,Mexico,1995,72.3,91843905
MEX,Mexico,1996,72.7,93294783
MEX,Mexico,1997,73.1,94720541
MEX,Mexico,1998,73.5,96116960
MEX,Mexico,1999,74,97482584
MEX,Mexico,2000,74.7,98785275
MEX,Mexico,2001,75,100105299
MEX,Mexico,2002,75.1,101493987
MEX,Mexico,2003,75.1,102890474
MEX,Mexico,2004,75.4,104272444
MEX,Mexico,2005,75.2,105669369
MEX,Mexico,2006,75.5,107155391
MEX,Mexico,2007,75.3,108744845
MEX,Mexico,2008,75.1,110405454
MEX,Mexico,2009,74.9,112095388
MEX,Mexico,2010,74.8,113748671
MEX,Mexico,2011,74.9,115367452
MEX,Mexico,2012,75,116935670
MEX,Mexico,2013,75,118453929
MEX,Mexico,2014,74.9,119936411
MEX,Mexico,2015,74.7,121347800
MEX,Mexico,2016,74.8,122715165
MEX,Mexico,2017,74.9,124041731
MEX,Mexico,2018,75,125327797
NLD,Netherlands,1964,73.8,12127116
NLD,Netherlands,1965,73.6,12294732
NLD,Netherlands,1966,73.6,12456254
NLD,Netherlands,1967,73.9,12598202
NLD,Netherlands,1968,73.7,12729717
NLD,Netherlands,1969,73.6,12877984
NLD,Netherlands,1970,73.7,13038523
NLD,Netherlands,1971,73.9,13194497
NLD,Netherlands,1972,73.8,13328595
NLD,Netherlands,1973,74.2,13439325
NLD,Netherlands,1974,74.6,13545054
NLD,Netherlands,1975,74.6,13666329
NLD,Netherlands,1976,74.7,13774037
NLD,Netherlands,1977,75.3,13856188
NLD,Netherlands,1978,75.3,13941702
NLD,Netherlands,1979,75.7,14038270
NLD,Netherlands,1980,75.9,14149799
NLD,Netherlands,1981,76,14247217
NLD,Netherlands,1982,76.1,14312689
NLD,Netherlands,1983,76.3,14367066
NLD,Netherlands,1984,76.4,14424211
NLD,Netherlands,1985,76.5,14491629
NLD,Netherlands,1986,76.4,14572280
NLD,Netherlands,1987,76.9,14665037
NLD,Netherlands,1988,77.1,14760092
NLD,Netherlands,1989,76.9,14848906
NLD,Netherlands,1990,77,14951510
NLD,Netherlands,1991,77.2,15069799
NLD,Netherlands,1992,77.4,15184163
NLD,Netherlands,1993,77.1,15290368
NLD,Netherlands,1994,77.5,15382834
NLD,Netherlands,1995,77.6,15459004
NLD,Netherlands,1996,77.6,15530500
NLD,Netherlands,1997,78,15610650
NLD,Netherlands,1998,78,15707205
NLD,Netherlands,1999,77.9,15812085
NLD,Netherlands,2000,78.2,15925505
NLD,Netherlands,2001,78.3,16046182
NLD,Netherlands,2002,78.4,16148921
NLD,Netherlands,2003,78.7,16225303
NLD,Netherlands,2004,79.2,16281777
NLD,Netherlands,2005,79.5,16319871
NLD,Netherlands,2006,79.9,16346096
NLD,Netherlands,2007,80.3,16381696
NLD,Netherlands,2008,80.5,16445590
NLD,Netherlands,2009,80.8,16530387
NLD,Netherlands,2010,81,16615390
NLD,Netherlands,2011,81.3,16693074
NLD,Netherlands,2012,81.2,16754963
NLD,Netherlands,2013,81.4,16804430
NLD,Netherlands,2014,81.8,16865008
NLD,Netherlands,2015,81.6,16939925
NLD,Netherlands,2016,81.6,17030314
NLD,Netherlands,2017,81.8,17131295
NLD,Netherlands,2018,81.9,17231622
NZL,New Zealand,1964,71.2,2591965
NZL,New Zealand,1965,71.2,2640400
NZL,New Zealand,1966,71.3,2687580
NZL,New Zealand,1967,71.4,2728115
NZL,New Zealand,1968,71.4,2758885
NZL,New Zealand,1969,71.5,2788435
NZL,New Zealand,1970,71.5,2828020
NZL,New Zealand,1971,71.6,2875305
NZL,New Zealand,1972,71.7,2929135
NZL,New Zealand,1973,71.8,2992335
NZL,New Zealand,1974,72,3058435
NZL,New Zealand,1975,72.1,3117765
NZL,New Zealand,1976,72.3,3153535
NZL,New Zealand,1977,72.5,3164830
NZL,New Zealand,1978,72.7,3165705
NZL,New Zealand,1979,72.9,3164620
NZL,New Zealand,1980,73.2,3170245
NZL,New Zealand,1981,73.4,3185460
NZL,New Zealand,1982,73.6,3210645
NZL,New Zealand,1983,73.7,3245770
NZL,New Zealand,1984,73.8,3278850
NZL,New Zealand,1985,74,3298050
NZL,New Zealand,1986,74.1,3308310
NZL,New Zealand,1987,74.5,3327785
NZL,New Zealand,1988,74.8,3343680
NZL,New Zealand,1989,75.2,3357535
NZL,New Zealand,1990,75.5,3390085
NZL,New Zealand,1991,75.8,3495100
NZL,New Zealand,1992,76.1,3531700
NZL,New Zealand,1993,76.3,3572200
NZL,New Zealand,1994,76.6,3620100
NZL,New Zealand,1995,76.8,3673400
NZL,New Zealand,1996,77.1,3732000
NZL,New Zealand,1997,77.4,3781300
NZL,New Zealand,1998,77.7,3815000
NZL,New Zealand,1999,78.1,3835100
NZL,New Zealand,2000,78.4,3857700
NZL,New Zealand,2001,78.7,3880500
NZL,New Zealand,2002,79,3948500
NZL,New Zealand,2003,79.3,4027200
NZL,New Zealand,2004,79.6,4087500
NZL,New Zealand,2005,79.8,4133900
NZL,New Zealand,2006,80.1,4184600
NZL,New Zealand,2007,80.3,4223800
NZL,New Zealand,2008,80.5,4259800
NZL,New Zealand,2009,80.7,4302600
NZL,New Zealand,2010,80.8,4350700
NZL,New Zealand,2011,81,4384000
NZL,New Zealand,2012,81.2,4408100
NZL,New Zealand,2013,81.4,4442100
NZL,New Zealand,2014,81.5,4509700
NZL,New Zealand,2015,81.7,4595700
NZL,New Zealand,2016,81.7,4693200
NZL,New Zealand,2017,81.9,4793900
NZL,New Zealand,2018,81.8,4885500
NOR,Norway,1964,73.9,3694339
NOR,Norway,1965,74,3723172
NOR,Norway,1966,74.3,3753013
NOR,Norway,1967,74.3,3784533
NOR,Norway,1968,74.2,3816488
NOR,Norway,1969,74,3847710
NOR,Norway,1970,74.4,3875757
NOR,Norway,1971,74.4,3903034
NOR,Norway,1972,74.6,3933001
NOR,Norway,1973,74.7,3960614
NOR,Norway,1974,75.1,3985262
NOR,Norway,1975,75.1,4007319
NOR,Norway,1976,75.3,4026151
NOR,Norway,1977,75.7,4043204
NOR,Norway,1978,75.8,4058674
NOR,Norway,1979,75.8,4072514
NOR,Norway,1980,75.9,4085620
NOR,Norway,1981,76.1,4099703
NOR,Norway,1982,76.2,4114786
NOR,Norway,1983,76.3,4128434
NOR,Norway,1984,76.4,4140098
NOR,Norway,1985,76.1,4152518
NOR,Norway,1986,76.5,4167357
NOR,Norway,1987,76.3,4186905
NOR,Norway,1988,76.4,4209489
NOR,Norway,1989,76.7,4226909
NOR,Norway,1990,76.7,4241476
NOR,Norway,1991,77.1,4261738
NOR,Norway,1992,77.4,4286397
NOR,Norway,1993,77.3,4311984
NOR,Norway,1994,77.9,4336614
NOR,Norway,1995,77.9,4359187
NOR,Norway,1996,78.3,4381339
NOR,Norway,1997,78.3,4405158
NOR,Norway,1998,78.5,4431465
NOR,Norway,1999,78.4,4461915
NOR,Norway,2000,78.8,4490973
NOR,Norway,2001,78.9,4513747
NOR,Norway,2002,79,4538157
NOR,Norway,2003,79.6,4564856
NOR,Norway,2004,80.1,4591909
NOR,Norway,2005,80.3,4623293
NOR,Norway,2006,80.6,4660673
NOR,Norway,2007,80.6,4709156
NOR,Norway,2008,80.8,4768215
NOR,Norway,2009,81,4828716
NOR,Norway,2010,81.2,4889253
NOR,Norway,2011,81.4,4953089
NOR,Norway,2012,81.5,5018574
NOR,Norway,2013,81.8,5080171
NOR,Norway,2014,82.2,5137427
NOR,Norway,2015,82.4,5189898
NOR,Norway,2016,82.5,5236152
NOR,Norway,2017,82.7,5276965
NOR,Norway,2018,82.8,5311916
POL,Poland,1964,68.7,31161200
POL,Poland,1965,69.5,31495900
POL,Poland,1966,69.9,31698000
POL,Poland,1967,69.5,31943900
POL,Poland,1968,70.3,32304800
POL,Poland,1969,69.8,32555100
POL,Poland,1970,70,32642270
POL,Poland,1971,69.7,32749400
POL,Poland,1972,70.7,33068000
POL,Poland,1973,70.7,33362700
POL,Poland,1974,71.2,33691008
POL,Poland,1975,70.6,34022130
POL,Poland,1976,70.7,34362133
POL,Poland,1977,70.5,34697576
POL,Poland,1978,70.4,35009862
POL,Poland,1979,70.9,35256645
POL,Poland,1980,70.2,35578019
POL,Poland,1981,71.2,35901961
POL,Poland,1982,71.2,36227381
POL,Poland,1983,71.1,36571418
POL,Poland,1984,70.9,36913515
POL,Poland,1985,71.1,37202981
POL,Poland,1986,71,37455681
POL,Poland,1987,71.5,37663756
POL,Poland,1988,71.5,37862063
POL,Poland,1989,71.2,37962808
POL,Poland,1990,70.8,38030500
POL,Poland,1991,70.5,38108500
POL,Poland,1992,71.1,38173500
POL,Poland,1993,71.6,38221000
POL,Poland,1994,71.8,38252000
POL,Poland,1995,72.1,38274500
POL,Poland,1996,72.4,38289000
POL,Poland,1997,72.8,38292000
POL,Poland,1998,73.2,38283500
POL,Poland,1999,73.2,38270000
POL,Poland,2000,73.8,38258478
POL,Poland,2001,74.2,38248076
POL,Poland,2002,74.6,38232301
POL,Poland,2003,74.7,38195177
POL,Poland,2004,74.9,38180249
POL,Poland,2005,75.1,38161313
POL,Poland,2006,75.3,38132277
POL,Poland,2007,75.4,38115967
POL,Poland,2008,75.7,38115909
POL,Poland,2009,75.8,38153389
POL,Poland,2010,76.5,38516689
POL,Poland,2011,76.8,38525670
POL,Poland,2012,76.9,38533789
POL,Poland,2013,77.1,38502396
POL,Poland,2014,77.7,38483957
POL,Poland,2015,77.6,38454576
POL,Poland,2016,78,38426809
POL,Poland,2017,77.9,38422346
POL,Poland,2018,77.7,38413139
PRT,Portugal,1964,64.9,9035365
PRT,Portugal,1965,65.8,8998595
PRT,Portugal,1966,65.2,8930990
PRT,Portugal,1967,66,8874520
PRT,Portugal,1968,66.4,8836650
PRT,Portugal,1969,65.9,8757705
PRT,Portugal,1970,66.7,8680431
PRT,Portugal,1971,66.4,8643755
PRT,Portugal,1972,68.4,8630431
PRT,Portugal,1973,67.5,8633101
PRT,Portugal,1974,68.1,8754363
PRT,Portugal,1975,68.4,9093471
PRT,Portugal,1976,69,9355812
PRT,Portugal,1977,70.1,9455673
PRT,Portugal,1978,70.5,9558248
PRT,Portugal,1979,71.3,9661265
PRT,Portugal,1980,71.4,9766275
PRT,Portugal,1981,71.7,9851325
PRT,Portugal,1982,72.5,9911771
PRT,Portugal,1983,72.4,9957865
PRT,Portugal,1984,72.7,9996232
PRT,Portugal,1985,73,10023613
PRT,Portugal,1986,73.4,10032734
PRT,Portugal,1987,73.8,10030031
PRT,Portugal,1988,73.8,10019610
PRT,Portugal,1989,74.4,10005000
PRT,Portugal,1990,74.1,9983218
PRT,Portugal,1991,74.1,9960235
PRT,Portugal,1992,74.7,9952494
PRT,Portugal,1993,74.6,9964675
PRT,Portugal,1994,75.5,9991525
PRT,Portugal,1995,75.4,10026176
PRT,Portugal,1996,75.3,10063945
PRT,Portugal,1997,75.8,10108977
PRT,Portugal,1998,76,10160196
PRT,Portugal,1999,76.3,10217828
PRT,Portugal,2000,76.9,10289898
PRT,Portugal,2001,77.2,10362722
PRT,Portugal,2002,77.4,10419631
PRT,Portugal,2003,77.5,10458821
PRT,Portugal,2004,78.4,10483861
PRT,Portugal,2005,78.2,10503330
PRT,Portugal,2006,79,10522288
PRT,Portugal,2007,79.2,10542964
PRT,Portugal,2008,79.5,10558177
PRT,Portugal,2009,79.7,10568247
PRT,Portugal,2010,80,10573100
PRT,Portugal,2011,80.6,10557560
PRT,Portugal,2012,80.5,10514844
PRT,Portugal,2013,80.8,10457295
PRT,Portugal,2014,81.2,10401062
PRT,Portugal,2015,81.2,10358076
PRT,Portugal,2016,81.2,10325452
PRT,Portugal,2017,81.5,10300300
PRT,Portugal,2018,81.4,10283822
SVK,Slovak Republic,1964,71.2,4327949
SVK,Slovak Republic,1965,70.4,4373595
SVK,Slovak Republic,1966,70.6,4413853
SVK,Slovak Republic,1967,71.2,4450880
SVK,Slovak Republic,1968,70.7,4483656
SVK,Slovak Republic,1969,70.1,4518773
SVK,Slovak Republic,1970,70,4528459
SVK,Slovak Republic,1971,70,4559341
SVK,Slovak Republic,1972,70.5,4596330
SVK,Slovak Republic,1973,70.1,4640673
SVK,Slovak Republic,1974,70.3,4691014
SVK,Slovak Republic,1975,70.5,4739301
SVK,Slovak Republic,1976,70.6,4789452
SVK,Slovak Republic,1977,70.6,4840819
SVK,Slovak Republic,1978,70.6,4891673
SVK,Slovak Republic,1979,70.9,4940223
SVK,Slovak Republic,1980,70.6,4984331
SVK,Slovak Republic,1981,70.9,5017032
SVK,Slovak Republic,1982,71,5054770
SVK,Slovak Republic,1983,70.7,5091537
SVK,Slovak Republic,1984,71,5127719
SVK,Slovak Republic,1985,71,5161789
SVK,Slovak Republic,1986,71.2,5192789
SVK,Slovak Republic,1987,71.4,5223609
SVK,Slovak Republic,1988,71.5,5251120
SVK,Slovak Republic,1989,71.3,5276186
SVK,Slovak Republic,1990,71.2,5297774
SVK,Slovak Republic,1991,71.2,5283404
SVK,Slovak Republic,1992,71.6,5306539
SVK,Slovak Republic,1993,72.1,5324632
SVK,Slovak Republic,1994,72.5,5347413
SVK,Slovak Republic,1995,72.5,5363676
SVK,Slovak Republic,1996,72.9,5373793
SVK,Slovak Republic,1997,72.9,5383233
SVK,Slovak Republic,1998,72.8,5390866
SVK,Slovak Republic,1999,73.2,5395324
SVK,Slovak Republic,2000,73.4,5400679
SVK,Slovak Republic,2001,73.6,5379780
SVK,Slovak Republic,2002,73.8,5378809
SVK,Slovak Republic,2003,73.8,5378950
SVK,Slovak Republic,2004,74.2,5382574
SVK,Slovak Republic,2005,74.2,5387285
SVK,Slovak Republic,2006,74.4,5391184
SVK,Slovak Republic,2007,74.5,5397766
SVK,Slovak Republic,2008,75,5406972
SVK,Slovak Republic,2009,75.3,5418374
SVK,Slovak Republic,2010,75.6,5431024
SVK,Slovak Republic,2011,76.1,5398384
SVK,Slovak Republic,2012,76.2,5407579
SVK,Slovak Republic,2013,76.5,5413393
SVK,Slovak Republic,2014,76.9,5418649
SVK,Slovak Republic,2015,76.7,5423801
SVK,Slovak Republic,2016,77.3,5430798
SVK,Slovak Republic,2017,77.3,5439232
SVK,Slovak Republic,2018,77.4,5446771
ESP,Spain,1964,72,31609195
ESP,Spain,1965,72,31954292
ESP,Spain,1966,72,32283194
ESP,Spain,1967,72,32682947
ESP,Spain,1968,72,33113135
ESP,Spain,1969,72,33441054
ESP,Spain,1970,72,33752818
ESP,Spain,1971,73,34216274
ESP,Spain,1972,73,34571714
ESP,Spain,1973,73,34921497
ESP,Spain,1974,73,35287558
ESP,Spain,1975,73.4,35687714
ESP,Spain,1976,73.7,36118035
ESP,Spain,1977,74.2,36563834
ESP,Spain,1978,74.4,36971471
ESP,Spain,1979,74.9,37289006
ESP,Spain,1980,75.4,37526911
ESP,Spain,1981,75.7,37764458
ESP,Spain,1982,76.3,37987108
ESP,Spain,1983,76,38160263
ESP,Spain,1984,76.4,38325244
ESP,Spain,1985,76.4,38467025
ESP,Spain,1986,76.7,38571941
ESP,Spain,1987,76.9,38682322
ESP,Spain,1988,76.9,38764307
ESP,Spain,1989,77,38821377
ESP,Spain,1990,77,38860827
ESP,Spain,1991,77.1,38941622
ESP,Spain,1992,77.6,39147940
ESP,Spain,1993,77.7,39356082
ESP,Spain,1994,78.1,39547353
ESP,Spain,1995,78.1,39718895
ESP,Spain,1996,78.3,39884246
ESP,Spain,1997,78.8,40049974
ESP,Spain,1998,78.9,40214066
ESP,Spain,1999,78.8,40369667
ESP,Spain,2000,79.3,40554387
ESP,Spain,2001,79.8,40766049
ESP,Spain,2002,79.9,41423520
ESP,Spain,2003,79.7,42196231
ESP,Spain,2004,80.4,42859172
ESP,Spain,2005,80.3,43662613
ESP,Spain,2006,81.1,44360521
ESP,Spain,2007,81.2,45236004
ESP,Spain,2008,81.5,45983169
ESP,Spain,2009,81.9,46367550
ESP,Spain,2010,82.4,46562483
ESP,Spain,2011,82.6,46736257
ESP,Spain,2012,82.5,46766403
ESP,Spain,2013,83.2,46593236
ESP,Spain,2014,83.3,46455123
ESP,Spain,2015,82.9,46410149
ESP,Spain,2016,83.4,46449874
ESP,Spain,2017,83.4,46532869
ESP,Spain,2018,83.5,46733038
SWE,Sweden,1964,73.8,7661351
SWE,Sweden,1965,73.9,7733852
SWE,Sweden,1966,74.2,7807795
SWE,Sweden,1967,74.2,7867942
SWE,Sweden,1968,74.1,7911980
SWE,Sweden,1969,74.2,7967732
SWE,Sweden,1970,74.8,8042706
SWE,Sweden,1971,74.8,8098145
SWE,Sweden,1972,74.8,8122154
SWE,Sweden,1973,75,8136779
SWE,Sweden,1974,75.1,8160562
SWE,Sweden,1975,75.2,8192567
SWE,Sweden,1976,75.1,8222309
SWE,Sweden,1977,75.6,8251653
SWE,Sweden,1978,75.7,8275775
SWE,Sweden,1979,75.7,8293728
SWE,Sweden,1980,75.9,8310477
SWE,Sweden,1981,76.2,8320482
SWE,Sweden,1982,76.5,8325260
SWE,Sweden,1983,76.7,8329025
SWE,Sweden,1984,77,8336595
SWE,Sweden,1985,76.8,8350378
SWE,Sweden,1986,77.1,8369824
SWE,Sweden,1987,77.3,8397797
SWE,Sweden,1988,77.1,8436483
SWE,Sweden,1989,77.8,8492959
SWE,Sweden,1990,77.7,8558834
SWE,Sweden,1991,77.9,8617376
SWE,Sweden,1992,78.2,8668065
SWE,Sweden,1993,78.2,8718558
SWE,Sweden,1994,78.9,8780741
SWE,Sweden,1995,79,8826944
SWE,Sweden,1996,79.2,8840999
SWE,Sweden,1997,79.4,8846059
SWE,Sweden,1998,79.5,8850975
SWE,Sweden,1999,79.6,8857879
SWE,Sweden,2000,79.7,8872112
SWE,Sweden,2001,79.9,8895963
SWE,Sweden,2002,79.9,8924959
SWE,Sweden,2003,80.3,8958233
SWE,Sweden,2004,80.6,8993533
SWE,Sweden,2005,80.7,9029567
SWE,Sweden,2006,81,9080506
SWE,Sweden,2007,81.1,9148093
SWE,Sweden,2008,81.3,9219639
SWE,Sweden,2009,81.5,9298510
SWE,Sweden,2010,81.6,9378130
SWE,Sweden,2011,81.9,9449216
SWE,Sweden,2012,81.8,9519378
SWE,Sweden,2013,82,9600375
SWE,Sweden,2014,82.3,9696105
SWE,Sweden,2015,82.3,9799183
SWE,Sweden,2016,82.4,9923085
SWE,Sweden,2017,82.5,10057695
SWE,Sweden,2018,82.6,10175214
CHE,Switzerland,1964,72.2,5789228
CHE,Switzerland,1965,72.3,5856472
CHE,Switzerland,1966,72.5,5918002
CHE,Switzerland,1967,72.8,5991785
CHE,Switzerland,1968,72.7,6067714
CHE,Switzerland,1969,72.7,6136387
CHE,Switzerland,1970,73.1,6180882
CHE,Switzerland,1971,73.3,6213405
CHE,Switzerland,1972,73.8,6260956
CHE,Switzerland,1973,74.1,6307348
CHE,Switzerland,1974,74.4,6341406
CHE,Switzerland,1975,74.8,6338632
CHE,Switzerland,1976,74.9,6302505
CHE,Switzerland,1977,75.4,6281175
CHE,Switzerland,1978,75.4,6281737
CHE,Switzerland,1979,75.7,6294364
CHE,Switzerland,1980,75.7,6319409
CHE,Switzerland,1981,75.9,6354073
CHE,Switzerland,1982,76.2,6391309
CHE,Switzerland,1983,76.2,6418774
CHE,Switzerland,1984,76.9,6441865
CHE,Switzerland,1985,77,6470366
CHE,Switzerland,1986,77.1,6504125
CHE,Switzerland,1987,77.5,6545107
CHE,Switzerland,1988,77.5,6593387
CHE,Switzerland,1989,77.7,6646912
CHE,Switzerland,1990,77.5,6712273
CHE,Switzerland,1991,77.8,6799979
CHE,Switzerland,1992,78.1,6875364
CHE,Switzerland,1993,78.4,6938265
CHE,Switzerland,1994,78.6,6993795
CHE,Switzerland,1995,78.7,7040687
CHE,Switzerland,1996,79.1,7071851
CHE,Switzerland,1997,79.3,7088906
CHE,Switzerland,1998,79.6,7110002
CHE,Switzerland,1999,79.8,7143991
CHE,Switzerland,2000,79.9,7184250
CHE,Switzerland,2001,80.4,7226647
CHE,Switzerland,2002,80.6,7284754
CHE,Switzerland,2003,80.6,7339002
CHE,Switzerland,2004,81.2,7389626
CHE,Switzerland,2005,81.4,7437116
CHE,Switzerland,2006,81.7,7483935
CHE,Switzerland,2007,82,7551117
CHE,Switzerland,2008,82.2,7647676
CHE,Switzerland,2009,82.3,7743832
CHE,Switzerland,2010,82.6,7824910
CHE,Switzerland,2011,82.8,7912396
CHE,Switzerland,2012,82.8,7996861
CHE,Switzerland,2013,82.9,8089346
CHE,Switzerland,2014,83.3,8188646
CHE,Switzerland,2015,83,8282398
CHE,Switzerland,2016,83.7,8373334
CHE,Switzerland,2017,83.6,8451834
CHE,Switzerland,2018,83.8,8513227
TUR,Turkey,1964,51,30391000
TUR,Turkey,1965,51.6,31149000
TUR,Turkey,1966,52.2,31936000
TUR,Turkey,1967,52.9,32750000
TUR,Turkey,1968,53.4,33586000
TUR,Turkey,1969,53.8,34443000
TUR,Turkey,1970,54.2,35321000
TUR,Turkey,1971,54.6,36215000
TUR,Turkey,1972,55,37133000
TUR,Turkey,1973,55.4,38073000
TUR,Turkey,1974,55.7,39037000
TUR,Turkey,1975,56.1,40026000
TUR,Turkey,1976,56.5,40916000
TUR,Turkey,1977,56.9,41769000
TUR,Turkey,1978,57.3,42641000
TUR,Turkey,1979,57.7,43531000
TUR,Turkey,1980,58.1,44439000
TUR,Turkey,1981,58.5,45540000
TUR,Turkey,1982,58.9,46688000
TUR,Turkey,1983,59.7,47864000
TUR,Turkey,1984,60.9,49070000
TUR,Turkey,1985,62.1,50307000
TUR,Turkey,1986,63.2,51480000
TUR,Turkey,1987,64.4,52370000
TUR,Turkey,1988,65.2,53268000
TUR,Turkey,1989,65.7,54192000
TUR,Turkey,1990,67.5,55120000
TUR,Turkey,1991,67.8,56055000
TUR,Turkey,1992,68.2,56986000
TUR,Turkey,1993,68.5,57913000
TUR,Turkey,1994,68.9,58837000
TUR,Turkey,1995,69.3,59756000
TUR,Turkey,1996,69.7,60671000
TUR,Turkey,1997,70.1,61582000
TUR,Turkey,1998,70.3,62464000
TUR,Turkey,1999,70.7,63364000
TUR,Turkey,2000,71.1,64268751
TUR,Turkey,2001,71.5,65166331
TUR,Turkey,2002,71.9,66002506
TUR,Turkey,2003,72.3,66794551
TUR,Turkey,2004,72.7,67598736
TUR,Turkey,2005,73.1,68435380
TUR,Turkey,2006,73.4,69295253
TUR,Turkey,2007,73.7,70158112
TUR,Turkey,2008,73.9,71051689
TUR,Turkey,2009,74.1,72039215
TUR,Turkey,2010,74.3,73142162
TUR,Turkey,2011,74.6,74223642
TUR,Turkey,2012,74.6,75175836
TUR,Turkey,2013,78,76147634
TUR,Turkey,2014,78,77181894
TUR,Turkey,2015,78,78218488
TUR,Turkey,2016,78,79277971
TUR,Turkey,2017,78.1,80312708
TUR,Turkey,2018,78.3,81407211
GBR,United Kingdom,1964,71,54065700
GBR,United Kingdom,1965,71,54435700
GBR,United Kingdom,1966,71,54654100
GBR,United Kingdom,1967,71,54978400
GBR,United Kingdom,1968,71,55282500
GBR,United Kingdom,1969,71,55534000
GBR,United Kingdom,1970,71.9,55710700
GBR,United Kingdom,1971,71.9,55928013
GBR,United Kingdom,1972,72,56096677
GBR,United Kingdom,1973,72,56222893
GBR,United Kingdom,1974,72,56235642
GBR,United Kingdom,1975,72,56225718
GBR,United Kingdom,1976,72.5,56216121
GBR,United Kingdom,1977,72.5,56189910
GBR,United Kingdom,1978,72.5,56178025
GBR,United Kingdom,1979,72.5,56240053
GBR,United Kingdom,1980,73.2,56329673
GBR,United Kingdom,1981,73.8,56357464
GBR,United Kingdom,1982,74.1,56290711
GBR,United Kingdom,1983,74.3,56315677
GBR,United Kingdom,1984,74.5,56409327
GBR,United Kingdom,1985,74.7,56553955
GBR,United Kingdom,1986,74.8,56683835
GBR,United Kingdom,1987,75.2,56803958
GBR,United Kingdom,1988,75.3,56916448
GBR,United Kingdom,1989,75.4,57076451
GBR,United Kingdom,1990,75.7,57237493
GBR,United Kingdom,1991,75.9,57438658
GBR,United Kingdom,1992,76.3,57584530
GBR,United Kingdom,1993,76.2,57713889
GBR,United Kingdom,1994,76.8,57862145
GBR,United Kingdom,1995,76.7,58024799
GBR,United Kingdom,1996,76.9,58164374
GBR,United Kingdom,1997,77.2,58314249
GBR,United Kingdom,1998,77.3,58474943
GBR,United Kingdom,1999,77.5,58684427
GBR,United Kingdom,2000,77.9,58886065
GBR,United Kingdom,2001,78.2,59113016
GBR,United Kingdom,2002,78.3,59365677
GBR,United Kingdom,2003,78.4,59636662
GBR,United Kingdom,2004,79,59950364
GBR,United Kingdom,2005,79.2,60413276
GBR,United Kingdom,2006,79.5,60827067
GBR,United Kingdom,2007,79.7,61319075
GBR,United Kingdom,2008,79.8,61823772
GBR,United Kingdom,2009,80.4,62260486
GBR,United Kingdom,2010,80.6,62759456
GBR,United Kingdom,2011,81,63285145
GBR,United Kingdom,2012,81,63705030
GBR,United Kingdom,2013,81.1,64105654
GBR,United Kingdom,2014,81.4,64596752
GBR,United Kingdom,2015,81,65110034
GBR,United Kingdom,2016,81.2,65648054
GBR,United Kingdom,2017,81.3,66040229
GBR,United Kingdom,2018,81.3,66435550
USA,United States,1964,70.3,191888791
USA,United States,1965,70.3,194302963
USA,United States,1966,70.3,196560338
USA,United States,1967,70.7,198712056
USA,United States,1968,70.4,200706052
USA,United States,1969,70.6,202676946
USA,United States,1970,70.9,205052174
USA,United States,1971,71.2,207660677
USA,United States,1972,71.3,209896021
USA,United States,1973,71.5,211908788
USA,United States,1974,72.1,213853928
USA,United States,1975,72.7,215973199
USA,United States,1976,73,218035164
USA,United States,1977,73.4,220239425
USA,United States,1978,73.5,222584545
USA,United States,1979,73.9,225055487
USA,United States,1980,73.7,227224681
USA,United States,1981,74.1,229465714
USA,United States,1982,74.5,231664458
USA,United States,1983,74.6,233791994
USA,United States,1984,74.7,235824902
USA,United States,1985,74.7,237923795
USA,United States,1986,74.7,240132887
USA,United States,1987,74.9,242288918
USA,United States,1988,74.9,244498982
USA,United States,1989,75.1,246819230
USA,United States,1990,75.3,249622814
USA,United States,1991,75.5,252980941
USA,United States,1992,75.7,256514224
USA,United States,1993,75.5,259918588
USA,United States,1994,75.7,263125821
USA,United States,1995,75.7,266278393
USA,United States,1996,76.1,269394284
USA,United States,1997,76.5,272646925
USA,United States,1998,76.7,275854104
USA,United States,1999,76.7,279040168
USA,United States,2000,76.7,282162411
USA,United States,2001,76.9,284968955
USA,United States,2002,77,287625193
USA,United States,2003,77.1,290107933
USA,United States,2004,77.6,292805298
USA,United States,2005,77.6,295516599
USA,United States,2006,77.8,298379912
USA,United States,2007,78.1,301231207
USA,United States,2008,78.1,304093966
USA,United States,2009,78.5,306771529
USA,United States,2010,78.6,309326085
USA,United States,2011,78.7,311580009
USA,United States,2012,78.8,313874218
USA,United States,2013,78.8,316057727
USA,United States,2014,78.9,318386421
USA,United States,2015,78.7,320742673
USA,United States,2016,78.7,323071342
USA,United States,2017,78.6,325147121
USA,United States,2018,78.7,327167434
,Argentina,1964,,21949246
,Argentina,1965,,22283102
,Argentina,1966,,22611643
,Argentina,1967,,22934338
,Argentina,1968,,23260684
,Argentina,1969,,23600177
,Argentina,1970,,23962314
,Argentina,1971,,24354307
,Argentina,1972,,24769829
,Argentina,1973,,25198050
,Argentina,1974,,25628164
,Argentina,1975,,26049353
,Argentina,1976,,26458241
,Argentina,1977,,26862054
,Argentina,1978,,27265831
,Argentina,1979,,27674632
,Argentina,1980,,28093507
,Argentina,1981,,28524120
,Argentina,1982,,28963109
,Argentina,1983,,29407972
,Argentina,1984,,29856213
,Argentina,1985,,30305336
,Argentina,1986,,30757601
,Argentina,1987,,31214665
,Argentina,1988,,31673154
,Argentina,1989,,32129676
,Argentina,1990,,32580854
,Argentina,1991,,33028546
,Argentina,1992,,33475005
,Argentina,1993,,33917440
,Argentina,1994,,34353066
,Argentina,1995,,34779096
,Argentina,1996,,35195575
,Argentina,1997,,35604362
,Argentina,1998,,36005387
,Argentina,1999,,36398577
,Argentina,2000,,36783859
,Argentina,2001,,37156654
,Argentina,2002,,37537783
,Argentina,2003,,37927463
,Argentina,2004,,38325927
,Argentina,2005,,38733406
,Argentina,2006,,39127239
,Argentina,2007,,39529440
,Argentina,2008,,39940234
,Argentina,2009,,40359828
,Argentina,2010,,40788453
,Argentina,2011,,41261490
,Argentina,2012,,41733271
,Argentina,2013,,42202935
,Argentina,2014,,42669500
,Argentina,2015,,43131966
,Argentina,2016,,43590368
,Argentina,2017,,44044811
,Argentina,2018,,44494502
BRA,Brazil,1964,56.2,81168654
BRA,Brazil,1965,56.7,83498020
BRA,Brazil,1966,57.1,85837799
BRA,Brazil,1967,57.6,88191378
BRA,Brazil,1968,58.1,90557064
BRA,Brazil,1969,58.5,92935072
BRA,Brazil,1970,59,95326793
BRA,Brazil,1971,59.4,97728961
BRA,Brazil,1972,59.8,100143598
BRA,Brazil,1973,60.2,102584278
BRA,Brazil,1974,60.6,105069367
BRA,Brazil,1975,60.9,107612100
BRA,Brazil,1976,61.3,110213082
BRA,Brazil,1977,61.7,112867867
BRA,Brazil,1978,62,115577669
BRA,Brazil,1979,62.4,118342626
BRA,Brazil,1980,62.7,122081510
BRA,Brazil,1981,63.1,124807167
BRA,Brazil,1982,63.4,127604588
BRA,Brazil,1983,63.8,130434274
BRA,Brazil,1984,64.1,133238189
BRA,Brazil,1985,64.5,135979454
BRA,Brazil,1986,64.9,138662472
BRA,Brazil,1987,65.3,141282564
BRA,Brazil,1988,65.7,143851505
BRA,Brazil,1989,66,146393753
BRA,Brazil,1990,66.4,148935328
BRA,Brazil,1991,66.8,151467861
BRA,Brazil,1992,67.2,153973883
BRA,Brazil,1993,67.6,156454116
BRA,Brazil,1994,68,158910651
BRA,Brazil,1995,68.4,161345581
BRA,Brazil,1996,68.8,163767821
BRA,Brazil,1997,69.2,166187066
BRA,Brazil,1998,69.5,168606400
BRA,Brazil,1999,69.9,171029011
BRA,Brazil,2000,70.2,173765726
BRA,Brazil,2001,70.6,176208646
BRA,Brazil,2002,70.9,178499255
BRA,Brazil,2003,71.3,180708344
BRA,Brazil,2004,71.6,182865043
BRA,Brazil,2005,72,184991143
BRA,Brazil,2006,72.3,187061610
BRA,Brazil,2007,72.7,189038268
BRA,Brazil,2008,73,191010274
BRA,Brazil,2009,73.4,192980905
BRA,Brazil,2010,73.7,194890682
BRA,Brazil,2011,74,196603732
BRA,Brazil,2012,74.2,198314934
BRA,Brazil,2013,74.5,200004188
BRA,Brazil,2014,74.8,201717541
BRA,Brazil,2015,75,203475683
BRA,Brazil,2016,75.3,205156587
BRA,Brazil,2017,75.5,206804741
BRA,Brazil,2018,75.7,208494900
,Bulgaria,1964,,8144340
,Bulgaria,1965,,8204168
,Bulgaria,1966,,8258057
,Bulgaria,1967,,8310226
,Bulgaria,1968,,8369603
,Bulgaria,1969,,8434172
,Bulgaria,1970,,8489574
,Bulgaria,1971,,8536395
,Bulgaria,1972,,8576200
,Bulgaria,1973,,8620967
,Bulgaria,1974,,8678745
,Bulgaria,1975,,8720742
,Bulgaria,1976,,8758599
,Bulgaria,1977,,8804183
,Bulgaria,1978,,8814032
,Bulgaria,1979,,8825940
,Bulgaria,1980,,8861535
,Bulgaria,1981,,8891117
,Bulgaria,1982,,8917457
,Bulgaria,1983,,8939738
,Bulgaria,1984,,8960679
,Bulgaria,1985,,8960547
,Bulgaria,1986,,8958171
,Bulgaria,1987,,8971359
,Bulgaria,1988,,8981446
,Bulgaria,1989,,8876972
,Bulgaria,1990,,8718289
,Bulgaria,1991,,8632367
,Bulgaria,1992,,8540164
,Bulgaria,1993,,8472313
,Bulgaria,1994,,8443591
,Bulgaria,1995,,8406067
,Bulgaria,1996,,8362826
,Bulgaria,1997,,8312068
,Bulgaria,1998,,8256786
,Bulgaria,1999,,8210624
,Bulgaria,2000,,8170172
,Bulgaria,2001,,8009142
,Bulgaria,2002,,7837161
,Bulgaria,2003,,7775327
,Bulgaria,2004,,7716860
,Bulgaria,2005,,7658972
,Bulgaria,2006,,7601022
,Bulgaria,2007,,7545338
,Bulgaria,2008,,7492561
,Bulgaria,2009,,7444443
,Bulgaria,2010,,7395599
,Bulgaria,2011,,7348328
,Bulgaria,2012,,7305888
,Bulgaria,2013,,7265115
,Bulgaria,2014,,7223938
,Bulgaria,2015,,7177991
,Bulgaria,2016,,7127822
,Bulgaria,2017,,7075947
,Bulgaria,2018,,7025037
CHL,Chile,1964,59,8445953
CHL,Chile,1965,59.5,8646622
CHL,Chile,1966,60,8831223
CHL,Chile,1967,60.6,9015825
CHL,Chile,1968,61.1,9200427
CHL,Chile,1969,61.7,9385028
CHL,Chile,1970,62.3,9569631
CHL,Chile,1971,63,9738347
CHL,Chile,1972,63.6,9907065
CHL,Chile,1973,64.3,10075782
CHL,Chile,1974,65,10244501
CHL,Chile,1975,65.7,10413219
CHL,Chile,1976,66.4,10565409
CHL,Chile,1977,67.1,10717600
CHL,Chile,1978,67.8,10869791
CHL,Chile,1979,68.4,11021982
CHL,Chile,1980,69.1,11174173
CHL,Chile,1981,69.7,11359773
CHL,Chile,1982,70,11545372
CHL,Chile,1983,70.4,11730972
CHL,Chile,1984,70.9,11916572
CHL,Chile,1985,71.3,12102174
CHL,Chile,1986,71.7,12317494
CHL,Chile,1987,72.1,12532815
CHL,Chile,1988,72.5,12748135
CHL,Chile,1989,73,12963457
CHL,Chile,1990,73.4,13178782
CHL,Chile,1991,73.8,13422010
CHL,Chile,1992,74.2,13737062
CHL,Chile,1993,74.5,13956766
CHL,Chile,1994,74.8,14171821
CHL,Chile,1995,75,14381249
CHL,Chile,1996,75.3,14584947
CHL,Chile,1997,75.6,14782706
CHL,Chile,1998,75.9,14974898
CHL,Chile,1999,76.2,15162353
CHL,Chile,2000,76.4,15343326
CHL,Chile,2001,76.7,15520049
CHL,Chile,2002,77,15691701
CHL,Chile,2003,77.2,15856977
CHL,Chile,2004,77.4,16022133
CHL,Chile,2005,77.7,16183489
CHL,Chile,2006,77.9,16347890
CHL,Chile,2007,78.1,16517933
CHL,Chile,2008,78.3,16697754
CHL,Chile,2009,78.6,16881078
CHL,Chile,2010,78.8,17063927
CHL,Chile,2011,79,17254159
CHL,Chile,2012,79.2,17443491
CHL,Chile,2013,79.4,17611902
CHL,Chile,2014,79.6,17787617
CHL,Chile,2015,79.8,17971423
CHL,Chile,2016,80,18167147
CHL,Chile,2017,80.2,18419192
CHL,Chile,2018,80.4,18751405
CHN,China (People's Republic of),1964,47.7,706460953
CHN,China (People's Republic of),1965,49.6,722562183
CHN,China (People's Republic of),1966,51.7,740745642
CHN,China (People's Republic of),1967,53.9,760771063
CHN,China (People's Republic of),1968,55.9,782008729
CHN,China (People's Republic of),1969,57.6,803577221
CHN,China (People's Republic of),1970,59.1,824788457
CHN,China (People's Republic of),1971,60.3,845481578
CHN,China (People's Republic of),1972,61.4,865686530
CHN,China (People's Republic of),1973,62.3,885145933
CHN,China (People's Republic of),1974,63.1,903613538
CHN,China (People's Republic of),1975,63.9,920945083
CHN,China (People's Republic of),1976,64.6,937018252
CHN,China (People's Republic of),1977,65.3,951927444
CHN,China (People's Republic of),1978,65.9,966039822
CHN,China (People's Republic of),1979,66.4,979880619
CHN,China (People's Republic of),1980,66.9,993877310
CHN,China (People's Republic of),1981,67.3,1008000152
CHN,China (People's Republic of),1982,67.7,1022253396
CHN,China (People's Republic of),1983,68,1037123834
CHN,China (People's Republic of),1984,68.3,1053210735
CHN,China (People's Republic of),1985,68.5,1070863389
CHN,China (People's Republic of),1986,68.7,1090348056
CHN,China (People's Republic of),1987,68.9,1111341725
CHN,China (People's Republic of),1988,69,1132866344
CHN,China (People's Republic of),1989,69.1,1153565894
CHN,China (People's Republic of),1990,69.2,1172445200
CHN,China (People's Republic of),1991,69.3,1189183522
CHN,China (People's Republic of),1992,69.5,1204003901
CHN,China (People's Republic of),1993,69.6,1217129133
CHN,China (People's Republic of),1994,69.8,1228991932
CHN,China (People's Republic of),1995,70,1239940004
CHN,China (People's Republic of),1996,70.3,1249981441
CHN,China (People's Republic of),1997,70.6,1259066974
CHN,China (People's Republic of),1998,70.9,1267441503
CHN,China (People's Republic of),1999,71.2,1275406699
CHN,China (People's Republic of),2000,71.5,1283198970
CHN,China (People's Republic of),2001,71.8,1290937649
CHN,China (People's Republic of),2002,72.2,1298646577
CHN,China (People's Republic of),2003,72.5,1306343911
CHN,China (People's Republic of),2004,72.8,1314007478
CHN,China (People's Republic of),2005,73.1,1321623490
CHN,China (People's Republic of),2006,73.4,1329209094
CHN,China (People's Republic of),2007,73.6,1336800506
CHN,China (People's Republic of),2008,73.9,1344415227
CHN,China (People's Republic of),2009,74.2,1352068091
CHN,China (People's Republic of),2010,74.5,1359755102
CHN,China (People's Republic of),2011,74.8,1367480264
CHN,China (People's Republic of),2012,75.1,1375198619
CHN,China (People's Republic of),2013,75.4,1382793212
CHN,China (People's Republic of),2014,75.7,1390110388
CHN,China (People's Republic of),2015,76,1397028553
CHN,China (People's Republic of),2016,76.3,1403500365
CHN,China (People's Republic of),2017,76.6,1409517397
CHN,China (People's Republic of),2018,76.8,1415045928
COL,Colombia,1964,57,18581974
COL,Colombia,1965,57.4,19144223
COL,Colombia,1966,57.8,19721462
COL,Colombia,1967,58.3,20311371
COL,Colombia,1968,58.7,20905059
COL,Colombia,1969,59.1,21490945
COL,Colombia,1970,59.6,22061215
COL,Colombia,1971,60,22611986
COL,Colombia,1972,60.4,23146803
COL,Colombia,1973,60.8,23674504
COL,Colombia,1974,61.2,24208021
COL,Colombia,1975,61.5,24756973
COL,Colombia,1976,62.1,25323406
COL,Colombia,1977,62.6,25905127
COL,Colombia,1978,63.1,26502166
COL,Colombia,1979,63.6,27113512
COL,Colombia,1980,64,27737900
COL,Colombia,1981,64.5,28375991
COL,Colombia,1982,65,29027162
COL,Colombia,1983,65.5,29687094
COL,Colombia,1984,66,30350086
COL,Colombia,1985,66.4,30802221
COL,Colombia,1986,66.6,31439997
COL,Colombia,1987,66.8,32096973
COL,Colombia,1988,67,32767110
COL,Colombia,1989,67.1,33446912
COL,Colombia,1990,67.3,34130022
COL,Colombia,1991,67.4,34830570
COL,Colombia,1992,67.5,35520940
COL,Colombia,1993,67.6,36207108
COL,Colombia,1994,68.2,36853905
COL,Colombia,1995,68.7,37472184
COL,Colombia,1996,69.2,38068050
COL,Colombia,1997,69.7,38635691
COL,Colombia,1998,70.1,39184456
COL,Colombia,1999,70.6,39730798
COL,Colombia,2000,71,40295563
COL,Colombia,2001,71.5,40813541
COL,Colombia,2002,71.9,41328824
COL,Colombia,2003,72.3,41848959
COL,Colombia,2004,72.7,42368489
COL,Colombia,2005,73.1,42888592
COL,Colombia,2006,73.3,43405956
COL,Colombia,2007,73.6,43926929
COL,Colombia,2008,73.9,44451147
COL,Colombia,2009,74.1,44978832
COL,Colombia,2010,74.3,45509584
COL,Colombia,2011,74.6,46044601
COL,Colombia,2012,74.8,46581823
COL,Colombia,2013,75.1,47121089
COL,Colombia,2014,75.3,47661787
COL,Colombia,2015,75.5,48203405
COL,Colombia,2016,75.8,48747708
COL,Colombia,2017,76,49291609
COL,Colombia,2018,76.5,49834240
CRI,Costa Rica,1964,63.3,1455625
CRI,Costa Rica,1965,63.9,1507565
CRI,Costa Rica,1966,64.5,1559922
CRI,Costa Rica,1967,65,1612363
CRI,Costa Rica,1968,65.5,1664202
CRI,Costa Rica,1969,66,1715441
CRI,Costa Rica,1970,66.5,1763665
CRI,Costa Rica,1971,67,1812029
CRI,Costa Rica,1972,67.5,1860528
CRI,Costa Rica,1973,68.1,1909614
CRI,Costa Rica,1974,68.6,1959976
CRI,Costa Rica,1975,69.2,2009819
CRI,Costa Rica,1976,69.8,2063320
CRI,Costa Rica,1977,70.4,2117790
CRI,Costa Rica,1978,71,2177452
CRI,Costa Rica,1979,71.6,2239890
CRI,Costa Rica,1980,72.2,2304094
CRI,Costa Rica,1981,72.8,2370060
CRI,Costa Rica,1982,73.3,2437231
CRI,Costa Rica,1983,73.8,2505453
CRI,Costa Rica,1984,74.2,2573769
CRI,Costa Rica,1985,74.5,2646142
CRI,Costa Rica,1986,74.8,2726063
CRI,Costa Rica,1987,75.1,2804079
CRI,Costa Rica,1988,75.3,2878888
CRI,Costa Rica,1989,75.5,2955335
CRI,Costa Rica,1990,75.7,3029336
CRI,Costa Rica,1991,75.9,3101536
CRI,Costa Rica,1992,76.1,3170537
CRI,Costa Rica,1993,76.3,3239868
CRI,Costa Rica,1994,76.4,3334223
CRI,Costa Rica,1995,76.6,3428278
CRI,Costa Rica,1996,76.8,3520866
CRI,Costa Rica,1997,77,3611224
CRI,Costa Rica,1998,77.2,3699939
CRI,Costa Rica,1999,77.3,3786841
CRI,Costa Rica,2000,77.5,3872349
CRI,Costa Rica,2001,77.6,3953393
CRI,Costa Rica,2002,77.8,4022431
CRI,Costa Rica,2003,77.9,4086405
CRI,Costa Rica,2004,78,4151823
CRI,Costa Rica,2005,78.1,4215248
CRI,Costa Rica,2006,78.3,4278656
CRI,Costa Rica,2007,78.4,4340390
CRI,Costa Rica,2008,78.5,4404090
CRI,Costa Rica,2009,78.7,4469337
CRI,Costa Rica,2010,78.8,4533894
CRI,Costa Rica,2011,79.1,4592149
CRI,Costa Rica,2012,79.4,4652459
CRI,Costa Rica,2013,79.6,4713168
CRI,Costa Rica,2014,79.8,4773130
CRI,Costa Rica,2015,79.9,4832234
CRI,Costa Rica,2016,80.1,4890379
CRI,Costa Rica,2017,80.2,4947490
CRI,Costa Rica,2018,80.4,5003402
,Croatia,1964,,4304984
,Croatia,1965,,4328920
,Croatia,1966,,4350815
,Croatia,1967,,4370856
,Croatia,1968,,4389321
,Croatia,1969,,4406607
,Croatia,1970,,4423073
,Croatia,1971,,4438818
,Croatia,1972,,4453985
,Croatia,1973,,4469035
,Croatia,1974,,4484521
,Croatia,1975,,4500868
,Croatia,1976,,4518103
,Croatia,1977,,4536198
,Croatia,1978,,4555413
,Croatia,1979,,4576030
,Croatia,1980,,4598126
,Croatia,1981,,4621418
,Croatia,1982,,4645409
,Croatia,1983,,4669614
,Croatia,1984,,4693432
,Croatia,1985,,4716117
,Croatia,1986,,4737949
,Croatia,1987,,4758152
,Croatia,1988,,4773683
,Croatia,1989,,4780627
,Croatia,1990,,4776374
,Croatia,1991,,4760003
,Croatia,1992,,4732864
,Croatia,1993,,4697536
,Croatia,1994,,4657799
,Croatia,1995,,4616762
,Croatia,1996,,4574853
,Croatia,1997,,4532298
,Croatia,1998,,4491742
,Croatia,1999,,4456298
,Croatia,2000,,4428069
,Croatia,2001,,4300450
,Croatia,2002,,4305443
,Croatia,2003,,4305553
,Croatia,2004,,4308296
,Croatia,2005,,4311674
,Croatia,2006,,4313016
,Croatia,2007,,4312751
,Croatia,2008,,4310884
,Croatia,2009,,4306315
,Croatia,2010,,4296353
,Croatia,2011,,4282913
,Croatia,2012,,4269063
,Croatia,2013,,4254469
,Croatia,2014,,4238389
,Croatia,2015,,4203604
,Croatia,2016,,4174349
,Croatia,2017,,4124531
,Croatia,2018,,4080666
,Cyprus,1964,,578627
,Cyprus,1965,,580966
,Cyprus,1966,,585308
,Cyprus,1967,,591308
,Cyprus,1968,,598493
,Cyprus,1969,,606113
,Cyprus,1970,,613621
,Cyprus,1971,,620859
,Cyprus,1972,,628002
,Cyprus,1973,,635111
,Cyprus,1974,,642339
,Cyprus,1975,,649755
,Cyprus,1976,,657534
,Cyprus,1977,,665528
,Cyprus,1978,,673251
,Cyprus,1979,,680011
,Cyprus,1980,,685406
,Cyprus,1981,,689173
,Cyprus,1982,,523734
,Cyprus,1983,,528071
,Cyprus,1984,,534958
,Cyprus,1985,,541502
,Cyprus,1986,,547747
,Cyprus,1987,,553736
,Cyprus,1988,,559639
,Cyprus,1989,,567674
,Cyprus,1990,,579898
,Cyprus,1991,,595105
,Cyprus,1992,,611151
,Cyprus,1993,,626087
,Cyprus,1994,,639170
,Cyprus,1995,,650860
,Cyprus,1996,,661326
,Cyprus,1997,,670764
,Cyprus,1998,,679042
,Cyprus,1999,,686675
,Cyprus,2000,,694020
,Cyprus,2001,,701537
,Cyprus,2002,,709631
,Cyprus,2003,,718305
,Cyprus,2004,,727977
,Cyprus,2005,,738541
,Cyprus,2006,,750964
,Cyprus,2007,,767128
,Cyprus,2008,,786630
,Cyprus,2009,,808038
,Cyprus,2010,,829444
,Cyprus,2011,,850882
,Cyprus,2012,,863945
,Cyprus,2013,,861938
,Cyprus,2014,,852511
,Cyprus,2015,,847662
,Cyprus,2016,,851559
,Cyprus,2017,,859520
,Cyprus,2018,,869006
EST,Estonia,1964,70.3,1275437
EST,Estonia,1965,70.3,1290396
EST,Estonia,1966,70.4,1304987
EST,Estonia,1967,70.6,1319245
EST,Estonia,1968,70.2,1333176
EST,Estonia,1969,69.9,1346818
EST,Estonia,1970,70,1360076
EST,Estonia,1971,70.3,1376955
EST,Estonia,1972,70.1,1392518
EST,Estonia,1973,70.4,1405951
EST,Estonia,1974,70.5,1418169
EST,Estonia,1975,69.9,1429352
EST,Estonia,1976,69.5,1439576
EST,Estonia,1977,69.6,1450211
EST,Estonia,1978,69.4,1460188
EST,Estonia,1979,69.2,1468333
EST,Estonia,1980,69.3,1477219
EST,Estonia,1981,69.1,1487666
EST,Estonia,1982,69.7,1498414
EST,Estonia,1983,69.6,1508745
EST,Estonia,1984,69.5,1518617
EST,Estonia,1985,69.6,1528781
EST,Estonia,1986,70.7,1540190
EST,Estonia,1987,70.7,1552221
EST,Estonia,1988,70.8,1561900
EST,Estonia,1989,70.3,1568131
EST,Estonia,1990,69.8,1569174
EST,Estonia,1991,69.7,1561314
EST,Estonia,1992,69.1,1533091
EST,Estonia,1993,68.2,1494128
EST,Estonia,1994,66.8,1462514
EST,Estonia,1995,67.9,1436634
EST,Estonia,1996,69.9,1415594
EST,Estonia,1997,70.1,1399535
EST,Estonia,1998,69.7,1386156
EST,Estonia,1999,70.6,1375654
EST,Estonia,2000,71,1396985
EST,Estonia,2001,70.9,1388115
EST,Estonia,2002,71.4,1379350
EST,Estonia,2003,71.8,1370720
EST,Estonia,2004,72.4,1362550
EST,Estonia,2005,72.9,1354775
EST,Estonia,2006,73.1,1346810
EST,Estonia,2007,73.2,1340680
EST,Estonia,2008,74.2,1337090
EST,Estonia,2009,75.2,1334515
EST,Estonia,2010,75.9,1331475
EST,Estonia,2011,76.4,1327439
EST,Estonia,2012,76.5,1322696
EST,Estonia,2013,77.3,1317997
EST,Estonia,2014,77.2,1314545
EST,Estonia,2015,77.7,1314608
EST,Estonia,2016,77.8,1315790
EST,Estonia,2017,78.2,1317384
EST,Estonia,2018,78.4,1321977
IND,India,1964,43.9,487484535
IND,India,1965,44.5,497702365
IND,India,1966,45.1,508161935
IND,India,1967,45.8,518889779
IND,India,1968,46.4,529967317
IND,India,1969,47.1,541505076
IND,India,1970,47.7,553578513
IND,India,1971,48.4,566224812
IND,India,1972,49.1,579411513
IND,India,1973,49.7,593058926
IND,India,1974,50.4,607050255
IND,India,1975,51,621301720
IND,India,1976,51.6,635771734
IND,India,1977,52.2,650485030
IND,India,1978,52.8,665502284
IND,India,1979,53.3,680915804
IND,India,1980,53.8,696783517
IND,India,1981,54.3,713118032
IND,India,1982,54.7,729868013
IND,India,1983,55.1,746949067
IND,India,1984,55.5,764245202
IND,India,1985,55.8,781666671
IND,India,1986,56.2,799181436
IND,India,1987,56.6,816792741
IND,India,1988,57,834489322
IND,India,1989,57.4,852270034
IND,India,1990,57.9,870133480
IND,India,1991,58.4,888054875
IND,India,1992,58.9,906021106
IND,India,1993,59.4,924057817
IND,India,1994,59.9,942204249
IND,India,1995,60.3,960482795
IND,India,1996,60.8,978893217
IND,India,1997,61.3,997405318
IND,India,1998,61.7,1015974042
IND,India,1999,62.1,1034539214
IND,India,2000,62.5,1053050912
IND,India,2001,62.9,1071477855
IND,India,2002,63.3,1089807112
IND,India,2003,63.7,1108027848
IND,India,2004,64.1,1126135777
IND,India,2005,64.5,1144118674
IND,India,2006,64.9,1161977719
IND,India,2007,65.4,1179681239
IND,India,2008,65.8,1197146906
IND,India,2009,66.3,1214270132
IND,India,2010,66.7,1230980691
IND,India,2011,67.2,1247236029
IND,India,2012,67.6,1263065852
IND,India,2013,68,1278562207
IND,India,2014,68.3,1293859294
IND,India,2015,68.7,1309053980
IND,India,2016,68.9,1324171354
IND,India,2017,69.2,1339180127
IND,India,2018,69.5,1354051854
IDN,Indonesia,1964,49.1,97638029
IDN,Indonesia,1965,49.7,100308894
IDN,Indonesia,1966,50.3,103067354
IDN,Indonesia,1967,50.8,105907403
IDN,Indonesia,1968,51.4,108821564
IDN,Indonesia,1969,52,111800091
IDN,Indonesia,1970,52.6,114834780
IDN,Indonesia,1971,53.2,117921998
IDN,Indonesia,1972,53.8,121059513
IDN,Indonesia,1973,54.3,124242298
IDN,Indonesia,1974,54.9,127465231
IDN,Indonesia,1975,55.4,130724115
IDN,Indonesia,1976,56,134010690
IDN,Indonesia,1977,56.5,137322118
IDN,Indonesia,1978,57,140665856
IDN,Indonesia,1979,57.5,144053518
IDN,Indonesia,1980,58,147490365
IDN,Indonesia,1981,58.5,150978840
IDN,Indonesia,1982,59,154506265
IDN,Indonesia,1983,59.4,158044343
IDN,Indonesia,1984,59.9,161555583
IDN,Indonesia,1985,60.3,165012196
IDN,Indonesia,1986,60.7,168402025
IDN,Indonesia,1987,61.1,171728917
IDN,Indonesia,1988,61.5,175000916
IDN,Indonesia,1989,61.9,178233223
IDN,Indonesia,1990,62.3,181436821
IDN,Indonesia,1991,62.7,184615979
IDN,Indonesia,1992,63.1,187766086
IDN,Indonesia,1993,63.5,190879523
IDN,Indonesia,1994,63.9,193945272
IDN,Indonesia,1995,64.3,196957849
IDN,Indonesia,1996,64.6,199914831
IDN,Indonesia,1997,65,202826465
IDN,Indonesia,1998,65.2,205715544
IDN,Indonesia,1999,65.5,208612556
IDN,Indonesia,2000,65.8,211540429
IDN,Indonesia,2001,66,214506502
IDN,Indonesia,2002,66.3,217508059
IDN,Indonesia,2003,66.6,220545214
IDN,Indonesia,2004,67,223614649
IDN,Indonesia,2005,67.3,226712730
IDN,Indonesia,2006,67.7,229838202
IDN,Indonesia,2007,68.1,232989141
IDN,Indonesia,2008,68.5,236159276
IDN,Indonesia,2009,68.9,239340478
IDN,Indonesia,2010,69.2,238518800
IDN,Indonesia,2011,69.6,241990700
IDN,Indonesia,2012,69.9,245425200
IDN,Indonesia,2013,70.2,248818100
IDN,Indonesia,2014,70.5,252164800
IDN,Indonesia,2015,70.8,255461700
IDN,Indonesia,2016,71.1,258705000
IDN,Indonesia,2017,71.3,261890900
IDN,Indonesia,2018,71.6,265015300
,Israel,1964,,2525600
,Israel,1965,,2598400
,Israel,1966,,2657400
,Israel,1967,,2708000
,Israel,1968,,2806700
,Israel,1969,,2879100
,Israel,1970,,2958200
ISR,Israel,1971,71.8,3045600
ISR,Israel,1972,71.5,3225000
ISR,Israel,1973,71.7,3277900
ISR,Israel,1974,71.7,3377200
ISR,Israel,1975,72.1,3455300
ISR,Israel,1976,73,3533100
ISR,Israel,1977,73,3613000
ISR,Israel,1978,73.3,3692600
ISR,Israel,1979,73.6,3786400
ISR,Israel,1980,73.9,3877700
ISR,Israel,1981,74.3,3949800
ISR,Israel,1982,74.2,4020700
ISR,Israel,1983,74.5,4106100
ISR,Israel,1984,74.9,4159100
ISR,Israel,1985,75.3,4233000
ISR,Israel,1986,75,4298800
ISR,Israel,1987,75.3,4368900
ISR,Israel,1988,75.7,4441700
ISR,Israel,1989,76.4,4518200
ISR,Israel,1990,76.7,4660200
ISR,Israel,1991,76.8,4949100
ISR,Israel,1992,76.6,5123500
ISR,Israel,1993,77.2,5261400
ISR,Israel,1994,77.5,5399300
ISR,Israel,1995,77.5,5544900
ISR,Israel,1996,78.2,5685100
ISR,Israel,1997,78.1,5828900
ISR,Israel,1998,78.2,5970700
ISR,Israel,1999,78.5,6125300
ISR,Israel,2000,78.8,6289200
ISR,Israel,2001,79.3,6439000
ISR,Israel,2002,79.5,6570000
ISR,Israel,2003,79.7,6689700
ISR,Israel,2004,80.2,6809000
ISR,Israel,2005,80.2,6930128
ISR,Israel,2006,80.6,7053707
ISR,Israel,2007,80.6,7180115
ISR,Israel,2008,81,7308795
ISR,Israel,2009,81.5,7485565
ISR,Israel,2010,81.7,7623561
ISR,Israel,2011,81.7,7765832
ISR,Israel,2012,81.8,7910525
ISR,Israel,2013,82.1,8059456
ISR,Israel,2014,82.2,8215668
ISR,Israel,2015,82.1,8380149
ISR,Israel,2016,82.5,8546009
ISR,Israel,2017,82.6,8713300
ISR,Israel,2018,82.9,8872943
,Latvia,1964,,2240945
,Latvia,1965,,2266941
,Latvia,1966,,2291465
,Latvia,1967,,2314500
,Latvia,1968,,2336322
,Latvia,1969,,2357395
,Latvia,1970,,2359164
,Latvia,1971,,2376389
,Latvia,1972,,2395674
,Latvia,1973,,2415819
,Latvia,1974,,2437186
,Latvia,1975,,2456130
,Latvia,1976,,2470989
,Latvia,1977,,2485073
,Latvia,1978,,2497921
,Latvia,1979,,2505953
,Latvia,1980,,2511701
,Latvia,1981,,2519421
,Latvia,1982,,2531080
,Latvia,1983,,2546011
,Latvia,1984,,2562047
,Latvia,1985,,2578873
,Latvia,1986,,2599892
,Latvia,1987,,2626583
,Latvia,1988,,2653434
,Latvia,1989,,2666955
,Latvia,1990,,2663146
,Latvia,1991,,2650581
,Latvia,1992,,2614338
,Latvia,1993,,2563289
,Latvia,1994,,2520742
,Latvia,1995,,2485054
,Latvia,1996,,2457226
,Latvia,1997,,2432851
,Latvia,1998,,2410027
,Latvia,1999,,2390477
,Latvia,2000,,2367549
,Latvia,2001,,2337172
LVA,Latvia,2002,70.1,2310176
LVA,Latvia,2003,70.5,2287955
LVA,Latvia,2004,70.8,2263123
LVA,Latvia,2005,70.6,2238799
LVA,Latvia,2006,70.6,2218351
LVA,Latvia,2007,70.8,2200325
LVA,Latvia,2008,72,2177324
LVA,Latvia,2009,72.6,2141668
LVA,Latvia,2010,73,2097553
LVA,Latvia,2011,73.7,2059710
LVA,Latvia,2012,73.9,2034324
LVA,Latvia,2013,74.1,2012647
LVA,Latvia,2014,74.3,1993785
LVA,Latvia,2015,74.6,1977523
LVA,Latvia,2016,74.7,1959535
LVA,Latvia,2017,74.8,1942247
LVA,Latvia,2018,74.9,1927170
,Lithuania,1964,,2927380
,Lithuania,1965,,2966162
,Lithuania,1966,,3002790
,Lithuania,1967,,3037440
,Lithuania,1968,,3070690
,Lithuania,1969,,3103511
LTU,Lithuania,1970,70.9,3139689
LTU,Lithuania,1971,71.9,3179041
LTU,Lithuania,1972,71.2,3213622
LTU,Lithuania,1973,71.5,3244438
LTU,Lithuania,1974,71.4,3273894
LTU,Lithuania,1975,71,3301652
LTU,Lithuania,1976,71,3328664
LTU,Lithuania,1977,70.9,3355036
LTU,Lithuania,1978,70.6,3379514
LTU,Lithuania,1979,70.5,3397842
LTU,Lithuania,1980,70.4,3413202
LTU,Lithuania,1981,70.4,3432947
LTU,Lithuania,1982,70.8,3457179
LTU,Lithuania,1983,70.7,3485192
LTU,Lithuania,1984,70.2,3514205
LTU,Lithuania,1985,70.5,3544543
LTU,Lithuania,1986,72.1,3578914
LTU,Lithuania,1987,72,3616367
LTU,Lithuania,1988,71.9,3655049
LTU,Lithuania,1989,71.6,3684255
LTU,Lithuania,1990,71.4,3697838
LTU,Lithuania,1991,70.6,3704134
LTU,Lithuania,1992,70.4,3700114
LTU,Lithuania,1993,69.1,3682613
LTU,Lithuania,1994,68.7,3657144
LTU,Lithuania,1995,69.2,3629102
LTU,Lithuania,1996,70.3,3601613
LTU,Lithuania,1997,71.1,3575137
LTU,Lithuania,1998,71.4,3549331
LTU,Lithuania,1999,71.7,3524237
LTU,Lithuania,2000,72.1,3499534
LTU,Lithuania,2001,71.7,3470817
LTU,Lithuania,2002,71.8,3443066
LTU,Lithuania,2003,72.1,3415209
LTU,Lithuania,2004,72,3377073
LTU,Lithuania,2005,71.3,3322525
LTU,Lithuania,2006,71.1,3269903
LTU,Lithuania,2007,70.9,3231297
LTU,Lithuania,2008,71.8,3198234
LTU,Lithuania,2009,72.9,3162911
LTU,Lithuania,2010,73.3,3097292
LTU,Lithuania,2011,73.7,3028119
LTU,Lithuania,2012,74,2987773
LTU,Lithuania,2013,74.1,2957689
LTU,Lithuania,2014,74.7,2932366
LTU,Lithuania,2015,74.5,2904908
LTU,Lithuania,2016,74.8,2868234
LTU,Lithuania,2017,75.6,2828398
LTU,Lithuania,2018,75.8,2801541
,Malta,1964,,319588
,Malta,1965,,321019
,Malta,1966,,321606
,Malta,1967,,321508
,Malta,1968,,320979
,Malta,1969,,320414
,Malta,1970,,320086
,Malta,1971,,320078
,Malta,1972,,320317
,Malta,1973,,320854
,Malta,1974,,321683
,Malta,1975,,322821
,Malta,1976,,324279
,Malta,1977,,326079
,Malta,1978,,328201
,Malta,1979,,330611
,Malta,1980,,333274
,Malta,1981,,336193
,Malta,1982,,339342
,Malta,1983,,342628
,Malta,1984,,330593
,Malta,1985,,336452
,Malta,1986,,342121
,Malta,1987,,344485
,Malta,1988,,347325
,Malta,1989,,350722
,Malta,1990,,354170
,Malta,1991,,357727
,Malta,1992,,361260
,Malta,1993,,364704
,Malta,1994,,367941
,Malta,1995,,370433
,Malta,1996,,372687
,Malta,1997,,375236
,Malta,1998,,377516
,Malta,1999,,379360
,Malta,2000,,385808
,Malta,2001,,393028
,Malta,2002,,395969
,Malta,2003,,398582
,Malta,2004,,401263
,Malta,2005,,403825
,Malta,2006,,405311
,Malta,2007,,406725
,Malta,2008,,409375
,Malta,2009,,412475
,Malta,2010,,414512
,Malta,2011,,416263
,Malta,2012,,420027
,Malta,2013,,425966
,Malta,2014,,434551
,Malta,2015,,445053
,Malta,2016,,455355
,Malta,2017,,468005
,Malta,2018,,483793
,Romania,1964,,19207135
,Romania,1965,,19379568
,Romania,1966,,19582327
,Romania,1967,,19810585
,Romania,1968,,19799831
,Romania,1969,,20009141
,Romania,1970,,20250396
,Romania,1971,,20461575
,Romania,1972,,20657956
,Romania,1973,,20835682
,Romania,1974,,21029428
,Romania,1975,,21293586
,Romania,1976,,21551631
,Romania,1977,,21756097
,Romania,1978,,21951467
,Romania,1979,,22090484
,Romania,1980,,22207284
,Romania,1981,,22353071
,Romania,1982,,22475742
,Romania,1983,,22560476
,Romania,1984,,22640545
,Romania,1985,,22732997
,Romania,1986,,22836836
,Romania,1987,,22949427
,Romania,1988,,23057660
,Romania,1989,,23161460
,Romania,1990,,23201832
,Romania,1991,,23001160
,Romania,1992,,22794284
,Romania,1993,,22763283
,Romania,1994,,22730216
,Romania,1995,,22684268
,Romania,1996,,22619005
,Romania,1997,,22553982
,Romania,1998,,22507354
,Romania,1999,,22472043
,Romania,2000,,22442973
,Romania,2001,,22131974
,Romania,2002,,21675775
,Romania,2003,,21574365
,Romania,2004,,21451845
,Romania,2005,,21319673
,Romania,2006,,21193749
,Romania,2007,,20882980
,Romania,2008,,20537848
,Romania,2009,,20367437
,Romania,2010,,20246798
,Romania,2011,,20147657
,Romania,2012,,20060182
,Romania,2013,,19988694
,Romania,2014,,19916451
,Romania,2015,,19822250
,Romania,2016,,19706529
,Romania,2017,,19588146
,Romania,2018,,19471332
RUS,Russia,1964,67.7,125412625
RUS,Russia,1965,67.8,126483875
RUS,Russia,1966,67.9,127395883
RUS,Russia,1967,68,128164764
RUS,Russia,1968,68,128836021
RUS,Russia,1969,68,129472835
RUS,Russia,1970,68.3,130123431
RUS,Russia,1971,68.5,130805201
RUS,Russia,1972,68.4,131514099
RUS,Russia,1973,68.4,132250780
RUS,Russia,1974,68.5,133008905
RUS,Russia,1975,67.9,133784384
RUS,Russia,1976,67.6,134580091
RUS,Russia,1977,67.5,135402802
RUS,Russia,1978,67.5,136255397
RUS,Russia,1979,67.3,137140562
RUS,Russia,1980,67.2,138058710
RUS,Russia,1981,67.4,139002314
RUS,Russia,1982,67.9,139964753
RUS,Russia,1983,67.8,140946861
RUS,Russia,1984,67.3,141950629
RUS,Russia,1985,68,142971168
RUS,Russia,1986,69.5,144011513
RUS,Russia,1987,69.6,145051663
RUS,Russia,1988,69.6,146035578
RUS,Russia,1989,69.3,146890544
RUS,Russia,1990,69,147969413
RUS,Russia,1991,68.8,148394220
RUS,Russia,1992,67.8,148538190
RUS,Russia,1993,65.3,148458780
RUS,Russia,1994,64.3,148407906
RUS,Russia,1995,64.9,148375796
RUS,Russia,1996,66,148160121
RUS,Russia,1997,66.8,147915371
RUS,Russia,1998,67.2,147670787
RUS,Russia,1999,66.1,147214777
RUS,Russia,2000,65.6,146596873
RUS,Russia,2001,65.5,145976465
RUS,Russia,2002,65.3,145306489
RUS,Russia,2003,65.2,144565937
RUS,Russia,2004,65.6,143821218
RUS,Russia,2005,65.7,143113885
RUS,Russia,2006,66.9,142487259
RUS,Russia,2007,67.7,142114903
RUS,Russia,2008,68.1,141956413
RUS,Russia,2009,68.8,141909248
RUS,Russia,2010,69,142389969
RUS,Russia,2011,69.8,142960911
RUS,Russia,2012,70.2,143201721
RUS,Russia,2013,70.7,143506995
RUS,Russia,2014,70.9,143819657
RUS,Russia,2015,71.3,144096881
RUS,Russia,2016,71.8,144342400
RUS,Russia,2017,72.6,144496738
RUS,Russia,2018,72.8,144491104
,Saudi Arabia,1964,,4677404
,Saudi Arabia,1965,,4843635
,Saudi Arabia,1966,,5015204
,Saudi Arabia,1967,,5194846
,Saudi Arabia,1968,,5387486
,Saudi Arabia,1969,,5599628
,Saudi Arabia,1970,,5836389
,Saudi Arabia,1971,,6100994
,Saudi Arabia,1972,,6393894
,Saudi Arabia,1973,,6714095
,Saudi Arabia,1974,,7059334
,Saudi Arabia,1975,,7428703
,Saudi Arabia,1976,,7818613
,Saudi Arabia,1977,,8231604
,Saudi Arabia,1978,,8679840
,Saudi Arabia,1979,,9179621
,Saudi Arabia,1980,,9740599
,Saudi Arabia,1981,,10366661
,Saudi Arabia,1982,,11048080
,Saudi Arabia,1983,,11763837
,Saudi Arabia,1984,,12484967
,Saudi Arabia,1985,,13189115
,Saudi Arabia,1986,,13869012
,Saudi Arabia,1987,,14525660
,Saudi Arabia,1988,,15155223
,Saudi Arabia,1989,,15755944
,Saudi Arabia,1990,,16326815
,Saudi Arabia,1991,,16867829
,Saudi Arabia,1992,,17378833
,Saudi Arabia,1993,,17859750
,Saudi Arabia,1994,,18311090
,Saudi Arabia,1995,,18735841
,Saudi Arabia,1996,,19131578
,Saudi Arabia,1997,,19505576
,Saudi Arabia,1998,,19882458
,Saudi Arabia,1999,,20294406
,Saudi Arabia,2000,,20764312
,Saudi Arabia,2001,,21303592
,Saudi Arabia,2002,,21906308
,Saudi Arabia,2003,,22556425
,Saudi Arabia,2004,,23228890
,Saudi Arabia,2005,,23905654
,Saudi Arabia,2006,,24578301
,Saudi Arabia,2007,,25252569
,Saudi Arabia,2008,,25940770
,Saudi Arabia,2009,,26661492
,Saudi Arabia,2010,,27425676
,Saudi Arabia,2011,,28238020
,Saudi Arabia,2012,,29086357
,Saudi Arabia,2013,,29944476
,Saudi Arabia,2014,,30776722
,Saudi Arabia,2015,,31557144
,Saudi Arabia,2016,,31787580
,Saudi Arabia,2017,,32612641
,Saudi Arabia,2018,,33413660
,Singapore,1964,,1841600
,Singapore,1965,,1886900
,Singapore,1966,,1934400
,Singapore,1967,,1977600
,Singapore,1968,,2012000
,Singapore,1969,,2042500
,Singapore,1970,,2013563
,Singapore,1971,,2112900
,Singapore,1972,,2152400
,Singapore,1973,,2193000
,Singapore,1974,,2229800
,Singapore,1975,,2262600
,Singapore,1976,,2293300
,Singapore,1977,,2325300
,Singapore,1978,,2353600
,Singapore,1979,,2383500
,Singapore,1980,,2282125
,Singapore,1981,,2324403
,Singapore,1982,,2365707
,Singapore,1983,,2406165
,Singapore,1984,,2443705
,Singapore,1985,,2482615
,Singapore,1986,,2518598
,Singapore,1987,,2553864
,Singapore,1988,,2598458
,Singapore,1989,,2647627
,Singapore,1990,,2735868
,Singapore,1991,,2794704
,Singapore,1992,,2849754
,Singapore,1993,,2904547
,Singapore,1994,,2959350
,Singapore,1995,,3013515
,Singapore,1996,,3068132
,Singapore,1997,,3123403
,Singapore,1998,,3180018
,Singapore,1999,,3229681
,Singapore,2000,,3273363
,Singapore,2001,,3325902
,Singapore,2002,,3382944
,Singapore,2003,,3366891
,Singapore,2004,,3413266
,Singapore,2005,,3467814
,Singapore,2006,,3525894
,Singapore,2007,,3583082
,Singapore,2008,,3642659
,Singapore,2009,,3733876
,Singapore,2010,,3771721
,Singapore,2011,,3789251
,Singapore,2012,,3818205
,Singapore,2013,,3844751
,Singapore,2014,,3870739
,Singapore,2015,,3902690
,Singapore,2016,,3933559
,Singapore,2017,,3965796
,Singapore,2018,,3994283
,Slovenia,1964,,1630553
,Slovenia,1965,,1650413
,Slovenia,1966,,1669606
,Slovenia,1967,,1690939
,Slovenia,1968,,1703708
,Slovenia,1969,,1714022
SVN,Slovenia,1970,68.7,1726513
,Slovenia,1971,,1729941
,Slovenia,1972,,1741343
,Slovenia,1973,,1753296
,Slovenia,1974,,1766040
,Slovenia,1975,,1778454
,Slovenia,1976,,1786977
,Slovenia,1977,,1799384
,Slovenia,1978,,1810997
,Slovenia,1979,,1824001
,Slovenia,1980,,1884477
,Slovenia,1981,,1896133
SVN,Slovenia,1982,71.2,1910335
SVN,Slovenia,1983,71,1922322
SVN,Slovenia,1984,71.4,1932154
SVN,Slovenia,1985,71.9,1941640
SVN,Slovenia,1986,72.4,1980718
SVN,Slovenia,1987,72.4,1989462
SVN,Slovenia,1988,73,1999988
SVN,Slovenia,1989,73.4,1999404
SVN,Slovenia,1990,73.8,1998090
SVN,Slovenia,1991,73.5,2001768
SVN,Slovenia,1992,73.6,1995832
SVN,Slovenia,1993,73.5,1990623
SVN,Slovenia,1994,74,1988850
SVN,Slovenia,1995,74.7,1987505
SVN,Slovenia,1996,75.1,1991169
SVN,Slovenia,1997,75.1,1986848
SVN,Slovenia,1998,75.3,1982603
SVN,Slovenia,1999,75.7,1985557
SVN,Slovenia,2000,76.1,1990272
SVN,Slovenia,2001,76.4,1992035
SVN,Slovenia,2002,76.6,1995718
SVN,Slovenia,2003,76.4,1996773
SVN,Slovenia,2004,77.2,1997004
SVN,Slovenia,2005,77.4,2001114
SVN,Slovenia,2006,78.3,2008516
SVN,Slovenia,2007,78.3,2019406
SVN,Slovenia,2008,79.1,2022629
SVN,Slovenia,2009,79.3,2042335
SVN,Slovenia,2010,79.8,2049261
SVN,Slovenia,2011,80.1,2052496
SVN,Slovenia,2012,80.2,2056262
SVN,Slovenia,2013,80.4,2059114
SVN,Slovenia,2014,81.2,2061623
SVN,Slovenia,2015,80.9,2063077
SVN,Slovenia,2016,81.3,2064241
SVN,Slovenia,2017,81.1,2066161
SVN,Slovenia,2018,81.5,2070050
ZAF,South Africa,1964,50,19412975
ZAF,South Africa,1965,50.4,19942303
ZAF,South Africa,1966,50.8,20486439
ZAF,South Africa,1967,51.2,21045785
ZAF,South Africa,1968,51.7,21622590
ZAF,South Africa,1969,52.2,22219897
ZAF,South Africa,1970,52.7,22839451
ZAF,South Africa,1971,53.2,23482813
ZAF,South Africa,1972,53.8,24148137
ZAF,South Africa,1973,54.4,24829693
ZAF,South Africa,1974,54.9,25519604
ZAF,South Africa,1975,55.5,26212405
ZAF,South Africa,1976,56.1,26904349
ZAF,South Africa,1977,56.6,27597297
ZAF,South Africa,1978,57.1,28298150
ZAF,South Africa,1979,57.7,29017049
ZAF,South Africa,1980,58.2,29760471
ZAF,South Africa,1981,58.7,30532954
ZAF,South Africa,1982,59.3,31330259
ZAF,South Africa,1983,59.8,32139708
ZAF,South Africa,1984,60.4,32943584
ZAF,South Africa,1985,61,33730148
ZAF,South Africa,1986,61.6,34490419
ZAF,South Africa,1987,62.2,35230249
ZAF,South Africa,1988,62.7,35970537
ZAF,South Africa,1989,63.1,36740883
ZAF,South Africa,1990,63.4,37560525
ZAF,South Africa,1991,63.5,38437855
ZAF,South Africa,1992,63.4,39360225
ZAF,South Africa,1993,63,40300161
ZAF,South Africa,1994,62.5,41218901
ZAF,South Africa,1995,61.7,42088165
ZAF,South Africa,1996,60.7,42898520
ZAF,South Africa,1997,59.6,43657024
ZAF,South Africa,1998,58.5,44372112
ZAF,South Africa,1999,57.3,45058775
ZAF,South Africa,2000,56.2,45728315
ZAF,South Africa,2001,55.2,46385006
ZAF,South Africa,2002,54.4,45765710
ZAF,South Africa,2003,53.8,46243716
ZAF,South Africa,2004,53.5,46741256
ZAF,South Africa,2005,53.5,47268914
ZAF,South Africa,2006,53.9,47839908
ZAF,South Africa,2007,54.5,48476016
ZAF,South Africa,2008,55.4,49176550
ZAF,South Africa,2009,56.5,49928233
ZAF,South Africa,2010,57.7,50724112
ZAF,South Africa,2011,59,51550684
ZAF,South Africa,2012,60.1,52409724
ZAF,South Africa,2013,61.2,53282289
ZAF,South Africa,2014,62,54166787
ZAF,South Africa,2015,62.7,55055626
ZAF,South Africa,2016,63.2,55946872
ZAF,South Africa,2017,63.6,56837474
ZAF,South Africa,2018,63.9,57725606
,World,1964,,3273670772
,World,1965,,3339592688
,World,1966,,3408121405
,World,1967,,3479053821
,World,1968,,3551880700
,World,1969,,3625905514
,World,1970,,3700577650
,World,1971,,3775790900
,World,1972,,3851545181
,World,1973,,3927538695
,World,1974,,4003448151
,World,1975,,4079087198
,World,1976,,4154287594
,World,1977,,4229201257
,World,1978,,4304377112
,World,1979,,4380585755
,World,1980,,4458411534
,World,1981,,4537845777
,World,1982,,4618776168
,World,1983,,4701530843
,World,1984,,4786483862
,World,1985,,4873781796
,World,1986,,4963633228
,World,1987,,5055636132
,World,1988,,5148556956
,World,1989,,5240735117
,World,1990,,5330943460
,World,1991,,5418758803
,World,1992,,5504401149
,World,1993,,5588094837
,World,1994,,5670319703
,World,1995,,5751474416
,World,1996,,5831565020
,World,1997,,5910566295
,World,1998,,5988846103
,World,1999,,6066867391
,World,2000,,6145006989
,World,2001,,6223412158
,World,2002,,6302149639
,World,2003,,6381408987
,World,2004,,6461370865
,World,2005,,6542159383
,World,2006,,6623847913
,World,2007,,6706418593
,World,2008,,6789771253
,World,2009,,6873741054
,World,2010,,6958169159
,World,2011,,7043008586
,World,2012,,7128176935
,World,2013,,7213426452
,World,2014,,7298453033
,World,2015,,7383008820
,World,2016,,7466964280
,World,2017,,7550262101
,World,2018,,7632819325
,G20,1964,,2388734828
,G20,1965,,2432630275
,G20,1966,,2477988333
,G20,1967,,2525649871
,G20,1968,,2574414771
,G20,1969,,2624354097
,G20,1970,,2674325916
,G20,1971,,2725508199
,G20,1972,,2776729912
,G20,1973,,2827413683
,G20,1974,,2877372644
,G20,1975,,2926537736
,G20,1976,,2974157202
,G20,1977,,3020913177
,G20,1978,,3067339496
,G20,1979,,3114074933
,G20,1980,,3162483068
,G20,1981,,3210652944
,G20,1982,,3259027364
,G20,1983,,3308220369
,G20,1984,,3358517581
,G20,1985,,3410424587
,G20,1986,,3464200023
,G20,1987,,3519215318
,G20,1988,,3574829474
,G20,1989,,3629776154
,G20,1990,,3683471388
,G20,1991,,3736277506
,G20,1992,,3785660383
,G20,1993,,3832750439
,G20,1994,,3877996630
,G20,1995,,3922073423
,G20,1996,,3964871832
,G20,1997,,4006642937
,G20,1998,,4047370220
,G20,1999,,4087534548
,G20,2000,,4128026687
,G20,2001,,4167607608
,G20,2002,,4205746698
,G20,2003,,4245150311
,G20,2004,,4284481943
,G20,2005,,4323960216
,G20,2006,,4363572942
,G20,2007,,4403733216
,G20,2008,,4444180921
,G20,2009,,4483806528
,G20,2010,,4519624729
,G20,2011,,4556834925
,G20,2012,,4594646713
,G20,2013,,4632240533
,G20,2014,,4669929831
,G20,2015,,4706471371
,G20,2016,,4741896267
,G20,2017,,4776332563
,G20,2018,,4809944671
,European Union (28 countries),1964,,423344889
,European Union (28 countries),1965,,426855679
,European Union (28 countries),1966,,429957082
,European Union (28 countries),1967,,432983791
,European Union (28 countries),1968,,435677712
,European Union (28 countries),1969,,438549682
,European Union (28 countries),1970,,440724041
,European Union (28 countries),1971,,443165619
,European Union (28 countries),1972,,445977292
,European Union (28 countries),1973,,448584383
,European Union (28 countries),1974,,450977647
,European Union (28 countries),1975,,453230802
,European Union (28 countries),1976,,455302767
,European Union (28 countries),1977,,457299125
,European Union (28 countries),1978,,459216123
,European Union (28 countries),1979,,461027975
,European Union (28 countries),1980,,462976988
,European Union (28 countries),1981,,464680718
,European Union (28 countries),1982,,465807850
,European Union (28 countries),1983,,466876478
,European Union (28 countries),1984,,467881150
,European Union (28 countries),1985,,468960685
,European Union (28 countries),1986,,470182543
,European Union (28 countries),1987,,471477553
,European Union (28 countries),1988,,472949149
,European Union (28 countries),1989,,474460706
,European Union (28 countries),1990,,475933851
,European Union (28 countries),1991,,478723976
,European Union (28 countries),1992,,480165732
,European Union (28 countries),1993,,481559075
,European Union (28 countries),1994,,482615362
,European Union (28 countries),1995,,483519568
,European Union (28 countries),1996,,484344995
,European Union (28 countries),1997,,485076750
,European Union (28 countries),1998,,485731663
,European Union (28 countries),1999,,486577554
,European Union (28 countries),2000,,487732368
,European Union (28 countries),2001,,488457887
,European Union (28 countries),2002,,489712694
,European Union (28 countries),2003,,491562400
,European Union (28 countries),2004,,493422331
,European Union (28 countries),2005,,495497820
,European Union (28 countries),2006,,497262107
,European Union (28 countries),2007,,499283942
,European Union (28 countries),2008,,501249177
,European Union (28 countries),2009,,502722092
,European Union (28 countries),2010,,504286223
,European Union (28 countries),2011,,503891769
,European Union (28 countries),2012,,504985115
,European Union (28 countries),2013,,506412977
,European Union (28 countries),2014,,508243486
,European Union (28 countries),2015,,509672282
,European Union (28 countries),2016,,511152390
,European Union (28 countries),2017,,512151635
,European Union (28 countries),2018,,513179223
,OECD - Total,1964,,835211801
,OECD - Total,1965,,845848608
,OECD - Total,1966,,855611107
,OECD - Total,1967,,865573047
,OECD - Total,1968,,875326790
,OECD - Total,1969,,885107683
,OECD - Total,1970,,894555966
,OECD - Total,1971,,905011600
,OECD - Total,1972,,915430633
,OECD - Total,1973,,925334276
,OECD - Total,1974,,935023540
,OECD - Total,1975,,944542310
,OECD - Total,1976,,953372855
,OECD - Total,1977,,962170486
,OECD - Total,1978,,971024327
,OECD - Total,1979,,979933040
,OECD - Total,1980,,988766734
,OECD - Total,1981,,997611298
,OECD - Total,1982,,1006103884
,OECD - Total,1983,,1014236972
,OECD - Total,1984,,1022048263
,OECD - Total,1985,,1029917012
,OECD - Total,1986,,1037893938
,OECD - Total,1987,,1045677351
,OECD - Total,1988,,1053653267
,OECD - Total,1989,,1062024612
,OECD - Total,1990,,1070890025
,OECD - Total,1991,,1082066179
,OECD - Total,1992,,1091918507
,OECD - Total,1993,,1101074141
,OECD - Total,1994,,1109602497
,OECD - Total,1995,,1117906796
,OECD - Total,1996,,1126062186
,OECD - Total,1997,,1134188533
,OECD - Total,1998,,1141965661
,OECD - Total,1999,,1149781576
,OECD - Total,2000,,1157922898
,OECD - Total,2001,,1165984021
,OECD - Total,2002,,1174166054
,OECD - Total,2003,,1182226578
,OECD - Total,2004,,1190327709
,OECD - Total,2005,,1198664295
,OECD - Total,2006,,1207224137
,OECD - Total,2007,,1216429900
,OECD - Total,2008,,1225897618
,OECD - Total,2009,,1234509706
,OECD - Total,2010,,1243038933
,OECD - Total,2011,,1249055540
,OECD - Total,2012,,1256390205
,OECD - Total,2013,,1263936688
,OECD - Total,2014,,1272145740
,OECD - Total,2015,,1279863664
,OECD - Total,2016,,1287731405
,OECD - Total,2017,,1294830176
,OECD - Total,2018,,1301969697
