Country,Code,Capital,GDP (Billions),Latitude,Longitude,Latitude,Longitude,Latitude Hemisphere,Longitude Hemisphere,Distance From Tokyo 1964,Distance From Mexico City 1968,Distance From Munich 1972,Distance From Montreal 1976,Distance From Moscow 1980,Distance From Los Angeles 1984,Distance From Seoul 1988,Distance From Barcelona 1992,Distance From Atlanta 1996,Distance From Sydney 2000,Distance From Athens 2004,Distance From Beijing 2008,Distance From London 2012,Distance From Rio de Janeiro 2016,Distance From Tokyo 2020
Afghanistan,,Kabul,19.29,34.28N,69.11E,34.28,69.11,North,East,3852.695234,9243.020276,3283.494195,7937.373451,2267.337882,10229.32231,3140.46094,3687.702265,8381.179784,6496.640378,2502.869092,2596.700595,3955.769518,7290.724741,3852.695234
Albania,,Tirane,15.29,41.18N,19.49E,41.18,19.49,North,East,6571.702756,6650.258831,645.8761295,5198.828391,1385.794163,7536.133412,5848.84483,945.7830045,5694.970611,8862.276379,329.6791238,5281.563651,1277.354816,5591.135578,6571.702756
Algeria,,Algiers,171,36.42N,03.08E,36.42,3.08,North,East,7456.896815,5704.149817,932.3905579,4339.752748,2285.897025,6626.090244,6739.011809,346.5107264,4779.414037,9430.625168,1115.622926,6180.126784,1044.929886,4809.973012,7456.896815
American Samoa,,Pago Pago,,14.16S,170.43W,-14.16,-170.4,South,West,17274.49986,4522.583406,10826.12876,6614.730929,12318.14619,4379.072411,16595.20251,10172.10193,5742.998762,17612.49192,11170.60374,16081.21676,10341.61512,6972.944914,17274.49986
Andorra,,Andorra la Vella,3.22,42.31N,01.32E,42.31,1.32,North,East,7566.659669,5710.101626,689.6671018,4203.960189,2166.11581,6552.808731,6843.529703,78.63586014,4716.8915,9726.649424,1252.126668,6275.338342,628.9142562,5113.942627,7566.659669
Angola,,Luanda,89.42,08.50S,13.15E,-8.5,13.15,South,East,7549.71073,6419.958724,3909.100005,6111.341675,4606.135478,7751.422936,6949.376417,3494.223297,6071.374855,7738.665587,3228.967809,6530.700463,4192.749198,3231.823078,7549.71073
Antigua and Barbuda,,West Indies,1.66,17.20N,61.48W,17.2,-61.48,North,West,11055.47927,2058.682496,4524.417593,2098.780913,6006.97345,3310.00771,10357.08009,3855.329918,1693.74307,12135.74144,4846.229317,9823.135527,4099.448352,2942.618984,11055.47927
Argentina,,Buenos Aires,446,36.30S,60.00W,-36.3,-60,South,West,11979.01152,4384.369678,7015.770065,5707.86309,8266.251627,5802.97869,11379.30611,6344.970262,5013.546431,11533.28485,6837.56043,10951.96318,6877.436486,1303.080956,11979.01152
Armenia,,Yerevan,13.67,40.10N,44.31E,40.1,44.31,North,East,5214.490326,7961.875734,1871.185441,6556.044561,1125.260362,8885.04204,4491.701293,2302.565068,7040.666552,7753.556298,1151.612601,3925.377452,2543.617705,6458.829748,5214.490326
Aruba,,Oranjestad,3.09,12.32N,70.02W,12.32,-70.02,North,West,11560.89616,1657.216431,5094.9917,2309.387607,6574.50794,3029.820032,10867.65721,4422.596476,1673.937056,12492.5469,5393.397585,10339.75272,4674.559738,2838.717012,11560.89616
Australia,,Canberra,1397,35.15S,149.08E,-35.15,149,South,East,4913.860856,14055.77408,9451.196419,13465.23217,8731.68456,15352.68274,5148.457275,9600.139656,13601.02612,149.5349657,8495.174416,5456.561157,10092.5908,10526.41725,4913.860856
Austria,,Vienna,445,48.12N,16.22E,48.12,16.22,North,East,6793.721355,6605.111663,253.3477585,5014.993429,1259.691378,7405.428284,6067.31086,896.7318071,5582.07332,9291.326525,827.7513878,5490.842169,916.0407101,5876.69563,6793.721355
Azerbaijan,,Baku,48.17,40.29N,49.56E,40.29,49.56,North,East,4929.188187,8246.251439,2143.280101,6841.54925,1240.420589,9171.991444,4205.953166,2588.606963,7327.578349,7549.013006,1437.275639,3638.902247,2814.342634,6682.150324,4929.188187
Bahamas,,Nassau,13.58,25.05N,77.20W,25.05,-77.2,North,West,11862.7069,1262.03307,5102.498263,1413.853863,6596.803801,2325.242769,11154.14467,4477.864708,717.2687331,13117.11126,5563.622291,10606.93156,4586.923845,3795.177807,11862.7069
Bahrain,,Manama,37.65,26.10N,50.30E,26.1,50.3,North,East,4923.089199,8171.122054,2604.261993,7001.652212,2145.036249,9218.61909,4231.809713,2831.765174,7372.993288,6890.508291,1665.84478,3715.896697,3255.064613,6122.185202,4923.089199
Bangladesh,,Dhaka,303,23.43N,90.26E,23.43,90.26,North,East,2826.058402,10343.1749,4621.903102,9181.486026,3636.897346,11407.65968,2198.294138,4966.796205,9562.439857,5167.829566,3775.700031,1800.872142,5294.149169,7956.068501,2826.058402
Barbados,,Bridgetown,5.21,13.05N,59.30W,13.05,-59.3,North,West,10974.32404,2214.125021,4565.033339,2408.837149,6033.805949,3529.294983,10281.85817,3884.368472,1979.066764,11941.09596,4825.288255,9755.197873,4177.685866,2632.903512,10974.32404
Belarus,,Minsk,64.41,53.52N,27.30E,53.52,27.3,North,East,6256.598253,7296.41535,935.1490671,5643.896773,564.6581814,8059.243893,5530.60053,1607.224845,6248.983632,9062.64947,1119.665581,4948.72656,1500.729049,6528.100653,6256.598253
Belgium,,Brussels,533,50.51N,04.21E,50.51,4.21,North,East,7465.484676,6040.287639,434.360945,4369.683402,1841.269434,6781.550401,6738.867833,639.0615885,4973.865723,9915.550018,1378.649126,6161.241147,239.8764718,5688.273316,7465.484676
Belize,,Belmopan,1.98,17.18N,88.30W,17.18,-88.3,North,West,12511.35927,605.9284502,5856.928924,2074.014048,7351.139356,2006.810504,11810.04226,5214.479601,1163.090607,13543.33847,6262.340884,11271.88278,5364.662645,3704.550812,12511.35927
Benin,,Porto Novo (constitutional) / Cotonou (seat of government),14.39,06.23N,02.42E,6.23,2.42,North,East,7763.417395,5614.771591,2934.720672,5047.258847,3895.04384,6861.99721,7106.085243,2426.0784,5106.045022,8582.193149,2449.26981,6624.162853,3116.888981,3199.834367,7763.417395
Bhutan,,Thimphu,2.53,27.31N,89.45E,27.31,89.45,North,East,2801.103952,10310.02743,4488.063608,9097.090687,3444.144897,11349.40629,2137.368893,4863.50974,9502.059845,5402.908314,3672.077696,1687.153786,5160.77622,8027.471987,2801.103952
Bolivia,,La Paz (administrative) / Sucre (legislative),40.9,16.20S,68.10W,-16.2,-68.1,South,West,11894.5974,2971.731738,6215.778227,4276.792572,7588.890902,4417.750246,11248.39064,5523.672722,3559.466216,12036.23716,6225.909231,10772.9767,5961.212181,1437.763989,11894.5974
Bosnia and Herzegovina,,Sarajevo,20.2,43.52N,18.26E,43.52,18.26,North,East,6649.933578,6623.939236,484.4039661,5124.939323,1328.166903,7481.48977,5925.417198,890.7227566,5645.08647,9011.588987,498.5938086,5354.535514,1136.701279,5679.777275,6649.933578
Botswana,,Gaborone,18.36,24.45S,25.57E,-24.45,25.57,South,East,7484.083301,7443.537087,5066.621043,7334.218684,5550.492087,8828.796325,6966.243251,4719.200094,7223.050339,6890.668014,4281.620211,6632.322276,5414.701941,3754.707905,7484.083301
Brazil,,Brasilia,1878,15.47S,47.55W,-15.47,-47.55,South,West,10813.30687,3693.901245,5448.606277,4476.475126,6740.502771,5154.81836,10177.04931,4770.980821,3947.154167,10926.30828,5332.087331,9713.367679,5290.56266,566.3305179,10813.30687
British Virgin Islands,,Road Town,,18.27N,64.37W,18.27,-64.37,North,West,11204.07871,1897.343456,4630.807214,1975.881876,6117.787041,3136.365165,10503.9835,3967.89839,1528.309672,12308.19981,4977.173495,9967.860865,4188.829532,3068.146047,11204.07871
Brunei Darussalam,,Bandar Seri Begawan,,04.52N,115.00E,4.52,115,North,East,2536.551181,11733.66242,6398.777846,10782.48574,5506.75604,12896.87836,2348.022553,6665.138458,11071.9407,3305.376553,5494.037074,2417.957869,7064.396452,8841.046999,2536.551181
Bulgaria,,Sofia,68.56,42.45N,23.20E,42.45,23.2,North,East,6375.306752,6867.582742,746.1045184,5396.946733,1183.851472,7744.343588,5651.319682,1150.565063,5905.006345,8751.145986,336.3297301,5081.741124,1410.485748,5785.377927,6375.306752
Burkina Faso,,Ouagadougou,15.99,12.15N,01.30W,12.15,-1.3,North,West,7865.265069,5361.991423,2580.966157,4662.560237,3657.82383,6561.301525,7190.594146,2026.436331,4775.255603,8911.943291,2215.059729,6688.273963,2706.350717,3328.438176,7865.265069
Burundi,,Bujumbura,3.01,03.16S,29.18E,-3.16,29.18,South,East,6600.237275,7172.001393,3667.822271,6632.046387,4068.61808,8448.69995,6002.730664,3409.405281,6703.54928,6991.675681,2828.355902,5591.021886,4086.419346,4178.760182,6600.237275
Cambodia,,Phnom Penh,27.09,11.33N,104.55E,11.33,104.5,North,East,2550.724265,11129.81526,5673.689582,10110.56945,4765.506935,12262.22787,2157.861883,5959.787053,10428.76996,4028.806296,4781.144215,2049.292791,6341.545849,8401.794054,2550.724265
Cameroon,,Yaounde,39,03.50N,11.35E,3.5,11.35,North,East,7348.660545,6127.096655,3080.1856,5560.694684,3855.419933,7382.937537,6706.052031,2662.023508,5628.709012,8059.947265,2442.711544,6241.863267,3360.488213,3490.276702,7348.660545
Canada,,Ottawa,1742,45.27N,75.42W,45.27,-75.42,North,West,11761.45096,2215.276999,4754.326022,17.85869536,6197.178624,2462.817034,11038.50466,4244.864848,933.6493084,13525.33305,5424.860063,10469.8937,4136.60053,5023.162376,11761.45096
Cape Verde,,Praia,1.98,15.02N,23.34W,15.02,-23.34,North,West,9012.706921,4146.538949,2976.197282,3543.39349,4331.592558,5345.325958,8324.575388,2291.442646,3575.095678,10109.84624,2992.086892,7804.625975,2811.478024,2832.288311,9012.706921
Cayman Islands,,George Town,,19.20N,81.24W,19.2,-81.24,North,West,12114.08146,975.156,5447.181845,1840.917463,6941.32969,2265.196606,11411.22871,4804.675635,1018.575556,13209.46724,5855.60639,10871.28634,4957.357865,3572.551283,12114.08146
Central African Republic,,Bangui,2.22,04.23N,18.35E,4.23,18.35,North,East,6969.431905,6495.426349,3052.255339,5865.637971,3683.290245,7736.447836,6330.782294,2711.963523,5967.959213,7715.82105,2318.002517,5872.20917,3403.617254,3845.735655,6969.431905
Chad,,N'Djamena,11.31,12.10N,14.59E,12.1,14.59,North,East,7019.440662,6226.775688,2492.184765,5435.48626,3239.023259,7408.972874,6353.063864,2131.746802,5606.971801,8105.835186,1823.604771,5862.31067,2824.412639,3972.575567,7019.440662
Chile,,Santiago,279,33.24S,70.40W,-33.24,-70.4,South,West,12415.56917,3943.105473,7180.963618,5440.38823,8488.879813,5327.327679,11801.49769,6497.463883,4684.999751,12099.98408,7081.086651,11359.06185,6987.801141,1648.784529,12415.56917
China,,Beijing,14280,39.55N,116.20E,39.55,116.2,North,East,1307.919095,11838.94405,5742.91982,10478.68767,4442.798842,12806.04837,583.2324219,6227.332336,10959.52333,5414.624777,5065.428159,0,6399.345926,9710.393207,1307.919095
Colombia,,Bogota,323,04.34N,74.00W,4.34,-74,North,West,11864.03068,1711.573173,5564.846725,2841.333395,7028.492777,3168.141186,11181.17542,4881.775916,2107.092876,12575.93558,5794.551013,10665.31692,5179.650627,2523.667877,11864.03068
Comros,,Moroni,,11.40S,43.16E,-11.4,43.16,South,East,6189.380911,8049.251554,4455.434924,7578.859806,4623.545432,9353.817849,5657.036885,4275.133309,7629.279462,6099.859622,3546.658953,5316.305878,4931.414265,4780.055691,6189.380911
Congo,,Brazzaville,50.4,04.09S,15.12E,-4.09,15.12,South,East,7332.206127,6440.133211,3609.049415,6018.901455,4283.807735,7742.430874,6718.850873,3216.791121,6028.040662,7709.39839,2911.065771,6286.977997,3914.678745,3437.363698,7332.206127
Costa Rica,,San Jose,63.95,09.55N,84.02W,9.55,-84.02,North,West,12344.75496,1058.91033,5859.685913,2523.091473,7344.727848,2519.673322,11652.89483,5193.536804,1669.922202,13188.36147,6178.902752,11126.26561,5416.884059,3160.880263,12344.75496
Cote d'Ivoire,,Yamoussoukro,,06.49N,05.17W,6.49,-5.17,North,West,8159.657354,5203.020638,3015.860661,4692.579355,4099.060247,6459.86403,7497.111465,2441.220472,4716.685728,8981.020009,2654.338699,7008.430955,3108.625272,2901.725866,8159.657354
Croatia,,Zagreb,60.75,45.50N,15.58E,45.5,15.58,North,East,6808.024556,6519.192357,284.3955443,4976.79,1372.669191,7349.161408,6082.540205,785.1876379,5518.245309,9210.445178,695.52407,5509.170636,944.3405011,5707.083121,6808.024556
Cuba,,Havana,100,23.08N,82.22W,23.08,-82.22,North,West,12145.25931,959.7442546,5405.504836,1589.019027,6900.018534,2107.325425,11438.33193,4777.760803,745.7027539,13337.29637,5856.225524,10893.17319,4892.460575,3823.071369,12145.25931
Cyprus,,Nicosia,24.95,35.10N,33.25E,35.1,33.25,North,East,5809.577843,7309.116542,1486.434561,5984.749585,1421.882739,8271.671294,5093.733042,1751.589299,6423.819406,8008.05527,561.2563154,4539.466353,2136.475573,5782.002294,5809.577843
Czech Republic,,Prague,251,50.05N,14.22E,50.05,14.22,North,East,6919.883139,6543.201481,195.3102579,4912.576129,1316.716415,7316.092586,6193.192198,888.7777768,5500.322491,9459.116375,997.4287297,5615.044697,784.3676487,5929.78558,6919.883139
Democratic Republic of the Congo,,Kinshasa,,04.20S,15.15E,-4.2,15.15,South,East,7333.531772,6443.617071,3616.716455,6024.56623,4290.624211,7746.553994,6720.59953,3224.55554,6032.807654,7705.799718,2918.307461,6289.179747,3922.44348,3436.021442,7333.531772
Denmark,,Copenhagen,350,55.41N,12.34E,55.41,12.34,North,East,7083.182967,6577.621265,503.3433966,4848.347592,1365.548789,7280.410025,6357.022542,1115.420174,5488.84764,9769.383098,1371.93215,5775.38342,731.9401851,6195.975155,7083.182967
Djibouti,,Djibouti,3.32,11.08N,42.20E,11.08,42.2,North,East,5584.958384,7735.297672,3055.168422,6854.818902,3072.961158,8902.248232,4945.827852,3025.049685,7086.606259,6711.577578,2095.318275,4492.640358,3611.949139,5217.976915,5584.958384
Dominica,,Roseau,0.57,15.20N,61.24W,15.2,-61.24,North,West,11059.24783,2085.499923,4579.764833,2232.309212,6057.223563,3373.051921,10363.50844,3905.429355,1798.872625,12083.81185,4875.625658,9832.832161,4169.811971,2808.587997,11059.24783
Dominica Republic,,Santo Domingo,,18.30N,69.59W,18.3,-69.59,North,West,11487.2721,1612.442273,4886.808196,1904.989689,6376.817129,2870.00037,10786.56445,4229.632888,1337.705457,12581.6325,5251.812676,10249.55334,4429.438769,3188.468904,11487.2721
East Timor,,Dili,2.02,08.29S,125.34E,-8.29,125.3,South,East,3133.467594,12398.19637,7328.965677,11578.48896,6511.743856,13614.42949,3147.082114,7546.389405,11810.82995,2261.997365,6398.138385,3338.144212,7986.367317,9253.612281,3133.467594
Ecuador,,Quito,108,00.15S,78.35W,-0.15,-78.35,South,West,12156.84033,1751.057174,5933.981684,3153.505132,7390.888545,3211.279169,11479.5843,5248.210076,2362.233328,12748.09767,6138.247458,10969.94912,5559.62504,2481.100965,12156.84033
Egypt,,Cairo,303,30.01N,31.14E,30.01,31.14,North,East,5937.549254,7150.115523,1644.840016,5923.588067,1787.807171,8160.910325,5230.96362,1765.939261,6313.214457,7899.79732,669.8243057,4690.69353,2251.730749,5458.498004,5937.549254
El Salvador,,San Salvador,26.9,13.40N,89.10W,13.4,-89.1,North,West,12584.00603,676.9608851,5997.025337,2334.848141,7489.05705,2135.79459,11886.80531,5344.497713,1427.505367,13520.24147,6368.217014,11353.67249,5522.746266,3544.84549,12584.00603
Equatorial Guinea,,Malabo,11.42,03.45N,08.50E,3.45,8.5,North,East,7498.167189,5974.628069,3088.192207,5430.336096,3918.549546,7234.947499,6853.331776,2640.576221,5485.810867,8206.446926,2492.603474,6386.229105,3338.589189,3356.671986,7498.167189
Eritrea,,Asmara,6.72,15.19N,38.55E,15.19,38.55,North,East,5698.238423,7520.781444,2708.77619,6572.56989,2778.712564,8659.07919,5038.790224,2685.836782,6833.594754,7021.173488,1750.880118,4560.723013,3266.569667,5178.781122,5698.238423
Estonia,,Tallinn,31.47,59.22N,24.48E,59.22,24.48,North,East,6494.667894,7290.647702,1039.512225,5544.152061,749.304823,7983.700543,5771.79885,1731.29871,6198.651988,9441.214208,1494.198241,5188.569733,1444.977146,6764.458204,6494.667894
Ethiopia,,Addis Ababa,95.91,09.02N,38.42E,9.02,38.42,North,East,5825.236731,7541.375715,3071.432443,6713.587097,3204.202646,8726.251177,5190.225418,2984.306758,6919.135525,6832.509437,2133.215973,4740.553289,3598.175808,4969.84163,5825.236731
Falkland Islands (Malvinas),,Stanley,,51.40S,59.51W,-51.4,-59.51,South,West,12423.73319,5329.457106,7889.179068,6743.355599,9073.301085,6711.636248,11858.06983,7234.20529,6030.34979,11568.71919,7630.02631,11463.98159,7798.346333,2158.787984,12423.73319
Faroe Islands,,Torshavn,,62.05N,06.56W,62.05,-6.56,North,West,8187.797761,5854.177553,1379.194026,3937.190224,2440.35413,6396.476433,7462.933949,1503.119137,4676.691194,10863.21512,2353.171997,6880.144615,818.7859128,6193.664748,8187.797761
Fiji,,Suva,5.5,18.06S,178.30E,-18.06,178.3,South,East,4266.501242,15362.69052,10184.68476,14538.55328,9217.023731,16585.51985,4753.484747,10455.03202,14781.67356,1837.884441,9285.134856,5224.740735,10852.22556,12096.89179,4266.501242
Finland,,Helsinki,269,60.15N,25.03E,60.15,25.03,North,East,6482.014653,7342.902147,1107.26077,5585.00046,746.7650967,8027.166633,5760.047999,1798.184727,6245.868187,9463.102949,1559.687466,5176.841428,1497.672561,6834.621887,6482.014653
France,,Paris,2716,48.50N,02.20E,48.5,2.2,North,East,7556.722473,5888.888745,512.7500361,4251.284526,1978.195758,6651.180373,6830.559027,490.5927345,4836.118307,9924.52168,1383.900092,6254.959901,232.4547227,5514.953898,7556.722473
French Guiana,,Cayenne,,05.05N,52.18W,5.05,-52.18,North,West,10685.02287,2741.576648,4578.143679,3069.35322,5999.129117,4124.749141,10006.64479,3885.031692,2648.489039,11425.18777,4700.482095,9496.741814,4279.24404,1990.974094,10685.02287
French Polynesia,,Papeete,,17.32S,149.34W,-17.32,-149.3,South,West,16194.96728,3723.229467,9877.268828,5915.615446,11360.90057,3929.336881,15523.29693,9209.112527,4997.791857,16447.5366,10164.91296,15018.01335,9426.790475,5807.520737,16194.96728
Gabon,,Libreville,16.87,00.25N,09.26E,0.25,9.26,North,East,7527.334088,6059.219306,3306.837045,5585.808509,4106.000009,7341.773566,6893.160224,2864.934178,5611.485265,8100.149353,2689.927916,6437.883998,3563.036956,3278.514477,7527.334088
Gambia,,Banjul,1.83,13.28N,16.40W,13.28,-16.4,North,West,8659.382349,4533.858587,2849.482804,3921.713337,4132.709309,5742.179159,7976.572296,2188.617644,3971.874654,9712.587106,2747.334768,7463.420685,2775.030179,2893.433201,8659.382349
Georgia,,T'bilisi,17.48,41.43N,44.50E,41.43,44.5,North,East,5210.31762,7989.188838,1856.103859,6561.834163,1043.181871,8900.183338,4486.216107,2311.219648,7057.317445,7806.525428,1179.099063,3916.968587,2527.087975,6528.559336,5210.31762
Germany,,Berlin,3861,52.30N,13.25E,52.3,13.25,North,East,6996.068785,6545.682423,301.1745652,4872.216869,1333.68983,7288.952903,6269.358107,965.7531077,5482.642461,9596.458151,1158.608736,5689.498045,729.0707867,6034.938596,6996.068785
Ghana,,Accra,67.23,05.35N,00.06W,5.35,-0.06,North,West,7910.031782,5491.377936,3020.137658,4967.161993,4015.260288,6749.666377,7253.524372,2489.739004,5004.068073,8691.383116,2568.023923,6772.235236,3174.690047,3056.577938,7910.031782
Greece,,Athens,205,37.58N,23.46E,37.58,23.46,North,East,6345.328465,6810.891865,975.5308696,5434.583731,1447.592636,7740.653077,5626.014846,1191.790232,5894.536993,8541.551997,0,5065.428159,1597.437237,5536.760728,6345.328465
Greenland,,Nuuk,2.83,64.10N,51.35W,64.1,-51.35,North,West,10611.36846,4049.13012,3608.140013,1842.793819,4879.65907,4199.728076,9884.985371,3315.820222,2764.022882,12962.07155,4475.782655,9303.74004,2935.683131,6020.279909,10611.36846
Guadeloupe,,Basse-Terre,,16.00N,61.44W,16,-61.44,North,West,11063.16747,2068.056848,4562.162173,2176.802567,6041.860657,3342.017855,10366.33598,3889.942665,1752.197759,12109.86415,4868.820355,9834.320355,4145.842811,2864.1207,11063.16747
Guatemala,,Guatemala,77.02,14.40N,90.22W,14.4,-90.22,North,West,12636.49891,587.1720558,6026.13806,2290.133363,7519.207642,2044.235494,11938.036,5377.277959,1372.571263,13596.3332,6409.687944,11403.34737,5544.585621,3636.878499,12636.49891
Guernsey,,St. Peter Port,,49.26N,02.33W,49.26,-2.33,North,West,7808.532828,5676.172084,763.4076124,4007.311108,2208.22701,6415.114632,7082.280617,596.0285823,4606.514064,10157.79516,1622.451358,6506.326102,191.0321233,5456.189543,7808.532828
Guinea,,Conakry,13.51,09.29N,13.49W,9.29,-13.49,North,West,8557.421282,4724.056027,3009.90998,4210.893433,4224.914289,5969.064555,7884.183361,2374.209041,4223.054725,9472.905399,2807.227857,7382.486196,2994.14757,2750.001134,8557.421282
Guinea-Bissau,,Bissau,,11.45N,15.45W,11.45,-15.45,North,West,8631.915435,4598.488394,2930.383421,4036.714374,4186.680439,5824.948179,7953.216611,2278.886042,4066.476015,9621.954306,2786.420927,7444.996377,2879.300483,2812.756811,8631.915435
Guyana,,Georgetown,5.17,06.50N,58.12W,6.5,-58.12,North,West,10984.34752,2402.986421,4768.416086,2854.689418,6211.255037,3793.25171,10301.9847,4078.209655,2364.884148,11763.96078,4943.629178,9787.253936,4431.023988,2187.307618,10984.34752
Haiti,,Port-au-Prince,14.33,18.40N,72.20W,18.4,-72.2,North,West,11628.29942,1469.776931,5013.579143,1878.931278,6504.839848,2735.906801,10927.20055,4359.457308,1250.914654,12720.20132,5388.092942,10389.64219,4548.731818,3261.451918,11628.29942
Heard Island and McDonald Islands,,,,53.00S,74.00E,-53,74,South,East,7091.526671,10683.84981,7766.405805,10624.71147,7745.992415,12093.37998,6859.084748,7602.594127,10517.54405,4417.483517,6832.093526,6788.912017,8258.268396,6725.951524,7091.526671
Honduras,,Tegucigalpa,25.09,14.05N,87.14W,14.05,-87.14,North,West,12472.35214,743.4403263,5881.003253,2260.130458,7373.022858,2188.105976,11774.63736,5228.507109,1367.567736,13427.38483,6253.207328,11240.92197,5407.272235,3502.482297,12472.35214
Hungary,,Budapest,164,47.29N,19.05E,47.29,19.05,North,East,6633.310595,6735.868911,412.0573183,5167.728171,1146.897866,7551.497706,5907.045601,1007.55419,5724.574891,9134.012281,711.9441677,5331.207495,1080.010402,5916.371169,6633.310595
Iceland,,Reykjavik,24.84,64.10N,21.57W,64.1,-21.57,North,West,9018.393459,5245.729781,2118.677261,3215.614734,3271.92983,5670.837692,8293.256423,2033.618074,4018.727677,11605.73176,3064.859153,7710.615495,1467.43064,6118.429833,9018.393459
India,,New Delhi,2870,28.37N,77.13E,28.37,77.13,North,East,3450.654954,9642.938962,3830.183598,8420.785316,2865.1176,10674.39927,2765.282337,4190.254101,8826.80147,5899.440123,2998.497325,2268.419035,4502.711561,7460.785766,3450.654954
Indonesia,,Jakarta,1119,06.09S,106.49E,-6.09,106.4,South,East,3406.248969,11355.18349,6387.855745,10554.00055,5678.433253,12574.16717,3189.364766,6566.579415,10773.73946,3108.08264,5439.40113,3194.294807,7035.269185,8248.577302,3406.248969
Iran (Islamic Republic of),,Tehran,,35.44N,51.30E,35.44,51.3,North,East,4823.938424,8287.941294,2339.062511,6961.793767,1576.846874,9257.380845,4107.946907,2713.733005,7409.591644,7254.599739,1527.219054,3554.869761,3011.220363,6543.354447,4823.938424
Iraq,,Baghdad,222,33.20N,44.30E,33.2,44.3,North,East,5208.921519,7889.006181,2062.594838,6599.699529,1581.451878,8874.877798,4497.070649,2368.695886,7026.576483,7449.209244,1177.31534,3950.115184,2726.503241,6148.013254,5208.921519
Ireland,,Dublin,399,53.21N,06.15W,53.21,-6.15,North,West,8052.048537,5591.358463,1029.328577,3827.483511,2380.123695,6261.276638,7325.311382,933.5597391,4477.958742,10484.38373,1943.408303,6746.474883,356.6840144,5627.79411,8052.048537
Israel,,Jerusalem,395,31.71N,35.10W,31.71,-35.1,North,West,9545.281424,3599.434447,2789.484197,2405.821572,4281.513384,4542.314516,8831.816724,2141.753037,2694.912581,11133.55699,3222.927642,8278.673099,2345.355354,3794.449952,9545.281424
Italy,,Rome,2005,41.54N,12.29E,41.54,12.29,North,East,6965.601489,6274.19585,457.0470028,4804.931403,1671.339599,7145.651673,6242.692758,552.6489258,5306.023586,9198.202937,668.2934621,5675.147349,955.5483159,5380.124554,6965.601489
Jamaica,,Kingston,15.83,18.00N,76.50W,18,-76.5,North,West,11864.67244,1236.734863,5239.56893,1898.1793,6731.907691,2533.832026,11163.59644,4588.574072,1169.020544,12937.85528,5622.544845,10625.97286,4766.776959,3358.553399,11864.67244
Jordan,,Amman,43.74,31.57N,35.52E,31.57,35.52,North,East,5692.566275,7399.643094,1736.599159,6141.197591,1650.746742,8397.039775,4983.271943,1942.89163,6548.81373,7764.589258,778.1763545,4439.407064,2374.122032,5708.824048,5692.566275
Kazakhstan,,Astana,182,51.10N,71.30E,51.1,71.3,North,East,3880.61924,9560.663155,3267.102191,8028.405934,1877.813221,10415.53814,3160.551383,3833.499935,8584.557448,7308.24655,2773.651643,2577.824213,3895.751307,8071.032013,3880.61924
Kenya,,Nairobi,95.5,01.17S,36.48E,-1.17,36.48,South,East,6180.346418,7534.91925,3663.960524,6913.67838,3907.068774,8790.313582,5586.393433,3483.27501,7025.59752,6658.214324,2766.641737,5180.772477,4137.111253,4600.32871,6180.346418
Kiribati,,Tarawa,0.19,01.30N,173.00E,1.3,173,North,East,2990.508478,14907.91127,9387.433715,13910.36832,8295.565408,16061.46507,3552.421372,9728.863183,14230.74273,2702.681166,8540.020009,4072.293973,10060.10946,11920.51007,2990.508478
Kuwait,,Kuwait,138,29.30N,48.00E,29.3,48,North,East,5023.416206,8061.838002,2375.74315,6838.891234,1895.734565,9082.619422,4321.587607,2637.70766,7235.012454,7124.236809,1456.604159,3790.289329,3033.120479,6144.692295,5023.416206
Kyrgyzstan,,Bishkek,8.87,42.54N,74.46E,42.54,74.46,North,East,3590.709404,9612.246538,3454.923558,8194.183736,2213.372445,10537.7157,2864.208476,3947.831534,8694.390495,6734.816341,2805.552598,2288.323196,4113.513721,7851.399409,3590.709404
Lao People's Democratic Republic,,Vientiane,,17.58N,102.36E,17.58,102.3,North,East,2391.346166,10997.00811,5383.461936,9900.933336,4404.992247,12094.99111,1897.159672,5708.611748,10254.15468,4442.336151,4520.457073,1695.297522,6054.909622,8419.69441,2391.346166
Latvia,,Riga,34.06,56.53N,24.08E,56.53,24.08,North,East,6472.043995,7201.990217,894.9542101,5493.861259,728.3641535,7923.971011,5747.233569,1588.211167,6127.493309,9332.163291,1307.988135,5164.406898,1364.93856,6597.559388,6472.043995
Lebanon,,Beirut,51.99,33.53N,35.31E,33.53,35.31,North,East,5698.895203,7405.095953,1641.637932,6110.127458,1516.575796,8383.906777,4985.800755,1888.973336,6535.637629,7853.243675,704.7795702,4436.084209,2289.322359,5790.279213,5698.895203
Lesotho,,Maseru,2.37,29.18S,27.30E,-29.18,27.3,South,East,7593.314645,7666.39334,5403.681902,7622.330738,5865.19518,9065.387063,7098.205614,5058.955186,7486.213067,6773.221113,4611.209003,6786.074472,5754.399488,3871.908003,7593.314645
Liberia,,Monrovia,3.22,06.18N,10.47W,6.18,-10.47,North,West,8445.515078,4921.882151,3135.580026,4471.575671,4286.567266,6190.504688,7780.916701,2525.612876,4461.88455,9250.158785,2850.64919,7289.390774,3168.910077,2686.376102,8445.515078
Libyan Arab Jamahiriya,,Tripoli,,32.49N,13.07E,32.49,13.07,North,East,6914.772142,6192.752789,1082.910197,4922.293096,2065.735959,7170.333983,6202.201371,855.1669016,5322.026168,8823.504816,667.2113207,5651.930437,1486.082874,4903.212602,6914.772142
Liechtenstein,,Vaduz,,47.08N,09.31E,47.08,9.31,North,East,7159.903821,6223.942604,143.9134426,4635.730107,1636.292428,7022.024377,6433.987915,553.2819864,5198.041698,9551.222116,1013.20065,5859.275842,590.2475223,5615.407205,7159.903821
Lithuania,,Vilnius,54.64,54.38N,25.19E,54.38,25.19,North,East,6381.32622,7207.311549,858.8296926,5535.511181,668.0283534,7955.920989,5655.533874,1543.745159,6150.070693,9188.192856,1163.042112,5073.410437,1393.769299,6509.395014,6381.32622
Luxembourg,,Luxembourg,71.1,49.37N,06.09E,49.37,6.09,North,East,7353.301012,6109.005213,311.5371204,4466.625124,1757.597683,6870.228313,6626.83999,590.7555175,5056.408292,9786.273947,1249.505852,6050.068661,362.2741719,5666.329273,7353.301012
"Macao, China",,Macau,,22.12N,113.33E,22.12,113.3,North,East,1716.190162,11598.79006,5836.893681,10437.72252,4741.884947,12668.85538,1271.99524,6211.672477,10823.66269,4382.874879,5019.915252,1213.048509,6509.466594,9090.721071,1716.190162
Madagascar,,Antananarivo,14.19,18.55S,47.31E,-18.55,47.31,South,East,6278.612532,8407.647396,4998.065779,8034.024336,5134.877977,9740.462397,5792.318917,4814.541306,8045.533417,5770.586311,4086.030776,5497.214207,5473.171039,4949.359533,6278.612532
Macedonia (Former Yugoslav Republic),,Skopje,,42.01N,21.26E,42.01,21.26,North,East,6478.833172,6757.498969,676.9383042,5292.399399,1277.412783,7636.477163,5755.248185,1043.191547,5796.577308,8817.914736,328.4249736,5186.502307,1330.417707,5695.718277,6478.833172
Malawi,,Lilongwe,10.86,14.00S,33.48E,-14,33.48,South,East,6734.573219,7592.692181,4451.272001,7232.343625,4796.706343,8922.746591,6191.082724,4186.82161,7230.051023,6572.644286,3600.823936,5835.36941,4867.263959,4230.005325,6734.573219
Malaysia,,Kuala Lumpur,365,03.09N,101.41E,3.09,101.4,North,East,3068.928163,11003.59076,5806.321073,10095.95352,5028.173734,12181.12622,2730.079047,6028.111825,10362.38216,3728.282398,4875.754316,2642.336283,6463.396977,8094.82091,3068.928163
Maldives,,Male,5.64,04.00N,73.28E,4,73.28,North,East,4232.042909,9470.203092,4541.474764,8616.912129,4056.035987,10660.57581,3704.907552,4661.605406,8850.136162,4993.271829,3573.22227,3392.438244,5168.107666,6623.744776,4232.042909
Mali,,Bamako,17.51,12.34N,07.55W,12.34,-7.55,North,West,8196.882292,5020.9912,2681.951549,4362.123431,3854.637991,6226.553578,7519.185577,2073.51755,4447.955027,9236.115202,2428.945164,7012.748339,2723.343591,3114.207662,8196.882292
Malta,,Valletta,15.22,35.54N,14.31E,35.54,14.31,North,East,6843.570818,6293.991858,882.0853969,4955.334973,1862.746013,7237.960208,6126.791376,776.0769877,5390.435166,8877.445397,519.0409865,5570.070452,1343.98315,5110.293248,6843.570818
Martinique,,Fort-de-France,,14.36N,61.02W,14.36,-61.02,North,West,11054.89781,2105.817859,4598.445471,2290.820556,6073.390999,3406.834565,10360.32802,3922.013097,1848.833219,12056.1542,4882.9431,9831.078529,4195.211198,2750.117363,11054.89781
Mauritania,,Nouakchott,7.59,20.10S,57.30E,-20.1,57.3,South,East,5918.633204,8959.651355,5329.363083,8550.964745,5325.538173,10287.01341,5474.259812,5202.127129,8582.306818,5214.773216,4387.895334,5223.26443,5841.001563,5489.087439,5918.633204
Mayotte,,Mamoudzou,,12.48S,45.14E,-12.48,45.14,South,East,6137.648868,8173.237394,4566.535923,7709.938836,4706.428754,9480.713915,5615.725005,4395.54185,7758.429957,5976.527345,3651.34155,5286.023116,5048.921376,4875.137591,6137.648868
Mexico,,Mexico,1269,19.20N,99.10W,19.2,-99.1,North,West,13085.252,0,6364.498871,2223.440536,7858.834811,1463.565709,12380.98084,5737.41412,1285.687064,14148.98813,6810.891865,11838.94405,5845.682904,4215.212132,13085.252
Micronesia (Federated States of),,Palikir,,06.55N,158.09E,6.55,158,North,East,2245.841279,14064.77036,8493.984776,13033.03282,7401.322538,15201.5942,2731.813969,8841.408195,13366.90726,2813.512598,7651.548372,3223.899967,9166.709976,11170.39371,2245.841279
"Moldova, Republic of",,Chisinau,,47.02N,28.50E,47.02,28.5,North,East,6119.024082,7226.57035,927.0586619,5683.189832,756.1956711,8061.830301,5392.582613,1489.179121,6231.431198,8720.188185,707.1040118,4816.080791,1587.33338,6212.508261,6119.024082
Mozambique,,Maputo,15.29,25.58S,32.32E,-25.58,32.32,South,East,7225.591794,7812.505815,5211.20449,7665.231267,5597.811159,9192.754383,6728.520488,4905.398616,7574.034675,6516.547514,4384.807009,6416.445594,5595.328795,4125.869209,7225.591794
Myanmar,,Yangon,79.84,16.45N,96.20E,16.45,96.2,North,East,2718.220634,10665.06812,5111.554738,9590.450749,4191.205018,11771.23443,2192.868628,5414.767338,9932.207198,4590.928893,4230.758189,1932.092443,5780.996612,8079.717167,2718.220634
Namibia,,Windhoek,12.57,22.35S,17.04E,-22.35,17.04,South,East,7800.576078,6959.222498,4872.937601,6891.015865,5481.54067,8348.760446,7257.041068,4472.372594,6756.787309,7368.68041,4150.000435,6896.02522,5170.879617,3287.693074,7800.576078
Nepal,,Kathmandu,34.19,27.45N,85.20E,27.45,85.2,North,East,3026.718844,10078.86833,4265.638582,8865.955507,3249.362247,11117.15535,2355.376258,4634.353759,9269.812054,5558.04879,3442.706352,1887.313638,4938.377635,7823.082644,3026.718844
Netherlands,,Amsterdam / The Hague (seat of Government),907,52.23N,04.54E,52.23,4.54,North,East,7464.868875,6100.454387,476.857991,4398.587044,1805.151258,6820.142453,6738.124602,759.0711687,5020.216004,9971.22218,1445.327934,6159.095349,257.7032749,5802.288098,7464.868875
Netherlands Antilles,,Willemstad,,12.05N,69.00W,12.05,-69,North,West,11508.37538,1715.912292,5055.514252,2335.760321,6533.414895,3087.4549,10815.66088,4381.611257,1716.97446,12433.94548,5346.833016,10288.41253,4640.021522,2794.261741,11508.37538
New Caledonia,,Noumea,9.9,22.17S,166.30E,-22.17,166.3,South,East,4248.594665,14769.31906,9741.654016,14007.24237,8846.208988,16012.86137,4643.929119,9977.087983,14221.12117,1153.502306,8821.704305,5061.531068,10403.68846,11437.17598,4248.594665
New Zealand,,Wellington,209,41.19S,174.46E,-41.19,174.4,South,East,5633.175948,15503.5678,10817.74758,14901.59198,10022.90373,16800.39824,6014.854576,10995.36704,15046.35597,1363.195659,9872.18615,6413.627205,11467.58087,11946.09641,5633.175948
Nicaragua,,Managua,12.61,12.06N,86.20W,12.06,-86.2,North,West,12438.64363,859.5398253,5890.701753,2379.237695,7380.360389,2315.723217,11743.37938,5232.235594,1499.869351,13344.37238,6241.000579,11212.64346,5429.452758,3367.801969,12438.64363
Niger,,Niamey,12.91,13.27N,02.06E,13.27,2.06,North,East,7669.900708,5538.470967,2461.536935,4786.576102,3490.448945,6723.054039,6993.974709,1940.289296,4927.160741,8769.142214,2044.233168,6490.493189,2630.733781,3511.528091,7669.900708
Nigeria,,Abuja,448,09.05N,07.32E,9.05,7.32,North,East,7455.2043,5852.586799,2707.220472,5177.672048,3597.034241,7069.267805,6793.105494,2249.106833,5289.456754,8396.028256,2156.816829,6306.356951,2946.992593,3530.265723,7455.2043
Norfolk Island,,Kingston,,45.20S,168.43E,-45.2,168.4,South,East,5797.288226,15266.50619,10714.18402,14717.64312,9971.443673,16578.33784,6135.64721,10866.17705,14838.47111,1221.509511,9759.708769,6505.33351,11357.04128,11653.65848,5797.288226
North Korea,,Pyongyang,,39.09N,125.30E,39.09,125.3,North,East,818.0765882,12328.86427,6240.433449,10976.41656,4932.966251,13301.83066,139.2035301,6724.770867,11455.00145,5229.235973,5561.440052,497.8727621,6896.2761,10144.60384,818.0765882
Northern Mariana Islands,,Saipan,,15.12N,145.45E,15.12,145.4,North,East,1452.963885,13352.66803,7653.561904,12245.71135,6522.902965,14453.88304,1846.401364,8027.678791,12612.21426,3395.162445,6835.908576,2320.202494,8325.943453,10625.05309,1452.963885
Norway,,Oslo,406,59.55N,10.45E,59.55,10.45,North,East,7244.041585,6597.650799,789.7038605,4795.701101,1495.737142,7243.423025,6519.505523,1332.100898,5475.721879,10030.82783,1674.107286,5936.572968,804.9982622,6398.772343,7244.041585
Oman,,Masqat,79.79,23.37N,58.36E,23.37,58.36,North,East,4518.977732,8602.129443,3073.272148,7470.3035,2493.113462,9670.478657,3842.769602,3310.356218,7826.988266,6426.505251,2142.998677,3349.591295,3728.386469,6397.50781,4518.977732
Pakistan,,Islamabad,278,33.40N,73.10E,33.4,73.1,North,East,3637.034033,9453.034885,3509.592327,8160.205178,2474.85735,10447.26027,2928.095499,3911.822101,8598.987912,6303.435514,2725.64684,2391.214242,4181.826383,7442.963227,3637.034033
Palau,,Koror,0.28,07.20N,134.28E,7.2,134.2,North,East,1987.522206,12765.06223,7266.605487,11754.36927,6248.756302,13907.17713,2119.701202,7585.034298,12074.79192,2982.14044,6399.46401,2438.932033,7938.141203,9904.747463,1987.522206
Panama,,Panama,66.79,09.00N,79.25W,9,-79.25,North,West,12092.88453,1292.276501,5646.981447,2526.502387,7127.614268,2742.181386,11402.51574,4975.698692,1730.656268,12926.12663,5944.589602,10877.76905,5219.457551,2954.429408,12092.88453
Papua New Guinea,,Port Moresby,24.83,09.24S,147.08E,-9.24,147,South,East,3125.352138,13579.59639,8387.231571,12725.76568,7467.708223,14786.939,3401.3902,8645.018022,12977.45247,1714.945089,7479.00417,3763.168506,9052.503682,10426.03606,3125.352138
Paraguay,,Asuncion,37.91,25.10S,57.30W,-25.1,-57.3,South,West,11542.324,3814.736805,6299.400476,4972.487104,7589.327721,5265.786059,10920.39342,5620.623829,4321.64976,11400.71695,6176.454321,10470.85509,6132.240273,786.1573609,11542.324
Peru,,Lima,228,12.00S,77.00W,-12,-77,South,West,12278.06759,2467.909276,6372.683958,3968.26819,7787.271571,3894.401033,11620.36148,5679.504605,3182.432713,12551.3107,6464.508904,11132.26783,6063.442516,1994.627206,12278.06759
Philippines,,Manila,377,14.40N,121.03E,14.4,121,North,East,1786.862655,12022.02305,6411.903478,10945.14542,5374.282366,13132.68213,1609.060942,6750.101756,11293.49439,3716.69669,5560.67032,1755.028646,7084.276047,9326.043045,1786.862655
Poland,,Warsaw,596,52.13N,21.00E,52.13,21,North,East,6576.973455,6939.959522,583.3806667,5292.530216,921.6337616,7704.178945,5850.361181,1267.358097,5892.391824,9260.500138,1012.895054,5269.89858,1150.557363,6251.798635,6576.973455
Portugal,,Lisbon,240,38.42N,09.10W,38.42,-9.1,North,West,8123.950193,5089.808385,1313.294218,3661.993235,2795.165071,5966.667892,7404.156141,648.5692576,4123.443749,10074.42094,1778.72057,6841.824291,1020.472164,4622.586205,8123.950193
Puerto Rico,,San Juan,105,18.28N,66.07W,18.28,-66.07,North,West,11296.29467,1804.554884,4713.806552,1948.489108,6201.888604,3049.241972,10595.99547,4052.786435,1462.857094,12397.19606,5066.4853,10059.5769,4266.579657,3104.986211,11296.29467
Qatar,,Doha,176,25.15N,51.35E,25.15,51.35,North,East,4875.621043,8224.822891,2689.152241,7070.658298,2226.057917,9279.955293,4188.096978,2909.657046,7435.121573,6805.326209,1747.712618,3677.57752,3338.673622,6134.375157,4875.621043
Republic of Korea,,Seoul,,37.31N,126.58E,37.31,126.5,North,East,726.745582,12380.98084,6318.972954,11047.48495,5025.941222,13364.69711,0,6794.252899,11517.21381,5093.35796,5626.014846,583.2324219,6977.307506,10153.1711,726.745582
Romania,,Bucuresti,250,44.27N,26.10E,44.27,26.1,North,East,6228.097396,7051.390932,836.5549451,5551.830735,986.0993251,7912.450468,5502.835655,1321.603461,6076.26716,8702.45026,483.5920645,4930.228611,1509.274895,5982.617879,6228.097396
Russian Federation,,Moskva,,55.45N,37.35E,55.45,37.35,North,East,5749.743872,7858.834811,1494.716181,6203.539526,0,8622.58711,5025.941222,2151.918173,6813.557769,8753.948266,1447.592636,4442.798842,2061.448482,6968.657073,5749.743872
Rawanda,,Kigali,,01.59S,30.04E,-1.59,30.04,South,East,6513.830422,7195.487505,3576.338175,6618.734812,3955.945948,8461.330203,5911.23424,3333.238509,6706.867128,6980.748457,2726.503796,5494.430616,4005.944834,4259.36754,6513.830422
Saint Kitts and Nevis,,Basseterre,,17.17N,62.43W,17.17,-62.43,North,West,11107.24255,2007.075576,4571.183042,2082.270791,6054.514398,3262.232207,10408.76094,3903.037312,1657.232974,12184.78749,4896.485741,9874.689192,4143.172911,2958.708336,11107.24255
Saint Lucia,,Castries,,14.02N,60.58W,14.02,-60.58,North,West,11034.24099,2133.346115,4589.741823,2321.200604,6063.181335,3438.241905,10340.20699,3912.16684,1882.391,12026.59842,4868.039496,9811.618727,4190.556206,2719.702942,11034.24099
Saint Pierre and Miquelon,,Saint-Pierre,,46.46N,56.12W,46.46,-56.12,North,West,10714.8909,3007.486279,3698.237183,1064.033843,5141.022163,3498.172979,9991.020008,3201.80265,1775.284024,12604.34984,4388.056714,9420.745061,3080.035109,4838.472634,10714.8909
Saint Vincent and the Greenadines,,Kingstown,,13.10N,61.10W,13.1,-61.1,North,West,11071.12692,2117.06208,4646.847376,2371.097915,6118.297415,3438.464975,10378.2834,3967.896605,1909.777619,12036.65288,4916.258105,9851.113472,4252.102079,2670.595874,11071.12692
Samoa,,Apia,0.85,13.50S,171.50W,-13.5,-171.5,South,West,17324.38411,4551.638708,10863.3671,6633.804291,12355.86825,4384.18449,16644.22414,10210.78072,5766.344212,17675.93608,11213.13288,16129.27007,10375.94198,7036.837073,17324.38411
San Marino,,San Marino,,43.55N,12.30E,43.55,12.3,North,East,6974.48217,6310.228235,319.140498,4799.588335,1595.271313,7157.563022,6250.167791,572.8266048,5322.403631,9276.916417,735.5111731,5679.650011,863.189671,5495.616877,6974.48217
Sao Tome and Principe,,Sao Tome,0.43,00.10N,06.39E,0.1,6.39,North,East,7679.013022,5908.606143,3326.850565,5462.504092,4176.531213,7196.72261,7042.687527,2858.312032,5473.458872,8247.264812,2748.941917,6584.609885,3554.375332,3137.366037,7679.013022
Saudi Arabia,,Riyadh,793,24.41N,46.42E,24.41,46.42,North,East,5149.412878,7953.520421,2509.898174,6817.767072,2198.267665,9015.008447,4462.04885,2685.142646,7171.242635,6993.351547,1548.335651,3950.610469,3145.73118,5881.210329,5149.412878
Senegal,,Dakar,23.31,14.34N,17.29W,14.34,-17.29,North,West,8694.515338,4479.395878,2814.939579,3840.358843,4116.622918,5677.172157,8009.31756,2147.690819,3900.782268,9783.014654,2742.591325,7493.25329,2722.298735,2933.06831,8694.515338
Sierra Leone,,Freetown,4.12,08.30N,13.17W,8.3,-13.17,North,West,8555.175097,4751.677095,3063.156526,4265.721955,4265.326793,6005.661264,7884.311277,2431.987121,4266.733515,9435.031017,2842.830439,7385.383353,3056.277652,2705.653928,8555.175097
Slovakia,,Bratislava,105,48.10N,17.07E,48.1,17.07,North,East,6747.510414,6648.953818,299.7667061,5061.32444,1217.903049,7451.260557,6021.084807,936.0593313,5627.508364,9253.71086,805.3749423,5444.554674,961.436064,5901.285218,6747.510414
Slovenia,,Ljubljana,54.17,46.04N,14.33E,46.04,14.33,North,East,6879.710699,6464.243825,208.6648808,4908.681416,1414.692547,7285.447633,6154.033587,737.3979486,5456.411672,9287.48053,767.6279331,5580.099681,866.7208941,5700.065109,6879.710699
Solomon Islands,,Honiara,1.57,09.27S,159.57E,-9.27,159.5,South,East,3285.461386,14255.55891,8995.586269,13379.62927,8026.39775,15456.38424,3684.617728,9274.192427,13643.22649,1756.714063,8100.740779,4115.419576,9663.872613,11105.73336,3285.461386
Somalia,,Mogadishu,4.94,02.02N,45.25E,2.02,45.25,North,East,5653.351398,7970.15812,3675.126444,7246.938722,3711.817598,9196.07393,5060.591642,3593.359089,7409.203384,6293.142679,2726.869311,4659.693291,4208.082285,5125.034741,5653.351398
South Africa,,Pretoria (administrative) / Cape Town (legislative) / Bloemfontein (judicial),351,25.44S,28.12E,-25.44,28.12,South,East,7407.288549,7598.50293,5156.713371,7484.112658,5604.115564,8983.854273,6899.294383,4824.036858,7376.785794,6745.83847,4355.817524,6575.494888,5517.89968,3896.346639,7407.288549
Spain,,Madrid,1393,40.25N,03.45W,40.25,-3.45,North,West,7819.620505,5420.702243,984.7989516,3954.379329,2462.222497,6282.117102,7098.16938,316.7736503,4442.023961,9872.403926,1480.791019,6533.068547,788.7473852,4867.835698,7819.620505
Sudan,,Khartoum,32.25,15.31N,32.35E,15.31,32.35,North,East,6024.821508,7182.187211,2533.278396,6249.808169,2783.082017,8323.269023,5360.036338,2440.001916,6499.755916,7323.40305,1611.471096,4874.162878,3052.361385,4894.597015,6024.821508
Suriname,,Paramaribo,4.22,05.50N,55.10W,5.5,-55.1,North,West,10835.34057,2581.688953,4680.9407,2977.711931,6112.175462,3970.588513,10155.38803,3988.780861,2521.333962,11587.45361,4826.843405,9643.554852,4364.339637,2065.679109,10835.34057
Swaziland,,Mbabane (administrative),4.47,26.18S,31.06E,-26.18,31.06,South,East,7305.609719,7765.966473,5237.219345,7639.226751,5642.930552,9150.014898,6807.809294,4921.939949,7538.874298,6581.613769,4418.966408,6494.572509,5613.425372,4059.233603,7305.609719
Sweden,,Stockholm,531,59.20N,18.03E,59.2,18.03,North,East,6835.886355,6965.445894,840.4798442,5197.250774,1086.142946,7640.034601,6112.028674,1503.346409,5861.369457,9701.36456,1520.955875,5528.906607,1125.672413,6577.588157,6835.886355
Switzerland,,Bern,731,46.57N,07.28E,46.57,7.28,North,East,7266.357867,6107.655201,258.5672781,4524.212451,1752.428395,6907.624089,6540.694834,453.4240889,5082.748138,9621.005369,1079.457978,5966.725534,519.0484637,5529.126736,7266.357867
Syrian Arab Republic,,Damascus,,33.30N,36.18E,33.3,36.18,North,East,5651.84829,7450.08623,1688.956147,6159.345715,1529.684488,8431.490815,4939.228021,1939.032452,6583.195225,7805.583634,754.6925338,4390.323618,2337.942252,5814.922835,5651.84829
Tajikistan,,Dushanbe,8.3,38.33N,68.48E,38.33,68.48,North,East,3890.18162,9244.587888,3179.624742,7880.674317,2069.878192,10199.18843,3168.673708,3626.677352,8352.682379,6724.741201,2458.636684,2606.871507,3848.237275,7417.389743,3890.18162
Thailand,,Bangkok,544,13.45N,100.35E,13.45,100.3,North,East,2639.858405,10894.46673,5403.220327,9853.859942,4495.759578,12016.64593,2181.014183,5694.182572,10180.8894,4288.053365,4513.761544,1999.226818,6071.491062,8225.412151,2639.858405
Togo,,Lome,7.22,06.09N,01.20E,6.09,1.2,North,East,7830.239749,5550.587444,2956.284052,4996.438808,3936.444217,6800.804215,7172.515025,2436.275736,5047.91581,8642.18816,2489.636667,6690.001598,3124.375528,3142.133264,7830.239749
Tonga,,Nuku'alofa,0.49,21.10S,174.00W,-21.1,-174,South,West,17567.72242,4945.364486,11202.50152,7071.107776,12691.09541,4873.3607,16895.05048,10541.09085,6185.640438,17778.31474,11516.53281,16388.2415,10733.27236,7144.409672,17567.72242
Tunisia,,Tunis,39.2,36.50N,10.11E,36.5,10.11,North,East,7073.110304,6081.175102,807.160439,4719.165454,1980.343453,7009.948678,6355.139766,549.3528617,5163.187887,9106.520305,732.7093684,5796.335708,1165.784777,5026.626254,7073.110304
Turkey,,Ankara,761,39.57N,32.54E,39.57,32.54,North,East,5854.362249,7323.680996,1288.161151,5916.970404,1126.75407,8241.393981,5132.585459,1662.950453,6396.995306,8225.602013,514.4316727,4567.836208,1956.556338,5972.752883,5854.362249
Turkmenistan,,Ashgabat,40.77,38.00N,57.50E,38,57.5,North,East,4488.245655,8648.201198,2603.024475,7284.02837,1630.997989,9599.274005,3767.70082,3030.060007,7752.742124,7125.393054,1858.809922,3206.803939,3274.660037,6919.238214,4488.245655
Tuvalu,,Funafuti,,08.31S,179.13E,-8.31,179.1,South,East,3721.920681,15307.86461,9941.406325,14392.1533,8902.567411,16495.77388,4261.064793,10251.00003,14676.35352,2330.091761,9068.69365,4764.466467,10612.77936,12177.68217,3721.920681
Uganda,,Kampala,35.17,00.20N,32.30E,0.2,32.3,North,East,6352.026956,7293.2373,3495.969768,6667.727509,3822.208406,8544.891933,5745.464452,3283.89048,6778.799738,6904.98198,2623.993206,5325.133877,3947.281776,4418.435536,6352.026956
Ukraine,,Kiev (Russia),154,50.30N,30.28E,50.3,30.28,North,East,6056.209007,7382.890611,1031.840473,5788.892242,524.677622,8186.342068,5329.522555,1653.359066,6364.271004,8793.543374,953.4060461,4749.510579,1657.632371,6449.854166,6056.209007
United Arab Emirates,,Abu Dhabi,422,24.28N,54.22E,24.28,54.22,North,East,4730.337681,8378.607233,2851.436459,7236.213596,2339.672718,9440.416213,4047.603538,3077.394819,7596.262186,6644.012629,1913.865226,3544.336769,3503.081144,6235.222111,4730.337681
United Kingdom of Great Britain and Northern Ireland,,London,,51.36N,00.05W,51.36,-0.05,North,West,7703.968961,5845.682904,672.7454291,4143.169369,2061.448482,6562.775491,6977.307506,698.5270459,4762.576734,10138.65589,1597.437237,6399.345926,0,5639.574982,7703.968961
United Republic of Tanzania,,Dodoma,,06.08S,35.45E,-6.08,35.45,South,East,6377.386497,7550.67454,3961.694574,7029.276866,4246.837248,8836.51689,5803.242116,3745.697597,7096.991741,6604.961339,3082.850809,5417.721241,4411.941679,4446.955049,6377.386497
United States of America,,Washington DC,,39.91N,77.02W,39.91,-77.02,North,West,11833.78191,1869.600659,4870.776436,393.7513086,6335.992081,2286.644968,11113.64006,4324.97978,585.3087828,13461.12519,5488.563128,10549.84124,4276.178945,4712.161285,11833.78191
United States of Virgin Islands,,Charlotte Amalie,,18.21N,64.56W,18.21,-64.56,North,West,11214.83719,1887.120748,4641.939767,1976.639364,6128.940959,3128.08256,10514.79421,3979.061514,1523.817501,12316.91262,4988.277293,9978.731871,4199.78415,3068.24611,11214.83719
Uruguay,,Montevideo,61.23,34.50S,56.11W,-34.5,-56.11,South,West,11734.26513,4386.211284,6795.153662,5621.329047,8034.986908,5820.662567,11133.81897,6127.452466,4955.930116,11319.75547,6603.845289,10706.04101,6668.340597,1067.104609,11734.26513
Uzbekistan,,Tashkent,57.73,41.20N,69.10E,41.2,69.1,North,East,3870.814474,9308.331593,3176.889203,7904.552329,1992.981727,10240.65463,3145.51278,3654.401516,8396.304708,6850.530992,2504.431063,2574.178894,3840.121994,7559.38737,3870.814474
Vanuatu,,Port-Vila,0.93,17.45S,168.18E,-17.45,168.1,South,East,3981.493991,14806.67095,9670.368673,13995.4638,8733.070085,16032.91758,4408.592188,9927.882584,14231.41608,1460.850935,8762.74973,4847.532505,10336.00681,11541.49245,3981.493991
Venezuela,,Caracas,371,10.30N,66.55W,10.3,-66.55,North,West,11393.90381,1880.336481,5001.499562,2478.228765,6472.067202,3263.545939,10704.02322,4322.067839,1888.620258,12274.09993,5262.688568,10180.21662,4605.444286,2623.070951,11393.90381
Viet Nam,,Hanoi,,21.05N,105.55E,21.05,105.5,North,East,2120.312606,11171.88929,5458.081917,10029.33087,4413.586245,12249.09177,1604.19479,5813.760428,10404.96042,4537.511058,4622.313376,1403.83947,6130.777024,8665.589157,2120.312606
Yugoslavia,,Belgrade,,44.50N,20.37E,44.5,20.37,North,East,6541.060663,6752.614778,541.6807085,5238.77842,1195.987059,7602.37736,5815.896323,1016.625942,5767.790159,8959.69718,506.4104701,5243.453829,1211.248992,5802.622695,6541.060663
Zambia,,Lusaka,23.31,15.28S,28.16E,-15.28,28.16,South,East,7029.923361,7344.414132,4468.636382,7047.350434,4906.097072,8687.964851,6480.555997,4159.76116,7014.913711,6839.882331,3656.356506,6117.207457,4849.277754,3930.040716,7029.923361
Zimbabwe,,Harare,16.93,17.43S,31.02E,-17.43,31.02,South,East,6971.967411,7540.740264,4647.169338,7261.17589,5040.582966,8890.077135,6437.679698,4353.54547,7223.461271,6659.694071,3818.068439,6089.9784,5040.555999,4068.383553,6971.967411
