Year,Country Code,Total Competitors,Gold,Silver,Bronze,Total Medal Count,Total Win Ratio,Total Male Competitors,Male Wins,Male Medal Ratio,Total Female Competitors,Female Wins,Female Medal Ratio,Open Wins,Open Win Ratio
1964,ARG,102,0,2,0,1,0.009803922,96,0,0,6,0,0,1,0.009803922
1964,BHS,11,3,0,0,1,0.090909091,11,0,0,0,0,0,0,0
1964,AUS,243,18,4,10,18,0.074074074,203,10,0.049261084,40,7,0.175,1,0.004115226
1964,BEL,61,6,0,1,3,0.049180328,60,3,0.05,1,0,0,0,0
1964,BGR,63,9,10,2,10,0.158730159,56,10,0.178571429,7,0,0,0,0
1964,BRA,61,0,0,1,1,0.016393443,60,1,0.016666667,1,0,0,0,0
1964,CAN,115,3,4,1,4,0.034782609,95,4,0.042105263,20,0,0,0,0
1964,CHE,66,3,4,1,4,0.060606061,65,2,0.030769231,1,0,0,0,0
1964,CUB,27,0,2,0,1,0.037037037,25,1,0.04,2,0,0,0,0
1964,CZE,104,15,12,3,14,0.134615385,95,10,0.105263158,9,4,0.444444444,0,0
1964,DEU,337,30,44,18,50,0.148367953,275,33,0.12,62,9,0.14516129,8,0.023738872
1964,DNK,64,6,2,3,6,0.09375,57,4,0.070175439,7,0,0,0,0
1964,DQ,3,0,0,0,3,1,2,2,1,1,1,1,0,0
1964,ETH,12,3,0,0,1,0.083333333,12,1,0.083333333,0,0,0,0,0
1964,FIN,89,9,0,2,5,0.056179775,84,5,0.05952381,5,0,0,0,0
1964,FRA,138,3,16,6,15,0.108695652,118,11,0.093220339,20,2,0.1,2,0.014492754
1964,GBR,204,12,24,2,18,0.088235294,160,11,0.06875,44,5,0.113636364,2,0.009803922
1964,GHA,33,0,0,1,1,0.03030303,30,1,0.033333333,3,0,0,0,0
1964,HUN,182,30,14,5,22,0.120879121,150,17,0.113333333,32,5,0.15625,0,0
1964,IND,53,3,0,0,1,0.018867925,52,1,0.019230769,1,0,0,0,0
1964,IRL,25,0,0,1,1,0.04,24,1,0.041666667,1,0,0,0,0
1964,IRN,62,0,0,2,2,0.032258065,58,2,0.034482759,4,0,0,0,0
1964,ITA,168,30,20,7,27,0.160714286,157,23,0.146496815,11,1,0.090909091,3,0.017857143
1964,JPN,328,48,10,8,29,0.088414634,270,27,0.1,58,2,0.034482759,0,0
1964,KEN,37,0,0,1,1,0.027027027,37,1,0.027027027,0,0,0,0,0
1964,KOR,154,0,4,1,3,0.019480519,128,3,0.0234375,26,0,0,0,0
1964,MEX,94,0,0,1,1,0.010638298,90,1,0.011111111,4,0,0,0,0
1964,MNE,75,6,2,2,5,0.066666667,72,5,0.069444444,3,0,0,0,0
1964,NGA,18,0,0,1,1,0.055555556,16,1,0.0625,2,0,0,0,0
1964,NLD,125,6,8,4,10,0.08,105,7,0.066666667,20,3,0.15,0,0
1964,NZL,64,9,0,2,5,0.078125,56,3,0.053571429,8,1,0.125,1,0.015625
1964,PAK,41,0,2,0,1,0.024390244,41,1,0.024390244,0,0,0,0,0
1964,PHL,47,0,2,0,1,0.021276596,40,1,0.025,7,0,0,0,0
1964,POL,140,21,12,10,23,0.164285714,115,17,0.147826087,25,6,0.24,0,0
1964,ROU,138,6,8,6,12,0.086956522,108,7,0.064814815,30,5,0.166666667,0,0
1964,RUS,317,90,62,35,96,0.302839117,254,69,0.271653543,63,25,0.396825397,2,0.006309148
1964,SWE,94,6,4,4,8,0.085106383,76,6,0.078947368,18,0,0,0,0
1964,TTO,13,0,2,2,3,0.230769231,13,3,0.230769231,0,0,0,0,0
1964,TUN,9,0,2,1,2,0.222222222,9,2,0.222222222,0,0,0,0,0
1964,TUR,23,6,6,1,6,0.260869565,23,6,0.260869565,0,0,0,0,0
1964,URY,23,0,0,1,1,0.043478261,23,1,0.043478261,0,0,0,0,0
1964,USA,346,108,52,28,90,0.260115607,267,60,0.224719101,79,24,0.303797468,6,0.01734104
1968,ARG,89,0,0,2,2,0.02247191,84,2,0.023809524,5,0,0,0,0
1968,AUS,128,15,14,5,17,0.1328125,104,9,0.086538462,24,7,0.291666667,1,0.0078125
1968,AUT,43,0,4,2,4,0.093023256,35,1,0.028571429,8,2,0.25,1,0.023255814
1968,BEL,82,0,2,1,2,0.024390244,77,2,0.025974026,5,0,0,0,0
1968,BGR,112,6,8,3,9,0.080357143,102,9,0.088235294,10,0,0,0,0
1968,BRA,76,0,2,2,3,0.039473684,73,2,0.02739726,3,0,0,0,0
1968,CAN,139,3,6,1,5,0.035971223,111,1,0.009009009,28,3,0.107142857,1,0.007194245
1968,CHE,85,0,2,4,5,0.058823529,81,2,0.024691358,4,0,0,0,0
1968,CMR,5,0,2,0,1,0.2,5,1,0.2,0,0,0,0,0
1968,CUB,115,0,8,0,4,0.034782609,101,3,0.02970297,14,1,0.071428571,0,0
1968,CZE,121,21,4,4,13,0.107438017,94,4,0.042553191,27,8,0.296296296,1,0.008264463
1968,DEU,501,27,18,7,51,0.101796407,418,27,0.064593301,83,13,0.156626506,11,0.021956088
1968,DNK,68,3,8,3,8,0.117647059,64,7,0.109375,4,0,0,0,0
1968,DQ,2,0,0,0,2,1,1,1,1,1,1,1,0,0
1968,ETH,18,3,2,0,2,0.111111111,18,2,0.111111111,0,0,0,0,0
1968,FIN,66,3,4,1,4,0.060606061,60,4,0.066666667,6,0,0,0,0
1968,FRA,200,21,6,5,15,0.075,169,12,0.071005917,31,1,0.032258065,2,0.01
1968,GBR,225,15,10,3,13,0.057777778,175,4,0.022857143,50,2,0.04,7,0.031111111
1968,GRC,44,0,0,1,1,0.022727273,44,1,0.022727273,0,0,0,0,0
1968,HUN,167,30,20,12,32,0.191616766,135,25,0.185185185,32,6,0.1875,1,0.005988024
1968,IND,25,0,0,1,1,0.04,25,1,0.04,0,0,0,0,0
1968,IRN,14,6,2,2,5,0.357142857,14,5,0.357142857,0,0,0,0,0
1968,ITA,167,9,8,9,16,0.095808383,152,13,0.085526316,15,0,0,0,0
1968,JAM,25,0,2,0,1,0.04,20,1,0.05,5,0,0,0,0
1968,JPN,171,33,14,7,25,0.14619883,146,24,0.164383562,25,1,0.04,0,0
1968,KEN,39,9,8,2,9,0.230769231,36,9,0.25,3,0,0,0,0
1968,KOR,54,0,2,1,2,0.037037037,41,2,0.048780488,13,0,0,0,0
1968,MEX,275,9,6,3,9,0.032727273,233,7,0.030042918,42,2,0.047619048,0,0
1968,MNE,69,9,6,2,8,0.115942029,59,6,0.101694915,10,2,0.2,0,0
1968,MNG,18,0,2,3,4,0.222222222,14,4,0.285714286,4,0,0,0,0
1968,NLD,107,9,6,1,7,0.065420561,82,5,0.06097561,25,2,0.08,0,0
1968,NOR,46,3,2,0,2,0.043478261,38,1,0.026315789,8,0,0,0,0
1968,NZL,52,3,0,2,3,0.057692308,47,2,0.042553191,5,0,0,0,0
1968,PAK,15,3,0,0,1,0.066666667,15,1,0.066666667,0,0,0,0,0
1968,POL,177,15,4,11,18,0.101694915,140,14,0.1,37,3,0.081081081,1,0.005649718
1968,ROU,82,12,12,5,15,0.182926829,66,8,0.121212121,16,6,0.375,1,0.012195122
1968,RUS,312,87,64,30,91,0.291666667,246,59,0.239837398,66,24,0.363636364,8,0.025641026
1968,SWE,100,6,2,1,4,0.04,86,3,0.034883721,14,0,0,0,0
1968,TUN,7,3,0,1,2,0.285714286,7,2,0.285714286,0,0,0,0,0
1968,TUR,29,6,0,0,2,0.068965517,29,2,0.068965517,0,0,0,0,0
1968,TWN,43,0,0,1,1,0.023255814,35,0,0,8,1,0.125,0,0
1968,UGA,11,0,2,1,2,0.181818182,11,2,0.181818182,0,0,0,0,0
1968,USA,357,135,56,34,107,0.299719888,274,66,0.240875912,83,33,0.397590361,8,0.022408964
1968,VEN,23,3,0,0,1,0.043478261,23,1,0.043478261,0,0,0,0,0
1972,ARG,92,0,2,0,1,0.010869565,88,1,0.011363636,4,0,0,0,0
1972,AUS,168,24,14,2,17,0.101190476,139,5,0.035971223,29,10,0.344827586,2,0.011904762
1972,AUT,111,0,2,2,3,0.027027027,97,1,0.010309278,14,1,0.071428571,1,0.009009009
1972,BEL,88,0,4,0,2,0.022727273,82,2,0.024390244,6,0,0,0,0
1972,BGR,130,18,20,5,21,0.161538462,106,17,0.160377358,24,4,0.166666667,0,0
1972,BRA,81,0,0,2,2,0.024691358,78,2,0.025641026,3,0,0,0,0
1972,CAN,208,0,4,3,5,0.024038462,158,2,0.012658228,50,2,0.04,1,0.004807692
1972,CHE,151,0,6,0,3,0.01986755,122,3,0.024590164,29,0,0,0,0
1972,COL,59,0,2,2,3,0.050847458,55,2,0.036363636,4,0,0,0,0
1972,CUB,137,9,2,4,8,0.058394161,109,6,0.055045872,28,2,0.071428571,0,0
1972,CZE,181,6,8,2,8,0.044198895,145,5,0.034482759,36,2,0.055555556,1,0.005524862
1972,DEU,721,60,46,23,106,0.147018031,572,55,0.096153846,149,40,0.268456376,11,0.015256588
1972,DNK,126,3,0,0,1,0.007936508,114,1,0.00877193,12,0,0,0,0
1972,DQ,4,0,0,0,4,1,3,3,1,1,1,1,0,0
1972,ESP,123,0,0,1,1,0.008130081,118,1,0.008474576,5,0,0,0,0
1972,ETH,31,0,0,2,2,0.064516129,31,2,0.064516129,0,0,0,0,0
1972,FIN,96,9,2,4,8,0.083333333,89,8,0.08988764,7,0,0,0,0
1972,FRA,227,6,8,7,13,0.057268722,197,10,0.050761421,30,0,0,0,0
1972,GBR,284,12,10,9,18,0.063380282,210,11,0.052380952,74,1,0.013513514,6,0.021126761
1972,GHA,35,0,0,1,1,0.028571429,33,1,0.03030303,2,0,0,0,0
1972,GRC,60,0,4,0,2,0.033333333,58,1,0.017241379,2,0,0,0,0
1972,HUN,232,18,26,16,35,0.150862069,187,28,0.14973262,45,6,0.133333333,1,0.004310345
1972,IND,41,0,0,1,1,0.024390244,40,1,0.025,1,0,0,0,0
1972,IRN,48,0,4,1,3,0.0625,48,3,0.0625,0,0,0,0,0
1972,ITA,224,15,6,10,18,0.080357143,197,8,0.040609137,27,5,0.185185185,5,0.022321429
1972,JAM,33,0,0,1,1,0.03030303,21,1,0.047619048,12,0,0,0,0
1972,JPN,184,39,16,8,29,0.157608696,148,27,0.182432432,36,2,0.055555556,0,0
1972,KEN,57,6,6,4,9,0.157894737,55,9,0.163636364,2,0,0,0,0
1972,KOR,42,0,2,0,1,0.023809524,32,1,0.03125,10,0,0,0,0
1972,LBN,19,0,2,0,1,0.052631579,17,1,0.058823529,2,0,0,0,0
1972,MEX,174,0,2,0,1,0.005747126,152,1,0.006578947,22,0,0,0,0
1972,MNE,126,6,2,2,5,0.03968254,113,5,0.044247788,13,0,0,0,0
1972,MNG,44,0,2,0,1,0.022727273,42,1,0.023809524,2,0,0,0,0
1972,NER,4,0,0,1,1,0.25,4,1,0.25,0,0,0,0,0
1972,NGA,25,0,0,1,1,0.04,20,1,0.05,5,0,0,0,0
1972,NLD,119,9,2,1,5,0.042016807,90,4,0.044444444,29,1,0.034482759,0,0
1972,NOR,112,6,2,1,4,0.035714286,101,4,0.03960396,11,0,0,0,0
1972,NZL,89,3,2,1,3,0.033707865,82,3,0.036585366,7,0,0,0,0
1972,PAK,25,0,2,0,1,0.04,25,1,0.04,0,0,0,0,0
1972,POL,290,21,10,9,21,0.072413793,252,18,0.071428571,38,2,0.052631579,1,0.003448276
1972,PRK,37,3,2,3,5,0.135135135,23,3,0.130434783,14,1,0.071428571,1,0.027027027
1972,ROU,159,9,12,7,16,0.100628931,132,10,0.075757576,27,4,0.148148148,2,0.012578616
1972,RUS,371,150,54,22,99,0.266846361,298,69,0.231543624,73,22,0.301369863,8,0.021563342
1972,SWE,131,12,12,6,16,0.122137405,104,9,0.086538462,27,2,0.074074074,5,0.038167939
1972,TUN,35,0,2,0,1,0.028571429,35,1,0.028571429,0,0,0,0,0
1972,TUR,43,0,2,0,1,0.023255814,42,1,0.023809524,1,0,0,0,0
1972,UGA,33,3,2,0,2,0.060606061,31,2,0.064516129,2,0,0,0,0
1972,USA,400,99,62,30,94,0.235,316,62,0.196202532,84,22,0.261904762,10,0.025
1976,AUS,180,0,2,4,5,0.027777778,146,2,0.01369863,34,0,0,0,0
1976,AUT,111,0,0,1,1,0.009009009,97,0,0,14,0,0,1,0.009009009
1976,BEL,101,0,6,3,6,0.059405941,75,4,0.053333333,26,0,0,0,0
1976,BGR,158,18,18,7,22,0.139240506,105,14,0.133333333,53,8,0.150943396,0,0
1976,BMU,16,0,0,1,1,0.0625,15,1,0.066666667,1,0,0,0,0
1976,BRA,79,0,0,2,2,0.025316456,72,1,0.013888889,7,0,0,0,0
1976,CAN,385,0,10,6,11,0.028571429,261,3,0.011494253,124,7,0.056451613,1,0.002597403
1976,CHE,50,3,2,2,4,0.08,47,2,0.042553191,3,0,0,0,0
1976,CUB,156,18,8,3,13,0.083333333,132,13,0.098484848,24,0,0,0,0
1976,CZE,163,6,4,4,8,0.049079755,125,6,0.048,38,1,0.026315789,1,0.006134969
1976,DEU,557,30,24,17,129,0.231597846,387,55,0.142118863,170,55,0.323529412,19,0.034111311
1976,DNK,66,3,0,2,3,0.045454545,56,2,0.035714286,10,0,0,0,0
1976,DQ,1,0,0,0,1,1,0,0,0,1,1,1,0,0
1976,ESP,113,0,4,0,2,0.017699115,103,1,0.009708738,10,0,0,0,0
1976,FIN,83,12,4,0,6,0.072289157,77,6,0.077922078,6,0,0,0,0
1976,FRA,206,6,6,4,9,0.04368932,177,7,0.039548023,29,1,0.034482759,1,0.004854369
1976,GBR,242,9,10,5,13,0.053719008,176,11,0.0625,66,0,0,0,0
1976,HUN,178,12,10,13,22,0.123595506,124,16,0.129032258,54,6,0.111111111,0,0
1976,IRN,84,0,2,1,2,0.023809524,80,2,0.025,4,0,0,0,0
1976,ITA,210,6,14,4,13,0.061904762,183,9,0.049180328,27,2,0.074074074,2,0.00952381
1976,JAM,20,3,2,0,2,0.1,11,2,0.181818182,9,0,0,0,0
1976,JPN,213,27,12,10,25,0.117370892,153,24,0.156862745,60,1,0.016666667,0,0
1976,KOR,50,3,2,4,6,0.12,38,5,0.131578947,12,1,0.083333333,0,0
1976,MEX,97,3,0,1,2,0.020618557,92,2,0.02173913,5,0,0,0,0
1976,MNE,88,6,6,3,8,0.090909091,83,8,0.096385542,5,0,0,0,0
1976,MNG,32,0,2,0,1,0.03125,30,1,0.033333333,2,0,0,0,0
1976,NLD,108,0,4,3,5,0.046296296,72,2,0.027777778,36,2,0.055555556,1,0.009259259
1976,NOR,66,3,2,0,2,0.03030303,60,2,0.033333333,6,0,0,0,0
1976,NZL,80,6,2,1,4,0.05,71,4,0.056338028,9,0,0,0,0
1976,PAK,24,0,0,1,1,0.041666667,24,1,0.041666667,0,0,0,0,0
1976,POL,207,21,12,13,26,0.125603865,180,23,0.127777778,27,1,0.037037037,2,0.009661836
1976,PRI,80,0,0,1,1,0.0125,73,1,0.01369863,7,0,0,0,0
1976,PRK,38,3,2,0,2,0.052631579,36,2,0.055555556,2,0,0,0,0
1976,PRT,19,0,4,0,2,0.105263158,19,1,0.052631579,0,0,0,0,0
1976,ROU,157,12,18,14,27,0.171974522,103,19,0.184466019,54,8,0.148148148,0,0
1976,RUS,410,147,82,35,125,0.304878049,285,84,0.294736842,125,36,0.288,5,0.012195122
1976,SWE,116,12,2,0,5,0.043103448,99,3,0.03030303,17,1,0.058823529,1,0.00862069
1976,THA,42,0,0,1,1,0.023809524,39,1,0.025641026,3,0,0,0,0
1976,TTO,13,3,0,0,1,0.076923077,13,1,0.076923077,0,0,0,0,0
1976,USA,396,102,70,25,94,0.237373737,278,67,0.241007194,118,17,0.144067797,10,0.025252525
1976,VEN,32,0,2,0,1,0.03125,23,1,0.043478261,9,0,0,0,0
1980,AUS,120,6,4,5,9,0.075,92,7,0.076086957,28,2,0.071428571,0,0
1980,AUT,83,3,4,1,4,0.048192771,64,0,0,19,0,0,4,0.048192771
1980,BEL,59,3,0,0,1,0.016949153,43,1,0.023255814,16,0,0,0,0
1980,BGR,271,24,32,17,41,0.151291513,183,31,0.169398907,88,7,0.079545455,3,0.011070111
1980,BRA,106,6,0,2,4,0.037735849,91,2,0.021978022,15,0,0,0,0
1980,CHE,73,6,0,0,2,0.02739726,67,2,0.029850746,6,0,0,0,0
1980,CUB,208,24,14,5,20,0.096153846,175,18,0.102857143,33,1,0.03030303,1,0.004807692
1980,CZE,209,6,6,9,14,0.066985646,162,12,0.074074074,47,2,0.042553191,0,0
1980,DEU,346,141,74,42,126,0.36416185,222,59,0.265765766,124,60,0.483870968,7,0.020231214
1980,DNK,99,6,2,2,5,0.050505051,91,1,0.010989011,8,1,0.125,3,0.03030303
1980,DQ,3,0,0,0,3,1,1,1,1,2,2,1,0,0
1980,ESP,155,3,6,2,6,0.038709677,146,5,0.034246575,9,0,0,0,0
1980,ETH,41,6,0,2,4,0.097560976,39,4,0.102564103,2,0,0,0,0
1980,FIN,105,9,2,4,8,0.076190476,99,5,0.050505051,6,1,0.166666667,2,0.019047619
1980,FRA,121,18,10,3,14,0.115702479,98,12,0.12244898,23,2,0.086956522,0,0
1980,GBR,219,15,14,9,21,0.095890411,149,17,0.11409396,70,4,0.057142857,0,0
1980,GRC,41,3,0,2,3,0.073170732,38,2,0.052631579,3,0,0,0,0
1980,GUY,8,0,0,1,1,0.125,7,1,0.142857143,1,0,0,0,0
1980,HUN,263,21,20,15,32,0.121673004,182,27,0.148351648,81,3,0.037037037,2,0.007604563
1980,IND,72,3,0,0,1,0.013888889,56,1,0.017857143,16,0,0,0,0
1980,IRL,47,0,2,1,2,0.042553191,44,1,0.022727273,3,0,0,0,0
1980,ITA,159,24,6,4,15,0.094339623,121,10,0.082644628,38,1,0.026315789,4,0.025157233
1980,JAM,18,0,0,3,3,0.166666667,11,2,0.181818182,7,1,0.142857143,0,0
1980,LBN,15,0,0,1,1,0.066666667,15,1,0.066666667,0,0,0,0,0
1980,MEX,45,0,2,3,4,0.088888889,36,1,0.027777778,9,0,0,0,0
1980,MNE,164,6,6,4,9,0.054878049,136,7,0.051470588,25,2,0.08,0,0
1980,MNG,43,0,4,2,4,0.093023256,39,4,0.102564103,4,0,0,0,0
1980,NLD,75,0,2,2,3,0.04,57,2,0.035087719,18,1,0.055555556,0,0
1980,POL,306,9,28,15,32,0.104575163,232,25,0.107758621,74,5,0.067567568,2,0.006535948
1980,PRK,47,0,6,2,5,0.106382979,39,5,0.128205128,8,0,0,0,0
1980,ROU,226,18,12,13,25,0.110619469,156,13,0.083333333,70,10,0.142857143,2,0.008849558
1980,RUS,489,240,138,46,195,0.398773006,340,131,0.385294118,149,48,0.322147651,16,0.032719836
1980,SWE,145,9,6,6,12,0.082758621,122,8,0.06557377,23,1,0.043478261,3,0.020689655
1980,TZA,41,0,4,0,2,0.048780488,36,2,0.055555556,5,0,0,0,0
1980,UGA,13,0,2,0,1,0.076923077,13,1,0.076923077,0,0,0,0,0
1980,VEN,37,0,2,0,1,0.027027027,37,1,0.027027027,0,0,0,0,0
1980,ZWE,42,3,0,0,1,0.023809524,23,0,0,19,1,0.052631579,0,0
1984,AUS,242,12,16,12,24,0.099173554,169,16,0.094674556,73,7,0.095890411,1,0.004132231
1984,PER,35,0,2,0,1,0.028571429,19,0,0,16,0,0,1,0.028571429
1984,AUT,102,3,2,1,3,0.029411765,71,3,0.042253521,31,0,0,0,0
1984,BEL,63,3,2,2,4,0.063492063,47,2,0.042553191,16,2,0.125,0,0
1984,BRA,147,3,10,2,8,0.054421769,126,7,0.055555556,21,0,0,0,0
1984,CAN,408,30,36,16,44,0.107843137,257,25,0.097276265,151,16,0.105960265,3,0.007352941
1984,CHE,129,0,8,4,8,0.062015504,102,5,0.049019608,27,0,0,0,0
1984,CHN,267,45,16,9,32,0.119850187,182,22,0.120879121,85,10,0.117647059,0,0
1984,CIV,15,0,2,0,1,0.066666667,14,1,0.071428571,1,0,0,0,0
1984,CMR,46,0,0,1,1,0.02173913,42,1,0.023809524,4,0,0,0,0
1984,COL,39,0,2,0,1,0.025641026,36,1,0.027777778,3,0,0,0,0
1984,DEU,390,51,38,23,59,0.151282051,267,36,0.134831461,123,18,0.146341463,5,0.012820513
1984,DNK,60,0,6,3,6,0.1,49,3,0.06122449,11,1,0.090909091,2,0.033333333
1984,DOM,19,0,0,1,1,0.052631579,15,1,0.066666667,4,0,0,0,0
1984,DQ,6,0,0,0,6,1,3,3,1,3,3,1,0,0
1984,DZA,33,0,0,2,2,0.060606061,33,2,0.060606061,0,0,0,0,0
1984,EGY,114,0,2,0,1,0.00877193,108,1,0.009259259,6,0,0,0,0
1984,ESP,179,3,4,2,5,0.027932961,163,4,0.024539877,16,0,0,0,0
1984,FIN,86,12,4,6,12,0.139534884,73,11,0.150684932,13,1,0.076923077,0,0
1984,FRA,238,15,14,16,28,0.117647059,189,24,0.126984127,49,3,0.06122449,1,0.004201681
1984,GBR,337,15,22,21,37,0.109792285,229,23,0.100436681,108,10,0.092592593,4,0.011869436
1984,GRC,63,0,2,1,2,0.031746032,59,2,0.033898305,4,0,0,0,0
1984,IRL,42,0,2,0,1,0.023809524,28,1,0.035714286,14,0,0,0,0
1984,ISL,30,0,0,1,1,0.033333333,27,1,0.037037037,3,0,0,0,0
1984,ITA,268,42,12,12,32,0.119402985,222,25,0.112612613,46,4,0.086956522,3,0.01119403
1984,JAM,45,0,2,2,3,0.066666667,31,1,0.032258065,14,2,0.142857143,0,0
1984,JPN,226,30,16,14,32,0.14159292,174,29,0.166666667,52,3,0.057692308,0,0
1984,KEN,61,3,0,2,3,0.049180328,56,3,0.053571429,5,0,0,0,0
1984,KOR,175,18,12,7,19,0.108571429,116,15,0.129310345,59,4,0.06779661,0,0
1984,MAR,34,6,0,0,2,0.058823529,33,1,0.03030303,1,1,1,0,0
1984,MEX,99,6,6,1,6,0.060606061,77,6,0.077922078,22,0,0,0,0
1984,MNE,139,21,8,7,18,0.129496403,105,17,0.161904762,34,1,0.029411765,0,0
1984,NGA,32,0,2,1,2,0.0625,30,2,0.066666667,2,0,0,0,0
1984,NLD,136,15,4,6,13,0.095588235,82,2,0.024390244,54,11,0.203703704,0,0
1984,NOR,103,0,2,2,3,0.029126214,84,2,0.023809524,19,1,0.052631579,0,0
1984,NZL,130,24,2,2,11,0.084615385,98,8,0.081632653,32,0,0,0,0
1984,PAK,31,3,0,0,1,0.032258065,31,1,0.032258065,0,0,0,0,0
1984,PRI,51,0,2,1,2,0.039215686,43,2,0.046511628,8,0,0,0,0
1984,PRT,38,3,0,2,3,0.078947368,29,2,0.068965517,9,1,0.111111111,0,0
1984,ROU,124,60,32,17,53,0.427419355,71,25,0.352112676,53,28,0.528301887,0,0
1984,SWE,174,6,22,6,19,0.109195402,131,15,0.114503817,43,3,0.069767442,1,0.005747126
1984,SYR,9,0,2,0,1,0.111111111,9,1,0.111111111,0,0,0,0,0
1984,THA,35,0,2,0,1,0.028571429,25,1,0.04,10,0,0,0,0
1984,TUR,46,0,0,3,3,0.065217391,45,3,0.066666667,1,0,0,0,0
1984,TWN,38,0,0,1,1,0.026315789,31,1,0.032258065,7,0,0,0,0
1984,USA,522,249,122,30,174,0.333333333,339,101,0.297935103,183,60,0.327868852,13,0.024904215
1984,VEN,26,0,0,3,3,0.115384615,25,3,0.12,1,0,0,0,0
1984,ZMB,16,0,0,1,1,0.0625,16,1,0.0625,0,0,0,0,0
1988,ARG,118,0,2,1,2,0.016949153,93,1,0.010752688,25,1,0.04,0,0
1988,VIR,22,0,2,0,1,0.045454545,19,0,0,3,0,0,1,0.045454545
1988,AUS,252,9,12,5,14,0.055555556,180,9,0.05,72,5,0.069444444,0,0
1988,AUT,73,3,0,0,1,0.01369863,66,1,0.015151515,7,0,0,0,0
1988,BEL,59,0,0,2,2,0.033898305,35,1,0.028571429,24,0,0,0,0
1988,BGR,172,30,24,13,35,0.203488372,104,19,0.182692308,68,16,0.235294118,0,0
1988,BRA,160,3,4,3,6,0.0375,127,4,0.031496063,33,0,0,0,0
1988,CAN,328,9,4,5,10,0.030487805,223,5,0.022421525,105,3,0.028571429,2,0.006097561
1988,CHE,99,0,4,2,4,0.04040404,72,2,0.027777778,27,0,0,0,0
1988,CHN,290,15,22,12,28,0.096551724,165,13,0.078787879,125,15,0.12,0,0
1988,CHL,17,0,2,0,1,0.058823529,16,0,0,1,0,0,1,0.058823529
1988,COL,40,0,0,1,1,0.025,34,1,0.029411765,6,0,0,0,0
1988,CRI,16,0,2,0,1,0.0625,9,0,0,7,1,0.142857143,0,0
1988,CZE,163,9,6,2,8,0.049079755,110,6,0.054545455,53,1,0.018867925,1,0.006134969
1988,DEU,606,33,28,15,142,0.234323432,401,74,0.184538653,205,61,0.297560976,7,0.011551155
1988,DJI,6,0,0,1,1,0.166666667,6,1,0.166666667,0,0,0,0,0
1988,DNK,88,6,2,1,4,0.045454545,67,2,0.029850746,21,0,0,0,0
1988,DQ,4,0,0,0,4,1,4,4,1,0,0,0,0,0
1988,ESP,229,3,2,2,4,0.017467249,200,2,0.01,29,0,0,0,0
1988,FIN,78,3,2,2,4,0.051282051,59,4,0.06779661,19,0,0,0,0
1988,FRA,266,18,8,6,16,0.060150376,192,11,0.057291667,74,1,0.013513514,4,0.015037594
1988,GBR,345,15,20,9,24,0.069565217,219,17,0.077625571,126,3,0.023809524,4,0.011594203
1988,GRC,56,0,0,1,1,0.017857143,44,1,0.022727273,12,0,0,0,0
1988,HUN,188,33,12,6,23,0.122340426,152,19,0.125,36,4,0.111111111,0,0
1988,IDN,29,0,2,0,1,0.034482759,23,0,0,6,1,0.166666667,0,0
1988,IRN,23,0,2,0,1,0.043478261,23,1,0.043478261,0,0,0,0,0
1988,ITA,253,18,8,4,14,0.055335968,212,13,0.061320755,41,1,0.024390244,0,0
1988,JAM,35,0,4,0,2,0.057142857,24,1,0.041666667,11,1,0.090909091,0,0
1988,JPN,255,12,6,7,14,0.054901961,186,11,0.059139785,69,3,0.043478261,0,0
1988,KEN,74,15,4,2,9,0.121621622,70,9,0.128571429,4,0,0,0,0
1988,KOR,401,36,20,11,33,0.082294264,269,26,0.096654275,132,7,0.053030303,0,0
1988,MAR,27,3,0,2,3,0.111111111,24,3,0.125,3,0,0,0,0
1988,MEX,83,0,0,2,2,0.024096386,66,2,0.03030303,17,0,0,0,0
1988,MNE,155,9,8,5,12,0.077419355,117,8,0.068376068,38,4,0.105263158,0,0
1988,MNG,28,0,0,1,1,0.035714286,24,1,0.041666667,4,0,0,0,0
1988,NLD,147,6,4,5,9,0.06122449,93,5,0.053763441,54,4,0.074074074,0,0
1988,NOR,69,6,6,0,5,0.072463768,44,3,0.068181818,25,1,0.04,1,0.014492754
1988,NZL,83,9,4,8,13,0.156626506,67,7,0.104477612,16,1,0.0625,5,0.060240964
1988,PAK,30,0,0,1,1,0.033333333,30,1,0.033333333,0,0,0,0,0
1988,PER,21,0,2,0,1,0.047619048,7,0,0,14,1,0.071428571,0,0
1988,PHL,31,0,0,1,1,0.032258065,26,1,0.038461538,5,0,0,0,0
1988,POL,143,6,10,9,16,0.111888112,111,15,0.135135135,32,1,0.03125,0,0
1988,PRT,65,3,0,0,1,0.015384615,55,0,0,10,1,0.1,0,0
1988,ROU,68,21,22,6,24,0.352941176,32,7,0.21875,36,17,0.472222222,0,0
1988,RUS,481,165,62,46,132,0.274428274,319,95,0.297805643,162,36,0.222222222,1,0.002079002
1988,SEN,23,0,2,0,1,0.043478261,22,1,0.045454545,1,0,0,0,0
1988,SUR,6,3,0,0,1,0.166666667,4,1,0.25,2,0,0,0,0
1988,SWE,185,0,8,7,11,0.059459459,148,10,0.067567568,37,1,0.027027027,0,0
1988,THA,14,0,0,1,1,0.071428571,12,1,0.083333333,2,0,0,0,0
1988,TUR,41,3,2,0,2,0.048780488,36,2,0.055555556,5,0,0,0,0
1988,USA,527,108,62,27,94,0.178368121,332,60,0.180722892,195,29,0.148717949,5,0.009487666
1992,ARG,84,0,0,1,1,0.011904762,67,1,0.014925373,17,0,0,0,0
1992,AUS,279,21,18,11,27,0.096774194,187,14,0.07486631,92,10,0.108695652,3,0.010752688
1992,AUT,102,0,4,0,2,0.019607843,71,1,0.014084507,31,0,0,0,0
1992,BEL,68,0,2,2,3,0.044117647,43,1,0.023255814,25,2,0.08,0,0
1992,BGR,138,9,14,6,16,0.115942029,87,11,0.126436782,51,5,0.098039216,0,0
1992,BHS,14,0,0,1,1,0.071428571,12,1,0.083333333,2,0,0,0,0
1992,BRA,182,6,2,0,3,0.016483516,132,3,0.022727273,50,0,0,0,0
1992,CAN,295,21,8,7,18,0.061016949,179,10,0.055865922,116,7,0.060344828,1,0.003389831
1992,CHE,102,3,0,0,1,0.009803922,73,1,0.01369863,29,0,0,0,0
1992,CHN,244,48,44,16,54,0.221311475,117,19,0.162393162,127,34,0.267716535,1,0.004098361
1992,COL,49,0,0,1,1,0.020408163,46,0,0,3,1,0.333333333,0,0
1992,CUB,176,42,12,11,31,0.176136364,126,23,0.182539683,50,8,0.16,0,0
1992,CZE,208,12,4,1,7,0.033653846,146,6,0.04109589,62,0,0,0,0
1992,DEU,463,99,42,28,82,0.177105832,300,45,0.15,163,30,0.18404908,7,0.01511879
1992,DNK,119,3,2,4,6,0.050420168,86,4,0.046511628,33,0,0,0,0
1992,DQ,7,0,0,0,7,1,4,4,1,3,3,1,0,0
1992,MAR,44,3,2,1,3,0.068181818,43,3,0.069767442,1,0,0,0,0
1992,DZA,35,3,0,1,2,0.057142857,33,1,0.03030303,2,1,0.5,0,0
1992,ESP,422,39,14,2,22,0.052132701,297,13,0.043771044,125,8,0.064,1,0.002369668
1992,EST,37,3,0,1,2,0.054054054,33,1,0.03030303,4,1,0.25,0,0
1992,ETH,40,3,0,2,3,0.075,28,2,0.071428571,12,1,0.083333333,0,0
1992,FIN,88,3,4,2,5,0.056818182,60,5,0.083333333,28,0,0,0,0
1992,FRA,339,24,10,16,29,0.085545723,241,20,0.082987552,98,7,0.071428571,2,0.005899705
1992,GBR,371,15,6,12,20,0.053908356,229,13,0.056768559,142,6,0.042253521,1,0.002695418
1992,GHA,34,0,0,1,1,0.029411765,32,1,0.03125,2,0,0,0,0
1992,GRC,70,6,0,0,2,0.028571429,56,1,0.017857143,14,1,0.071428571,0,0
1992,HRV,39,0,2,2,3,0.076923077,36,3,0.083333333,3,0,0,0,0
1992,HUN,217,33,24,7,30,0.138248848,159,21,0.132075472,58,9,0.155172414,0,0
1992,IDN,42,6,4,1,5,0.119047619,27,4,0.148148148,15,1,0.066666667,0,0
1992,IRL,58,3,2,0,2,0.034482759,49,2,0.040816327,9,0,0,0,0
1992,IRN,36,0,2,2,3,0.083333333,36,3,0.083333333,0,0,0,0,0
1992,ISR,30,0,2,1,2,0.066666667,25,1,0.04,5,1,0.2,0,0
1992,ITA,304,18,10,8,19,0.0625,228,14,0.061403509,76,3,0.039473684,2,0.006578947
1992,JAM,36,0,6,1,4,0.111111111,22,1,0.045454545,14,3,0.214285714,0,0
1992,JPN,256,9,16,11,22,0.0859375,175,12,0.068571429,81,9,0.111111111,1,0.00390625
1992,KEN,49,6,8,2,8,0.163265306,40,8,0.2,9,0,0,0,0
1992,KOR,226,36,10,12,29,0.128318584,154,18,0.116883117,72,11,0.152777778,0,0
1992,LTU,47,3,0,1,2,0.042553191,36,2,0.055555556,11,0,0,0,0
1992,LVA,34,0,4,1,3,0.088235294,25,3,0.12,9,0,0,0,0
1992,MEX,102,0,2,0,1,0.009803922,76,1,0.013157895,26,0,0,0,0
1992,MNG,35,0,0,2,2,0.057142857,28,1,0.035714286,7,1,0.142857143,0,0
1992,MYS,26,0,0,1,1,0.038461538,26,1,0.038461538,0,0,0,0,0
1992,NAM,6,0,4,0,2,0.333333333,5,2,0.4,1,0,0,0,0
1992,PER,16,0,2,0,1,0.0625,12,0,0,4,0,0,1,0.0625
1992,NGA,55,0,6,1,4,0.072727273,32,3,0.09375,23,1,0.043478261,0,0
1992,NLD,201,6,12,7,15,0.074626866,117,7,0.05982906,84,5,0.05952381,3,0.014925373
1992,NOR,83,6,8,1,7,0.084337349,51,5,0.098039216,32,2,0.0625,0,0
1992,NZL,134,3,8,5,10,0.074626866,92,4,0.043478261,42,3,0.071428571,3,0.02238806
1992,PAK,27,0,0,1,1,0.037037037,27,1,0.037037037,0,0,0,0,0
1992,PHL,26,0,0,1,1,0.038461538,24,1,0.041666667,2,0,0,0,0
1992,POL,201,9,12,10,19,0.094527363,149,17,0.11409396,52,2,0.038461538,0,0
1992,PRI,71,0,0,1,1,0.014084507,65,1,0.015384615,6,0,0,0,0
1992,PRK,64,12,0,5,9,0.140625,36,7,0.194444444,28,2,0.071428571,0,0
1992,QAT,28,0,0,1,1,0.035714286,28,1,0.035714286,0,0,0,0,0
1992,ROU,173,12,12,8,18,0.104046243,105,7,0.066666667,68,11,0.161764706,0,0
1992,SUR,6,0,0,1,1,0.166666667,5,1,0.2,1,0,0,0,0
1992,SVN,35,0,0,2,2,0.057142857,29,2,0.068965517,6,0,0,0,0
1992,SWE,187,3,14,4,12,0.064171123,143,10,0.06993007,44,2,0.045454545,0,0
1992,THA,46,0,0,1,1,0.02173913,23,1,0.043478261,23,0,0,0,0
1992,TUR,41,6,4,2,6,0.146341463,36,5,0.138888889,5,1,0.2,0,0
1992,TWN,31,0,2,0,1,0.032258065,23,1,0.043478261,8,0,0,0,0
1992,USA,545,111,68,37,108,0.198165138,355,58,0.163380282,190,44,0.231578947,6,0.011009174
1992,ZAF,93,0,4,0,2,0.021505376,68,1,0.014705882,25,1,0.04,0,0
1996,ARG,179,0,4,1,3,0.016759777,132,3,0.022727273,47,0,0,0,0
1996,ARM,32,3,2,0,2,0.0625,30,2,0.066666667,2,0,0,0,0
1996,SCG,68,3,2,2,4,0.058823529,59,2,0.033898305,9,2,0.222222222,0,0
1996,AUS,417,27,18,23,41,0.098321343,250,21,0.084,167,17,0.101796407,3,0.007194245
1996,AUT,72,0,2,2,3,0.041666667,56,2,0.035714286,16,1,0.0625,0,0
1996,AZE,23,0,2,0,1,0.043478261,20,1,0.05,3,0,0,0,0
1996,BDI,7,3,0,0,1,0.142857143,6,1,0.166666667,1,0,0,0,0
1996,BEL,62,6,4,2,6,0.096774194,42,3,0.071428571,20,3,0.15,0,0
1996,MAR,34,0,0,2,2,0.058823529,32,2,0.0625,2,0,0,0,0
1996,BGR,111,9,14,5,15,0.135135135,75,11,0.146666667,36,4,0.111111111,0,0
1996,BHS,26,0,2,0,1,0.038461538,19,0,0,7,1,0.142857143,0,0
1996,BLR,157,3,12,8,15,0.095541401,91,11,0.120879121,66,4,0.060606061,0,0
1996,BRA,221,9,6,9,15,0.067873303,156,7,0.044871795,65,4,0.061538462,4,0.018099548
1996,CAN,303,9,22,8,22,0.072607261,152,11,0.072368421,151,11,0.072847682,0,0
1996,CHE,115,12,6,0,7,0.060869565,72,5,0.069444444,43,1,0.023255814,1,0.008695652
1996,CHN,315,48,44,12,50,0.158730159,127,21,0.165354331,188,28,0.14893617,1,0.003174603
1996,CRI,11,3,0,0,1,0.090909091,6,0,0,5,1,0.2,0,0
1996,CUB,164,27,16,8,25,0.152439024,111,18,0.162162162,53,7,0.132075472,0,0
1996,CZE,115,12,6,4,11,0.095652174,76,7,0.092105263,39,4,0.102564103,0,0
1996,DEU,466,60,36,27,65,0.139484979,279,38,0.136200717,187,22,0.117647059,5,0.010729614
1996,DNK,119,12,2,1,6,0.050420168,54,3,0.055555556,65,3,0.046153846,0,0
1996,DQ,2,0,0,0,2,1,1,1,1,1,1,1,0,0
1996,DZA,45,6,0,1,3,0.066666667,39,3,0.076923077,6,0,0,0,0
1996,ECU,19,3,0,0,1,0.052631579,17,1,0.058823529,2,0,0,0,0
1996,ESP,289,15,12,6,17,0.058823529,194,10,0.051546392,95,6,0.063157895,1,0.003460208
1996,ETH,18,6,0,1,3,0.166666667,10,1,0.1,8,2,0.25,0,0
1996,FIN,76,3,4,1,4,0.052631579,47,3,0.063829787,29,1,0.034482759,0,0
1996,FRA,299,45,14,15,37,0.123745819,197,21,0.106598985,102,15,0.147058824,1,0.003344482
1996,GBR,300,3,16,6,15,0.05,184,13,0.070652174,116,1,0.00862069,1,0.003333333
1996,GEO,34,0,0,2,2,0.058823529,27,2,0.074074074,7,0,0,0,0
1996,GRC,121,12,8,0,8,0.066115702,87,7,0.08045977,34,1,0.029411765,0,0
1996,HKG,23,3,0,0,1,0.043478261,14,0,0,9,1,0.111111111,0,0
1996,HRV,84,3,2,0,2,0.023809524,75,2,0.026666667,9,0,0,0,0
1996,HUN,213,21,8,10,21,0.098591549,147,15,0.102040816,66,6,0.090909091,0,0
1996,IDN,40,3,2,2,4,0.1,23,2,0.086956522,17,2,0.117647059,0,0
1996,IND,49,0,0,1,1,0.020408163,40,1,0.025,9,0,0,0,0
1996,IRL,78,9,0,1,4,0.051282051,62,0,0,16,4,0.25,0,0
1996,IRN,18,3,2,1,3,0.166666667,17,3,0.176470588,1,0,0,0,0
1996,ISR,25,0,0,1,1,0.04,18,1,0.055555556,7,0,0,0,0
1996,ITA,340,39,20,12,35,0.102941176,236,22,0.093220339,104,13,0.125,0,0
1996,JAM,46,3,6,2,6,0.130434783,27,2,0.074074074,19,4,0.210526316,0,0
1996,JPN,306,9,12,5,14,0.045751634,157,7,0.044585987,149,7,0.046979866,0,0
1996,KAZ,96,9,8,4,11,0.114583333,72,11,0.152777778,24,0,0,0,0
1996,KEN,52,3,8,3,8,0.153846154,42,7,0.166666667,10,1,0.1,0,0
1996,KOR,303,21,30,5,27,0.089108911,190,14,0.073684211,113,11,0.097345133,2,0.00660066
1996,LTU,61,0,0,1,1,0.016393443,45,1,0.022222222,16,0,0,0,0
1996,LVA,47,0,2,0,1,0.021276596,34,1,0.029411765,13,0,0,0,0
1996,MDA,40,0,2,1,2,0.05,35,2,0.057142857,5,0,0,0,0
1996,MEX,98,0,0,1,1,0.010204082,71,1,0.014084507,27,0,0,0,0
1996,MNG,19,0,0,1,1,0.052631579,14,1,0.071428571,5,0,0,0,0
1996,MOZ,3,0,0,1,1,0.333333333,2,0,0,1,1,1,0,0
1996,MYS,35,0,2,1,2,0.057142857,32,2,0.0625,3,0,0,0,0
1996,NAM,8,0,4,0,2,0.25,6,2,0.333333333,2,0,0,0,0
1996,NGA,65,6,2,3,6,0.092307692,49,2,0.040816327,16,4,0.25,0,0
1996,NLD,239,12,10,10,19,0.079497908,137,7,0.051094891,102,9,0.088235294,3,0.012552301
1996,NOR,97,6,4,3,7,0.072164948,42,4,0.095238095,55,2,0.036363636,1,0.010309278
1996,NZL,95,9,4,1,6,0.063157895,66,2,0.03030303,29,1,0.034482759,3,0.031578947
1996,PHL,12,0,2,0,1,0.083333333,8,1,0.125,4,0,0,0,0
1996,POL,165,21,10,5,17,0.103030303,126,13,0.103174603,39,4,0.102564103,0,0
1996,PRI,69,0,0,1,1,0.014492754,47,1,0.021276596,22,0,0,0,0
1996,PRK,24,6,2,2,5,0.208333333,15,4,0.266666667,9,1,0.111111111,0,0
1996,PRT,107,3,0,1,2,0.018691589,83,1,0.012048193,24,1,0.041666667,0,0
1996,ROU,165,12,14,9,20,0.121212121,98,7,0.071428571,67,13,0.194029851,0,0
1996,RUS,390,78,42,16,63,0.161538462,232,44,0.189655172,158,18,0.113924051,1,0.002564103
1996,SRB,68,3,2,2,4,0.058823529,59,2,0.033898305,9,2,0.222222222,0,0
1996,SVK,71,3,2,1,3,0.042253521,58,3,0.051724138,13,0,0,0,0
1996,SVN,37,0,4,0,2,0.054054054,25,1,0.04,12,1,0.083333333,0,0
1996,SWE,177,6,8,2,8,0.04519774,111,4,0.036036036,66,3,0.045454545,1,0.005649718
1996,SYR,7,3,0,0,1,0.142857143,6,0,0,1,1,1,0,0
1996,THA,37,3,0,1,2,0.054054054,25,2,0.08,12,0,0,0,0
1996,TON,5,0,2,0,1,0.2,4,1,0.25,1,0,0,0,0
1996,TTO,12,0,0,2,2,0.166666667,8,2,0.25,4,0,0,0,0
1996,TUN,51,0,0,1,1,0.019607843,45,1,0.022222222,6,0,0,0,0
1996,TUR,53,12,2,1,6,0.113207547,44,6,0.136363636,9,0,0,0,0
1996,TWN,74,0,2,0,1,0.013513514,32,0,0,42,1,0.023809524,0,0
1996,UGA,10,0,0,1,1,0.1,7,1,0.142857143,3,0,0,0,0
1996,UKR,231,27,4,12,23,0.0995671,146,13,0.089041096,85,10,0.117647059,0,0
1996,USA,648,132,64,25,101,0.155864198,375,58,0.154666667,273,38,0.139194139,5,0.007716049
1996,UZB,71,0,2,1,2,0.028169014,63,2,0.031746032,8,0,0,0,0
1996,ZAF,84,9,2,1,5,0.05952381,64,2,0.03125,20,3,0.15,0,0
1996,ZMB,8,0,2,0,1,0.125,7,1,0.142857143,1,0,0,0,0
2000,ARG,143,0,4,2,4,0.027972028,98,2,0.020408163,45,2,0.044444444,0,0
2000,ARM,25,0,0,1,1,0.04,23,1,0.043478261,2,0,0,0,0
2000,AUS,617,48,50,17,58,0.094003241,341,32,0.093841642,276,22,0.079710145,4,0.006482982
2000,MAR,55,0,2,4,5,0.090909091,46,4,0.086956522,9,1,0.111111111,0,0
2000,AUT,92,6,2,0,3,0.032608696,55,1,0.018181818,37,1,0.027027027,1,0.010869565
2000,AZE,31,6,0,1,3,0.096774194,25,2,0.08,6,1,0.166666667,0,0
2000,BEL,70,0,4,3,5,0.071428571,38,2,0.052631579,32,3,0.09375,0,0
2000,BGR,93,15,12,2,13,0.139784946,53,10,0.188679245,40,3,0.075,0,0
2000,BHS,25,6,0,1,3,0.12,16,1,0.0625,9,2,0.222222222,0,0
2000,BLR,139,9,6,11,17,0.122302158,72,9,0.125,67,8,0.119402985,0,0
2000,BRA,198,0,12,6,12,0.060606061,106,5,0.047169811,92,4,0.043478261,3,0.015151515
2000,BRB,18,0,0,1,1,0.055555556,12,1,0.083333333,6,0,0,0,0
2000,CAN,294,9,6,8,14,0.047619048,150,7,0.046666667,144,7,0.048611111,0,0
2000,CHE,102,3,12,2,9,0.088235294,64,3,0.046875,38,5,0.131578947,1,0.009803922
2000,CHL,50,0,0,1,1,0.02,43,1,0.023255814,7,0,0,0,0
2000,CHN,321,84,32,14,58,0.180685358,134,23,0.171641791,187,34,0.181818182,1,0.003115265
2000,CMR,38,3,0,0,1,0.026315789,27,1,0.037037037,11,0,0,0,0
2000,COL,44,3,0,0,1,0.022727273,25,0,0,19,1,0.052631579,0,0
2000,CRI,7,0,0,2,2,0.285714286,5,0,0,2,2,1,0,0
2000,CUB,229,33,22,7,29,0.126637555,147,22,0.149659864,82,7,0.085365854,0,0
2000,CZE,119,6,6,3,8,0.067226891,86,7,0.081395349,33,1,0.03030303,0,0
2000,DEU,422,39,34,26,56,0.132701422,241,32,0.132780083,181,18,0.099447514,6,0.014218009
2000,DNK,97,6,6,1,6,0.06185567,53,3,0.056603774,44,2,0.045454545,1,0.010309278
2000,DQ,3,0,0,0,3,1,2,2,1,1,1,1,0,0
2000,DZA,47,3,2,3,5,0.106382979,37,4,0.108108108,10,1,0.1,0,0
2000,ESP,321,9,6,5,11,0.034267913,216,7,0.032407407,105,4,0.038095238,0,0
2000,EST,33,3,0,2,3,0.090909091,31,3,0.096774194,2,0,0,0,0
2000,ETH,26,12,2,3,8,0.307692308,15,5,0.333333333,11,3,0.272727273,0,0
2000,FIN,70,6,2,1,4,0.057142857,40,3,0.075,30,0,0,0,0
2000,FRA,336,39,28,11,38,0.113095238,211,26,0.123222749,125,12,0.096,0,0
2000,GBR,310,33,20,7,28,0.090322581,181,14,0.077348066,129,9,0.069767442,5,0.016129032
2000,GEO,36,0,0,6,6,0.166666667,27,6,0.222222222,9,0,0,0,0
2000,GRC,140,12,12,3,13,0.092857143,82,8,0.097560976,58,5,0.086206897,0,0
2000,HRV,88,3,0,1,2,0.022727273,63,2,0.031746032,25,0,0,0,0
2000,HUN,178,24,12,3,17,0.095505618,109,10,0.091743119,69,7,0.101449275,0,0
2000,SCG,109,3,2,1,3,0.027522936,92,2,0.02173913,17,1,0.058823529,0,0
2000,IDN,47,3,6,2,6,0.127659574,27,2,0.074074074,20,3,0.15,1,0.021276596
2000,IND,65,0,0,1,1,0.015384615,44,0,0,21,1,0.047619048,0,0
2000,IRL,64,0,2,0,1,0.015625,40,0,0,24,1,0.041666667,0,0
2000,IRN,33,9,0,1,4,0.121212121,32,4,0.125,1,0,0,0,0
2000,ISL,18,0,0,1,1,0.055555556,9,0,0,9,1,0.111111111,0,0
2000,ISR,39,0,0,1,1,0.025641026,29,1,0.034482759,10,0,0,0,0
2000,ITA,361,39,16,13,34,0.094182825,246,23,0.093495935,115,11,0.095652174,0,0
2000,JAM,48,0,12,3,9,0.1875,22,2,0.090909091,26,7,0.269230769,0,0
2000,JPN,266,15,16,5,18,0.067669173,156,5,0.032051282,110,13,0.118181818,0,0
2000,KAZ,130,9,8,0,7,0.053846154,86,6,0.069767442,44,1,0.022727273,0,0
2000,KEN,56,6,6,2,7,0.125,34,6,0.176470588,22,1,0.045454545,0,0
2000,KGZ,48,0,0,1,1,0.020833333,35,1,0.028571429,13,0,0,0,0
2000,KOR,281,24,20,10,28,0.099644128,175,17,0.097142857,106,11,0.103773585,0,0
2000,KWT,29,0,0,1,1,0.034482759,29,1,0.034482759,0,0,0,0,0
2000,LKA,18,0,2,0,1,0.055555556,9,0,0,9,1,0.111111111,0,0
2000,LTU,61,6,0,3,5,0.081967213,40,2,0.05,21,3,0.142857143,0,0
2000,LVA,45,3,2,1,3,0.066666667,30,3,0.1,15,0,0,0,0
2000,MDA,34,0,2,1,2,0.058823529,29,2,0.068965517,5,0,0,0,0
2000,MEX,78,3,4,3,6,0.076923077,52,5,0.096153846,26,1,0.038461538,0,0
2000,MKD,10,0,0,1,1,0.1,6,1,0.166666667,4,0,0,0,0
2000,MOZ,4,3,0,0,1,0.25,2,0,0,2,1,0.5,0,0
2000,NGA,83,3,4,0,3,0.036144578,44,1,0.022727273,39,2,0.051282051,0,0
2000,NLD,231,36,18,4,25,0.108225108,147,8,0.054421769,84,13,0.154761905,4,0.017316017
2000,NOR,93,12,6,3,10,0.107526882,44,4,0.090909091,49,5,0.102040816,1,0.010752688
2000,NZL,147,3,0,3,4,0.027210884,77,2,0.025974026,70,1,0.014285714,1,0.006802721
2000,POL,187,18,10,3,14,0.07486631,129,9,0.069767442,58,5,0.086206897,0,0
2000,PRK,31,0,2,3,4,0.129032258,14,2,0.142857143,17,2,0.117647059,0,0
2000,PRT,61,0,0,2,2,0.032786885,48,1,0.020833333,13,1,0.076923077,0,0
2000,QAT,17,0,0,1,1,0.058823529,17,1,0.058823529,0,0,0,0,0
2000,ROU,145,33,12,9,26,0.179310345,71,7,0.098591549,74,19,0.256756757,0,0
2000,RUS,435,96,56,29,89,0.204597701,241,53,0.219917012,194,36,0.18556701,0,0
2000,SAU,18,0,2,1,2,0.111111111,18,1,0.055555556,0,0,0,0,0
2000,SRB,109,3,2,1,3,0.027522936,92,2,0.02173913,17,1,0.058823529,0,0
2000,SVK,108,3,6,1,5,0.046296296,81,3,0.037037037,27,2,0.074074074,0,0
2000,SVN,74,6,0,0,2,0.027027027,55,2,0.036363636,19,0,0,0,0
2000,SWE,150,12,10,3,12,0.08,98,7,0.071428571,52,5,0.096153846,0,0
2000,THA,52,3,0,2,3,0.057692308,34,2,0.058823529,18,1,0.055555556,0,0
2000,TTO,19,0,2,1,2,0.105263158,14,2,0.142857143,5,0,0,0,0
2000,TUR,57,9,0,2,5,0.087719298,42,4,0.095238095,15,1,0.066666667,0,0
2000,TWN,55,0,2,4,5,0.090909091,21,1,0.047619048,34,4,0.117647059,0,0
2000,UKR,230,9,20,10,23,0.1,139,14,0.100719424,91,9,0.098901099,0,0
2000,URY,15,0,2,0,1,0.066666667,12,1,0.083333333,3,0,0,0,0
2000,USA,586,111,48,32,93,0.158703072,333,49,0.147147147,253,39,0.154150198,5,0.008532423
2000,UZB,70,3,2,2,4,0.057142857,52,4,0.076923077,18,0,0,0,0
2000,VNM,7,0,2,0,1,0.142857143,3,0,0,4,1,0.25,0,0
2000,ZAF,127,0,4,3,5,0.039370079,89,3,0.033707865,38,2,0.052631579,0,0
2004,ARE,4,3,0,0,1,0.25,4,1,0.25,0,0,0,0,0
2004,ARG,152,6,0,4,6,0.039473684,106,2,0.018867925,46,3,0.065217391,1,0.006578947
2004,AUS,470,51,32,17,50,0.106382979,268,27,0.100746269,202,23,0.113861386,0,0
2004,AUT,74,6,8,1,7,0.094594595,54,3,0.055555556,20,2,0.1,2,0.027027027
2004,AZE,36,3,0,4,5,0.138888889,30,3,0.1,6,2,0.333333333,0,0
2004,BEL,51,3,0,2,3,0.058823529,32,1,0.03125,19,2,0.105263158,0,0
2004,BGR,98,6,2,9,12,0.12244898,51,8,0.156862745,47,4,0.085106383,0,0
2004,BHS,22,3,0,1,2,0.090909091,13,0,0,9,2,0.222222222,0,0
2004,BLR,151,6,10,6,13,0.086092715,82,7,0.085365854,69,6,0.086956522,0,0
2004,BRA,243,15,4,3,10,0.041152263,124,6,0.048387097,119,2,0.016806723,2,0.008230453
2004,CAN,262,9,12,3,12,0.045801527,130,6,0.046153846,132,6,0.045454545,0,0
2004,CHE,98,3,2,3,5,0.051020408,59,4,0.06779661,39,1,0.025641026,0,0
2004,CHL,22,6,0,1,3,0.136363636,16,3,0.1875,6,0,0,0,0
2004,CHN,405,96,34,14,63,0.155555556,152,23,0.151315789,253,39,0.154150198,1,0.002469136
2004,CMR,21,3,0,0,1,0.047619048,12,0,0,9,1,0.111111111,0,0
2004,COL,53,0,0,2,2,0.037735849,32,0,0,21,2,0.095238095,0,0
2004,CUB,151,27,14,11,27,0.178807947,97,16,0.164948454,54,11,0.203703704,0,0
2004,CZE,142,3,6,5,9,0.063380282,80,5,0.0625,62,4,0.064516129,0,0
2004,DEU,441,39,32,20,49,0.111111111,250,24,0.096,191,21,0.109947644,4,0.009070295
2004,DNK,92,6,2,5,8,0.086956522,48,4,0.083333333,44,3,0.068181818,1,0.010869565
2004,MAR,55,6,2,0,3,0.054545455,47,2,0.042553191,8,1,0.125,0,0
2004,DOM,33,3,0,0,1,0.03030303,17,1,0.058823529,16,0,0,0,0
2004,DQ,3,0,0,0,3,1,2,2,1,1,1,1,0,0
2004,EGY,97,3,2,3,5,0.051546392,81,5,0.061728395,16,0,0,0,0
2004,ERI,4,0,0,1,1,0.25,3,1,0.333333333,1,0,0,0,0
2004,ESP,316,9,22,6,20,0.063291139,177,13,0.073446328,139,4,0.028776978,3,0.009493671
2004,EST,42,0,2,2,3,0.071428571,31,3,0.096774194,11,0,0,0,0
2004,ETH,26,6,6,2,7,0.269230769,14,3,0.214285714,12,4,0.333333333,0,0
2004,FIN,53,0,4,0,2,0.037735849,36,2,0.055555556,17,0,0,0,0
2004,SCG,85,0,4,0,2,0.023529412,78,1,0.012820513,7,1,0.142857143,0,0
2004,FRA,308,33,18,13,33,0.107142857,195,16,0.082051282,113,16,0.14159292,1,0.003246753
2004,GBR,264,27,18,12,30,0.113636364,161,15,0.093167702,103,10,0.097087379,5,0.018939394
2004,GEO,32,6,4,0,4,0.125,26,4,0.153846154,6,0,0,0,0
2004,GRC,426,18,12,4,16,0.037558685,215,8,0.037209302,211,8,0.037914692,0,0
2004,HKG,32,0,2,0,1,0.03125,14,1,0.071428571,18,0,0,0,0
2004,HRV,81,3,4,2,5,0.061728395,66,5,0.075757576,15,0,0,0,0
2004,HUN,209,24,12,3,17,0.081339713,119,10,0.084033613,90,7,0.077777778,0,0
2004,IDN,38,3,2,2,4,0.105263158,22,3,0.136363636,16,1,0.0625,0,0
2004,IND,73,0,2,0,1,0.01369863,48,1,0.020833333,25,0,0,0,0
2004,IRN,37,6,4,2,6,0.162162162,36,6,0.166666667,1,0,0,0,0
2004,ISR,36,3,0,1,2,0.055555556,20,2,0.1,16,0,0,0,0
2004,ITA,364,30,22,11,32,0.087912088,229,23,0.100436681,135,9,0.066666667,0,0
2004,JAM,47,6,2,2,5,0.106382979,22,1,0.045454545,25,4,0.16,0,0
2004,JPN,306,48,18,12,37,0.120915033,139,20,0.143884892,167,17,0.101796407,0,0
2004,KAZ,114,3,8,3,8,0.070175439,71,8,0.112676056,43,0,0,0,0
2004,KEN,46,3,8,2,7,0.152173913,22,5,0.227272727,24,2,0.083333333,0,0
2004,KOR,264,27,24,9,30,0.113636364,145,18,0.124137931,119,12,0.100840336,0,0
2004,LTU,59,3,4,0,3,0.050847458,47,2,0.042553191,12,1,0.083333333,0,0
2004,LVA,32,0,8,0,4,0.125,22,3,0.136363636,10,1,0.1,0,0
2004,MEX,109,0,6,1,4,0.036697248,59,1,0.016949153,50,3,0.06,0,0
2004,MNG,23,0,0,1,1,0.043478261,15,1,0.066666667,8,0,0,0,0
2004,NGA,70,0,0,2,2,0.028571429,24,2,0.083333333,46,0,0,0,0
2004,NLD,210,12,18,9,22,0.104761905,134,9,0.067164179,76,12,0.157894737,1,0.004761905
2004,NOR,52,15,0,1,6,0.115384615,35,4,0.114285714,17,2,0.117647059,0,0
2004,NZL,148,9,4,0,5,0.033783784,81,3,0.037037037,67,2,0.029850746,0,0
2004,POL,194,9,4,5,10,0.051546392,132,3,0.022727273,62,7,0.112903226,0,0
2004,PRK,36,0,8,1,5,0.138888889,13,2,0.153846154,23,3,0.130434783,0,0
2004,PRT,81,0,4,1,3,0.037037037,64,3,0.046875,17,0,0,0,0
2004,PRY,22,0,2,0,1,0.045454545,20,1,0.05,2,0,0,0,0
2004,ROU,108,24,10,6,19,0.175925926,50,7,0.14,58,12,0.206896552,0,0
2004,RUS,446,84,52,36,90,0.201793722,244,51,0.209016393,202,39,0.193069307,0,0
2004,SRB,85,0,4,0,2,0.023529412,78,1,0.012820513,7,1,0.142857143,0,0
2004,SVK,64,6,4,2,6,0.09375,48,5,0.104166667,16,1,0.0625,0,0
2004,SVN,79,0,2,3,4,0.050632911,56,1,0.017857143,23,2,0.086956522,1,0.012658228
2004,SWE,115,12,4,1,7,0.060869565,62,4,0.064516129,53,2,0.037735849,1,0.008695652
2004,SYR,6,0,0,1,1,0.166666667,5,1,0.2,1,0,0,0,0
2004,THA,42,9,2,4,8,0.19047619,24,3,0.125,18,5,0.277777778,0,0
2004,TTO,19,0,0,1,1,0.052631579,10,1,0.1,9,0,0,0,0
2004,TUR,64,9,6,4,10,0.15625,44,9,0.204545455,20,1,0.05,0,0
2004,TWN,88,6,4,1,5,0.056818182,49,3,0.06122449,39,2,0.051282051,0,0
2004,UKR,239,24,10,9,22,0.092050209,124,9,0.072580645,115,12,0.104347826,1,0.0041841
2004,USA,533,108,78,26,101,0.189493433,279,55,0.197132616,254,40,0.157480315,6,0.011257036
2004,UZB,69,6,2,2,5,0.072463768,51,5,0.098039216,18,0,0,0,0
2004,VEN,48,0,0,2,2,0.041666667,33,1,0.03030303,15,1,0.066666667,0,0
2004,ZAF,106,3,6,2,6,0.056603774,66,5,0.075757576,40,1,0.025,0,0
2004,ZWE,12,3,2,1,3,0.25,9,0,0,3,3,1,0,0
2008,AFG,4,0,0,1,1,0.25,3,1,0.333333333,1,0,0,0,0
2008,ARG,132,6,0,4,6,0.045454545,79,3,0.037974684,53,2,0.037735849,1,0.007575758
2008,ARM,25,0,2,4,5,0.2,23,5,0.217391304,2,0,0,0,0
2008,AUS,432,42,30,17,46,0.106481481,233,21,0.090128755,199,23,0.115577889,2,0.00462963
2008,AUT,70,0,2,2,3,0.042857143,40,1,0.025,30,2,0.066666667,0,0
2008,AZE,44,3,2,4,6,0.136363636,30,5,0.166666667,14,1,0.071428571,0,0
2008,BEL,94,6,0,0,2,0.021276596,77,0,0,17,2,0.117647059,0,0
2008,BGR,74,3,2,3,5,0.067567568,45,3,0.066666667,29,2,0.068965517,0,0
2008,BHS,25,0,2,1,2,0.08,16,2,0.125,9,0,0,0,0
2008,BLR,177,9,8,7,14,0.079096045,93,9,0.096774194,84,5,0.05952381,0,0
2008,BRA,268,9,8,10,17,0.063432836,139,10,0.071942446,129,7,0.054263566,0,0
2008,CAN,332,9,18,8,20,0.060240964,186,10,0.053763441,146,8,0.054794521,2,0.006024096
2008,CHE,83,6,2,4,7,0.084337349,47,5,0.106382979,36,1,0.027777778,1,0.012048193
2008,CHL,26,0,2,0,1,0.038461538,20,1,0.05,6,0,0,0,0
2008,CHN,625,144,44,30,100,0.16,330,43,0.13030303,295,56,0.189830508,1,0.0016
2008,CMR,36,3,0,0,1,0.027777778,27,0,0,9,1,0.111111111,0,0
2008,COL,67,0,4,1,3,0.044776119,43,1,0.023255814,24,2,0.083333333,0,0
2008,CUB,158,9,20,17,30,0.189873418,102,20,0.196078431,56,10,0.178571429,0,0
2008,CZE,134,9,6,1,7,0.052238806,75,4,0.053333333,59,3,0.050847458,0,0
2008,DEU,420,48,22,14,41,0.097619048,237,20,0.084388186,183,15,0.081967213,6,0.014285714
2008,MAR,47,0,2,1,2,0.042553191,36,1,0.027777778,11,1,0.090909091,0,0
2008,DNK,93,6,4,3,7,0.075268817,71,4,0.056338028,22,1,0.045454545,2,0.021505376
2008,DOM,24,3,2,0,2,0.083333333,18,2,0.111111111,6,0,0,0,0
2008,DQ,1,0,0,0,1,1,0,0,0,1,1,1,0,0
2008,DZA,56,0,2,1,2,0.035714286,34,1,0.029411765,22,1,0.045454545,0,0
2008,ECU,25,0,2,0,1,0.04,17,1,0.058823529,8,0,0,0,0
2008,EGY,100,0,0,2,2,0.02,74,1,0.013513514,26,1,0.038461538,0,0
2008,ESP,283,15,22,3,19,0.067137809,163,12,0.073619632,120,5,0.041666667,2,0.007067138
2008,EST,47,3,2,0,2,0.042553191,34,2,0.058823529,13,0,0,0,0
2008,ETH,27,12,4,1,7,0.259259259,14,4,0.285714286,13,3,0.230769231,0,0
2008,FIN,57,3,2,2,4,0.070175439,31,2,0.064516129,26,2,0.076923077,0,0
2008,FRA,309,21,32,20,43,0.139158576,188,34,0.180851064,121,8,0.066115702,1,0.003236246
2008,GBR,304,57,26,19,51,0.167763158,163,27,0.165644172,141,21,0.14893617,3,0.009868421
2008,GEO,35,9,4,2,7,0.2,27,6,0.222222222,8,1,0.125,0,0
2008,GRC,152,0,4,1,3,0.019736842,82,2,0.024390244,70,1,0.014285714,0,0
2008,HRV,99,0,4,3,5,0.050505051,80,1,0.0125,19,4,0.210526316,0,0
2008,HUN,171,9,10,2,10,0.058479532,88,7,0.079545455,83,3,0.036144578,0,0
2008,IDN,24,3,2,4,6,0.25,15,3,0.2,9,2,0.222222222,1,0.041666667
2008,IND,53,3,0,2,3,0.056603774,31,3,0.096774194,22,0,0,0,0
2008,IRL,55,0,2,2,3,0.054545455,39,3,0.076923077,16,0,0,0,0
2008,IRN,54,3,0,1,2,0.037037037,51,2,0.039215686,3,0,0,0,0
2008,ISL,27,0,2,0,1,0.037037037,20,1,0.05,7,0,0,0,0
2008,ISR,43,0,0,1,1,0.023255814,23,1,0.043478261,20,0,0,0,0
2008,ITA,333,24,18,10,27,0.081081081,203,16,0.078817734,130,11,0.084615385,0,0
2008,JAM,50,15,8,2,11,0.22,23,2,0.086956522,27,9,0.333333333,0,0
2008,JPN,332,27,16,8,25,0.075301205,167,13,0.077844311,165,12,0.072727273,0,0
2008,KAZ,130,6,6,4,9,0.069230769,60,6,0.1,70,3,0.042857143,0,0
2008,KEN,46,18,8,6,16,0.347826087,28,9,0.321428571,18,7,0.388888889,0,0
2008,KGZ,20,0,2,2,3,0.15,16,3,0.1875,4,0,0,0,0
2008,KOR,265,39,22,8,32,0.120754717,159,18,0.113207547,106,13,0.122641509,1,0.003773585
2008,LTU,71,0,6,2,5,0.070422535,44,4,0.090909091,27,1,0.037037037,0,0
2008,LVA,47,3,2,1,3,0.063829787,29,3,0.103448276,18,0,0,0,0
2008,MDA,29,0,0,1,1,0.034482759,21,1,0.047619048,8,0,0,0,0
2008,MEX,83,6,0,2,4,0.048192771,43,1,0.023255814,40,3,0.075,0,0
2008,MNG,33,6,4,0,4,0.121212121,18,3,0.166666667,15,1,0.066666667,0,0
2008,MYS,32,0,2,0,1,0.03125,18,1,0.055555556,14,0,0,0,0
2008,NGA,74,0,6,2,5,0.067567568,37,2,0.054054054,37,3,0.081081081,0,0
2008,NLD,237,21,10,4,16,0.067510549,139,3,0.021582734,98,11,0.112244898,2,0.008438819
2008,NOR,84,9,10,1,9,0.107142857,30,5,0.166666667,54,4,0.074074074,0,0
2008,NZL,178,9,4,4,9,0.050561798,96,7,0.072916667,82,2,0.024390244,0,0
2008,PAN,5,3,0,0,1,0.2,3,1,0.333333333,2,0,0,0,0
2008,POL,257,12,10,2,11,0.042801556,156,8,0.051282051,101,3,0.02970297,0,0
2008,PRK,58,6,4,2,6,0.103448276,21,1,0.047619048,37,5,0.135135135,0,0
2008,PRT,77,3,2,0,2,0.025974026,51,1,0.019607843,26,1,0.038461538,0,0
2008,ROU,101,12,2,4,9,0.089108911,40,2,0.05,61,7,0.114754098,0,0
2008,RUS,454,72,26,23,60,0.13215859,231,37,0.16017316,223,23,0.103139013,0,0
2008,SDN,9,0,2,0,1,0.111111111,5,1,0.2,4,0,0,0,0
2008,SGP,25,0,2,0,1,0.04,11,0,0,14,1,0.071428571,0,0
2008,SRB,87,0,2,2,3,0.034482759,63,3,0.047619048,24,0,0,0,0
2008,SVK,57,9,6,0,6,0.105263158,35,4,0.114285714,22,2,0.090909091,0,0
2008,SVN,61,3,4,2,5,0.081967213,40,3,0.075,21,2,0.095238095,0,0
2008,SWE,123,0,8,1,5,0.040650407,50,3,0.06,73,1,0.01369863,1,0.008130081
2008,TGO,4,0,0,1,1,0.25,3,1,0.333333333,1,0,0,0,0
2008,THA,47,6,4,2,6,0.127659574,22,2,0.090909091,25,4,0.16,0,0
2008,TJK,15,0,2,1,2,0.133333333,12,2,0.166666667,3,0,0,0,0
2008,TTO,28,3,2,0,2,0.071428571,17,2,0.117647059,11,0,0,0,0
2008,TUN,26,3,0,0,1,0.038461538,14,1,0.071428571,12,0,0,0,0
2008,TUR,67,3,2,3,5,0.074626866,48,4,0.083333333,19,1,0.052631579,0,0
2008,TWN,79,3,2,2,4,0.050632911,43,2,0.046511628,36,2,0.055555556,0,0
2008,UKR,243,21,8,11,22,0.090534979,127,13,0.102362205,116,9,0.077586207,0,0
2008,USA,588,108,78,37,112,0.19047619,306,54,0.176470588,282,54,0.191489362,4,0.006802721
2008,UZB,56,0,2,3,4,0.071428571,41,3,0.073170732,15,1,0.066666667,0,0
2008,VEN,108,0,0,1,1,0.009259259,57,0,0,51,1,0.019607843,0,0
2008,VNM,13,0,2,0,1,0.076923077,7,1,0.142857143,6,0,0,0,0
2008,WSM,6,0,2,0,1,0.166666667,4,0,0,2,1,0.5,0,0
2008,ZAF,134,0,2,0,1,0.007462687,75,1,0.013333333,59,0,0,0,0
2008,ZWE,13,3,6,0,4,0.307692308,8,0,0,5,4,0.8,0,0
2012,AFG,6,0,0,1,1,0.166666667,5,1,0.2,1,0,0,0,0
2012,PRI,25,0,2,1,2,0.08,19,2,0.105263158,6,0,0,1,0.04
2012,SAU,18,0,0,1,1,0.055555556,16,0,0,2,0,0,0,0
2012,ARG,137,3,2,2,4,0.02919708,97,3,0.030927835,40,1,0.025,0,0
2012,ARM,24,0,2,1,2,0.083333333,20,2,0.1,4,0,0,0,0
2012,AUS,405,24,30,12,35,0.086419753,221,15,0.067873303,184,20,0.108695652,0,0
2012,AZE,52,6,4,5,9,0.173076923,38,7,0.184210526,14,2,0.142857143,0,0
2012,BEL,114,0,2,2,3,0.026315789,71,1,0.014084507,43,2,0.046511628,0,0
2012,BGR,68,0,4,1,3,0.044117647,40,1,0.025,28,2,0.071428571,0,0
2012,BHS,21,3,0,0,1,0.047619048,12,1,0.083333333,9,0,0,0,0
2012,BHR,12,3,0,0,1,0.083333333,4,0,0,8,1,0.125,0,0
2012,BLR,160,6,10,3,10,0.0625,89,3,0.033707865,71,6,0.084507042,1,0.00625
2012,BRA,248,9,10,9,17,0.068548387,131,11,0.083969466,117,6,0.051282051,0,0
2012,BRN,12,3,0,0,1,0.083333333,4,0,0,8,1,0.125,0,0
2012,BWA,4,0,2,0,1,0.25,3,1,0.333333333,1,0,0,0,0
2012,CAN,273,6,10,11,18,0.065934066,119,9,0.075630252,154,9,0.058441558,0,0
2012,CHE,98,6,4,0,4,0.040816327,70,2,0.028571429,28,1,0.035714286,1,0.010204082
2012,CHN,411,114,62,22,91,0.221411192,181,36,0.198895028,230,53,0.230434783,2,0.00486618
2012,CMR,38,0,0,1,1,0.026315789,13,0,0,25,1,0.04,0,0
2012,COL,101,3,6,5,9,0.089108911,45,4,0.088888889,56,5,0.089285714,0,0
2012,CUB,109,15,6,7,15,0.137614679,65,11,0.169230769,44,4,0.090909091,0,0
2012,MAR,63,0,0,1,1,0.015873016,46,1,0.02173913,17,0,0,0,0
2012,CYP,13,0,2,0,1,0.076923077,9,1,0.111111111,4,0,0,0,0
2012,CZE,133,12,6,4,11,0.082706767,68,6,0.088235294,65,5,0.076923077,0,0
2012,DEU,383,33,40,13,44,0.114882507,212,27,0.127358491,171,13,0.076023392,4,0.010443864
2012,DNK,120,6,8,3,9,0.075,70,7,0.1,50,1,0.02,1,0.008333333
2012,DOM,33,3,2,0,2,0.060606061,13,2,0.153846154,20,0,0,0,0
2012,DQ,9,0,0,0,9,1,7,7,1,2,2,2,0,0
2012,DZA,38,3,0,0,1,0.026315789,21,1,0.047619048,17,0,0,0,0
2012,EGY,109,0,6,1,4,0.036697248,75,3,0.04,34,1,0.029411765,0,0
2012,ESP,278,12,20,4,18,0.064748201,168,6,0.035714286,110,12,0.109090909,0,0
2012,EST,32,0,2,1,2,0.0625,23,2,0.086956522,9,0,0,0,0
2012,ETH,33,9,4,3,8,0.242424242,18,2,0.111111111,15,6,0.4,0,0
2012,FIN,56,0,4,1,3,0.053571429,29,1,0.034482759,27,2,0.074074074,0,0
2012,FRA,324,33,22,13,35,0.108024691,182,20,0.10989011,142,15,0.105633803,0,0
2012,GAB,21,0,2,0,1,0.047619048,19,1,0.052631579,2,0,0,0,0
2012,GBR,530,87,34,19,65,0.122641509,273,39,0.142857143,257,20,0.077821012,6,0.011320755
2012,GEO,34,3,4,3,6,0.176470588,28,6,0.214285714,6,0,0,0,0
2012,GRC,102,0,0,2,2,0.019607843,65,1,0.015384615,37,1,0.027027027,0,0
2012,GRD,8,3,0,0,1,0.125,5,1,0.2,3,0,0,0,0
2012,GTM,19,0,2,0,1,0.052631579,12,1,0.083333333,7,0,0,0,0
2012,HKG,41,0,0,1,1,0.024390244,21,0,0,20,1,0.05,0,0
2012,HRV,107,9,2,2,6,0.056074766,64,4,0.0625,43,2,0.046511628,0,0
2012,HUN,152,24,8,6,18,0.118421053,93,12,0.129032258,59,6,0.101694915,0,0
2012,IDN,22,0,4,1,3,0.136363636,13,2,0.153846154,9,1,0.111111111,0,0
2012,IND,81,0,4,4,6,0.074074074,58,4,0.068965517,23,2,0.086956522,0,0
2012,IRL,64,3,2,4,6,0.09375,36,4,0.111111111,28,1,0.035714286,1,0.015625
2012,IRN,52,21,10,1,13,0.25,44,13,0.295454545,8,0,0,0,0
2012,ITA,281,24,18,11,28,0.099644128,158,20,0.126582278,123,8,0.06504065,0,0
2012,JAM,45,12,10,3,12,0.266666667,23,7,0.304347826,22,5,0.227272727,0,0
2012,JPN,291,21,28,17,38,0.130584192,136,21,0.154411765,155,17,0.109677419,0,0
2012,KAZ,113,9,2,7,11,0.097345133,73,7,0.095890411,40,4,0.1,0,0
2012,KEN,47,6,8,7,13,0.276595745,27,7,0.259259259,20,6,0.3,0,0
2012,KOR,250,39,18,8,30,0.12,135,22,0.162962963,115,8,0.069565217,0,0
2012,KWT,10,0,0,1,1,0.1,8,1,0.125,2,0,0,0,0
2012,LTU,62,6,0,3,5,0.080645161,39,2,0.051282051,23,3,0.130434783,0,0
2012,LVA,45,3,0,1,2,0.044444444,31,2,0.064516129,14,0,0,0,0
2012,MEX,99,3,6,4,8,0.080808081,62,2,0.032258065,37,6,0.162162162,0,0
2012,MNE,33,0,2,0,1,0.03030303,18,0,0,15,1,0.066666667,0,0
2012,MNG,35,0,4,3,5,0.142857143,21,4,0.19047619,14,1,0.071428571,0,0
2012,MYS,29,0,2,1,2,0.068965517,16,1,0.0625,13,1,0.076923077,0,0
2012,NLD,173,18,12,8,20,0.115606936,94,5,0.053191489,79,11,0.139240506,4,0.023121387
2012,NOR,61,6,2,1,4,0.06557377,33,3,0.090909091,28,1,0.035714286,0,0
2012,NZL,178,18,4,5,13,0.073033708,96,7,0.072916667,82,5,0.06097561,1,0.005617978
2012,POL,210,9,4,6,11,0.052380952,124,6,0.048387097,86,5,0.058139535,0,0
2012,PRK,52,12,0,2,6,0.115384615,15,3,0.2,37,3,0.081081081,0,0
2012,PRT,76,0,2,0,3,0.039473684,44,3,0.068181818,32,0,0,0,0
2012,QAT,12,0,0,2,2,0.166666667,8,2,0.25,4,0,0,0,0
2012,ROU,105,6,8,1,7,0.066666667,55,2,0.036363636,50,5,0.1,0,0
2012,RUS,429,60,40,27,67,0.156177156,203,33,0.162561576,226,34,0.150442478,0,0
2012,SGP,23,0,0,2,2,0.086956522,8,0,0,15,2,0.133333333,0,0
2012,SRB,116,3,2,2,4,0.034482759,80,2,0.025,36,2,0.055555556,0,0
2012,SVK,47,0,2,3,4,0.085106383,26,2,0.076923077,21,2,0.095238095,0,0
2012,SVN,65,3,2,2,4,0.061538462,28,3,0.107142857,37,1,0.027027027,0,0
2012,SWE,133,3,8,3,8,0.060150376,55,6,0.109090909,78,1,0.012820513,1,0.007518797
2012,THA,37,0,4,2,4,0.108108108,19,1,0.052631579,18,3,0.166666667,0,0
2012,TJK,16,0,0,1,1,0.0625,13,0,0,3,1,0.333333333,0,0
2012,TTO,25,3,2,2,4,0.16,18,4,0.222222222,7,0,0,0,0
2012,TUN,83,6,0,1,3,0.036144578,63,2,0.031746032,20,1,0.05,0,0
2012,TUR,112,3,2,1,3,0.026785714,48,2,0.041666667,64,1,0.015625,0,0
2012,TWN,44,3,0,1,2,0.045454545,19,0,0,25,2,0.08,0,0
2012,UGA,15,3,0,0,1,0.066666667,11,1,0.090909091,4,0,0,0,0
2012,UKR,230,15,8,10,19,0.082608696,119,8,0.067226891,111,11,0.099099099,0,0
2012,USA,530,138,56,30,104,0.196226415,262,45,0.171755725,268,58,0.21641791,1,0.001886792
2012,UZB,53,0,0,3,3,0.056603774,36,3,0.083333333,17,0,0,0,0
2012,VEN,68,3,0,0,1,0.014705882,42,1,0.023809524,26,0,0,0,0
2012,VNM,18,0,0,1,1,0.055555556,6,1,0.166666667,12,0,0,0,0
2012,ZAF,124,12,2,1,6,0.048387097,68,4,0.058823529,56,2,0.035714286,0,0
2016,ARE,12,0,0,1,1,0.083333333,9,1,0.111111111,3,0,0,0,0
2016,XKX,8,3,0,0,1,0.125,3,0,0,5,1,0.2,0,0
2016,ARG,215,9,2,0,4,0.018604651,140,2,0.014285714,75,1,0.013333333,1,0.004651163
2016,ARM,31,3,6,0,4,0.129032258,24,4,0.166666667,7,0,0,0,0
2016,AUS,420,24,22,10,29,0.069047619,208,15,0.072115385,212,12,0.056603774,2,0.004761905
2016,AUT,71,0,0,1,1,0.014084507,37,0,0,34,0,0,1,0.014084507
2016,AZE,56,3,14,10,18,0.321428571,42,14,0.333333333,14,4,0.285714286,0,0
2016,BDI,9,0,2,0,1,0.111111111,5,0,0,4,1,0.25,0,0
2016,BEL,107,6,4,2,6,0.056074766,72,4,0.055555556,35,2,0.057142857,0,0
2016,BGR,56,0,2,2,3,0.053571429,33,0,0,23,3,0.130434783,0,0
2016,BHS,29,3,0,1,2,0.068965517,17,1,0.058823529,12,1,0.083333333,0,0
2016,BHR,33,3,2,0,2,0.060606061,20,0,0,13,2,0.153846154,0,0
2016,BLR,120,3,8,4,9,0.075,53,5,0.094339623,67,4,0.059701493,0,0
2016,BRA,462,21,12,6,19,0.041125541,255,14,0.054901961,207,5,0.024154589,0,0
2016,BRN,33,3,2,0,2,0.060606061,20,0,0,13,2,0.153846154,0,0
2016,CAN,310,12,6,15,22,0.070967742,127,5,0.039370079,183,16,0.087431694,1,0.003225806
2016,CHE,102,9,4,2,7,0.068627451,57,3,0.052631579,45,4,0.088888889,0,0
2016,CHN,434,78,36,26,70,0.161290323,176,28,0.159090909,258,41,0.158914729,1,0.002304147
2016,CIV,12,3,0,1,2,0.166666667,5,1,0.2,7,1,0.142857143,0,0
2016,COL,143,9,4,3,8,0.055944056,73,4,0.054794521,70,4,0.057142857,0,0
2016,CUB,117,15,4,4,11,0.094017094,83,9,0.108433735,34,2,0.058823529,0,0
2016,CZE,104,3,4,7,10,0.096153846,62,6,0.096774194,42,3,0.071428571,1,0.009615385
2016,MAR,48,0,0,1,1,0.020833333,29,1,0.034482759,19,0,0,0,0
2016,DEU,418,51,20,15,42,0.100478469,224,21,0.09375,194,15,0.077319588,6,0.014354067
2016,DNK,126,6,12,7,15,0.119047619,83,7,0.084337349,43,8,0.186046512,0,0
2016,DOM,26,0,0,1,1,0.038461538,18,1,0.055555556,8,0,0,0,0
2016,DQ,2,0,0,0,2,1,1,1,1,1,1,1,0,0
2016,DZA,64,0,4,0,2,0.03125,54,2,0.037037037,10,0,0,0,0
2016,EGY,121,0,0,3,3,0.024793388,84,1,0.011904762,37,2,0.054054054,0,0
2016,ESP,307,21,8,6,17,0.055374593,164,8,0.048780488,143,9,0.062937063,0,0
2016,EST,46,0,0,1,1,0.02173913,28,1,0.035714286,18,0,0,0,0
2016,ETH,37,3,4,5,8,0.216216216,17,3,0.176470588,20,5,0.25,0,0
2016,FIN,54,0,0,1,1,0.018518519,26,0,0,28,1,0.035714286,0,0
2016,FJI,53,3,0,0,1,0.018867925,36,1,0.027777778,17,0,0,0,0
2016,FRA,392,30,36,14,42,0.107142857,225,28,0.124444444,167,11,0.065868263,3,0.007653061
2016,GBR,360,81,46,17,67,0.186111111,201,40,0.199004975,159,24,0.150943396,3,0.008333333
2016,GEO,40,6,2,4,7,0.175,30,7,0.233333333,10,0,0,0,0
2016,GRC,92,9,2,2,6,0.065217391,56,3,0.053571429,36,3,0.083333333,0,0
2016,GRD,7,0,2,0,1,0.142857143,5,1,0.2,2,0,0,0,0
2016,HRV,85,15,6,2,10,0.117647059,66,7,0.106060606,19,3,0.157894737,0,0
2016,HUN,154,24,6,4,15,0.097402597,88,5,0.056818182,66,10,0.151515152,0,0
2016,IDN,28,3,4,0,3,0.107142857,17,1,0.058823529,11,1,0.090909091,1,0.035714286
2016,IND,112,0,2,1,2,0.017857143,61,0,0,51,2,0.039215686,0,0
2016,IRL,76,0,4,0,2,0.026315789,50,1,0.02,26,1,0.038461538,0,0
2016,IRN,63,9,2,4,8,0.126984127,54,7,0.12962963,9,1,0.111111111,0,0
2016,ISR,47,0,0,2,2,0.042553191,22,1,0.045454545,25,1,0.04,0,0
2016,ITA,309,24,24,8,28,0.090614887,168,18,0.107142857,141,10,0.070921986,0,0
2016,JAM,56,18,6,2,11,0.196428571,25,5,0.2,31,6,0.193548387,0,0
2016,JOR,8,3,0,0,1,0.125,7,1,0.142857143,1,0,0,0,0
2016,JPN,335,36,16,21,41,0.12238806,171,23,0.134502924,164,18,0.109756098,0,0
2016,KAZ,101,9,10,10,18,0.178217822,55,10,0.181818182,46,8,0.173913043,0,0
2016,KEN,79,18,12,1,13,0.164556962,46,6,0.130434783,33,7,0.212121212,0,0
2016,KOR,207,27,6,9,21,0.101449275,103,12,0.116504854,104,9,0.086538462,0,0
2016,KOS,8,3,0,0,1,0.125,3,0,0,5,1,0.2,0,0
2016,LTU,67,0,2,3,4,0.059701493,48,3,0.0625,19,1,0.052631579,0,0
2016,MEX,123,0,6,2,5,0.040650407,79,3,0.037974684,44,2,0.045454545,0,0
2016,MNG,46,0,2,1,2,0.043478261,29,1,0.034482759,17,1,0.058823529,0,0
2016,MYS,32,0,8,1,5,0.15625,17,3,0.176470588,15,1,0.066666667,1,0.03125
2016,NER,6,0,2,0,1,0.166666667,4,1,0.25,2,0,0,0,0
2016,NGA,71,0,0,1,1,0.014084507,47,1,0.021276596,24,0,0,0,0
2016,NLD,237,24,14,4,19,0.080168776,105,7,0.066666667,132,12,0.090909091,0,0
2016,NOR,62,0,0,4,4,0.064516129,29,3,0.103448276,33,1,0.03030303,0,0
2016,NZL,195,12,18,5,18,0.092307692,98,7,0.071428571,97,11,0.113402062,0,0
2016,PHL,13,0,2,0,1,0.076923077,7,0,0,6,1,0.166666667,0,0
2016,POL,234,6,6,6,11,0.047008547,139,3,0.021582734,95,8,0.084210526,0,0
2016,PRI,40,3,0,0,1,0.025,13,0,0,27,1,0.037037037,0,0
2016,PRK,31,6,6,2,7,0.225806452,11,3,0.272727273,20,4,0.2,0,0
2016,PRT,90,0,0,1,1,0.011111111,61,0,0,29,1,0.034482759,0,0
2016,QAT,37,0,2,0,1,0.027027027,35,1,0.028571429,2,0,0,0,0
2016,ROU,95,3,2,2,4,0.042105263,34,2,0.058823529,61,2,0.032786885,0,0
2016,RUS,284,57,34,20,56,0.197183099,142,27,0.190140845,142,29,0.204225352,0,0
2016,SGP,25,3,0,0,1,0.04,9,1,0.111111111,16,0,0,0,0
2016,SRB,103,6,8,2,8,0.077669903,58,4,0.068965517,45,4,0.088888889,0,0
2016,SVK,51,6,4,0,4,0.078431373,32,4,0.125,19,0,0,0,0
2016,SVN,63,3,4,1,4,0.063492063,39,2,0.051282051,24,2,0.083333333,0,0
2016,SWE,150,6,12,3,11,0.073333333,64,2,0.03125,86,8,0.093023256,1,0.006666667
2016,THA,54,6,4,2,6,0.111111111,26,2,0.076923077,28,4,0.142857143,0,0
2016,TJK,7,3,0,0,1,0.142857143,5,1,0.2,2,0,0,0,0
2016,TTO,28,0,0,1,1,0.035714286,18,1,0.055555556,10,0,0,0,0
2016,TUN,61,0,0,3,3,0.049180328,41,1,0.024390244,20,2,0.1,0,0
2016,TUR,100,3,6,4,8,0.08,53,7,0.132075472,47,1,0.021276596,0,0
2016,TWN,55,3,0,2,3,0.054545455,26,0,0,29,3,0.103448276,0,0
2016,UKR,204,6,10,4,11,0.053921569,87,8,0.091954023,117,3,0.025641026,0,0
2016,USA,555,138,74,38,121,0.218018018,264,55,0.208333333,291,61,0.209621993,5,0.009009009
2016,UZB,70,12,4,7,13,0.185714286,47,13,0.276595745,23,0,0,0,0
2016,VEN,85,0,4,1,3,0.035294118,61,1,0.016393443,24,2,0.083333333,0,0
2016,VNM,22,3,2,0,2,0.090909091,10,2,0.2,12,0,0,0,0
2016,ZAF,135,6,12,2,10,0.074074074,93,8,0.086021505,42,2,0.047619048,0,0
