,Gold,Silver,Bronze,Total,GDP,Latitude Hemisphere,Population,Life Expectancy,Average Distance to Games,Total Competitors,Total Medal Count,Total Win Ratio,Total Male Competitors,Male Wins,Male Medal Ratio,Total Female Competitors,Female Wins,Female Medal Ratio,Open Wins,Open Win Ratio
0,0,0,1,1,3.856799844,South,15960445,47.47,6411.84284,3,1,0.333333333,2,0,0.0,1,1,1.0,0,0.0
1,0,0,1,1,0.74277974,North,4768225,36.203,5043.162906,4,1,0.25,4,1,0.25,0,0,0.0,0,0.0
2,3,0,0,1,5.656473652,South,17711925,48.946,6411.84284,4,1,0.25,2,0,0.0,2,1,0.5,0,0.0
3,3,0,0,1,147.824,North,4068577,75.174,5084.586667,4,1,0.25,4,1,0.25,0,0,0.0,0,0.0
4,0,0,1,1,1.109054005,North,2719809,57.932,5064.849686,4,1,0.25,3,1,0.333333333,1,0,0.0,0,0.0
5,0,0,1,1,10.10922581,North,27722281,59.93,5247.865726,4,1,0.25,3,1,0.333333333,1,0,0.0,0,0.0
6,0,0,1,1,3.32367713,North,6083417,56.178,5243.072001,4,1,0.25,3,1,0.333333333,1,0,0.0,0,0.0
7,0,2,0,1,14.38000418,South,2039551,63.511,6338.289724,4,1,0.25,3,1,0.333333333,1,0,0.0,0,0.0
8,0,2,0,1,1.046191192,North,6201410,45.509,5286.381803,5,1,0.2,5,1,0.2,0,0,0.0,0,0.0
9,0,2,0,1,0.222100576,South,96267,69.41,11540.09517,5,1,0.2,4,1,0.25,1,0,0.0,0,0.0
10,3,0,0,1,25.1558886,North,3516204,76.414,6636.837866,5,1,0.2,3,1,0.333333333,2,0,0.0,0,0.0
11,0,0,1,1,0.395794539,North,528993,56.271,5198.490481,6,1,0.166666667,6,1,0.166666667,0,0,0.0,0,0.0
12,3,0,0,1,1.161,North,388877,67.233,6076.477344,6,1,0.166666667,4,1,0.25,2,0,0.0,0,0.0
13,0,4,0,2,3.429538518,South,1516951,61.165,6234.273931,6,2,0.333333333,5,2,0.4,1,0,0.0,0,0.0
14,0,0,1,1,0.4046,North,420658,67.59,6076.477344,6,1,0.166666667,5,1,0.2,1,0,0.0,0,0.0
15,0,0,1,1,25.08693069,North,17827827,74.25,4741.878703,6,1,0.166666667,5,1,0.2,1,0,0.0,0,0.0
16,0,2,0,1,0.619260722,South,183270,71.158,11232.67321,6,1,0.166666667,4,0,0.0,2,1,0.5,0,0.0
17,0,0,1,1,20.00159851,North,31161378,62.054,5247.865726,6,1,0.166666667,5,1,0.2,1,0,0.0,0,0.0
18,0,2,0,1,10.35500677,North,20788789,61.137,5043.162906,6,1,0.166666667,4,1,0.25,2,0,0.0,0,0.0
19,3,0,1,2,1.214666667,North,4845220,48.882,4575.978044,7,2,0.285714286,7,2,0.285714286,0,0,0.0,0,0.0
20,3,0,0,1,0.869033856,South,6060110,46.905,5532.10539,7,1,0.142857143,6,1,0.166666667,1,0,0.0,0,0.0
21,3,0,0,1,13.78956088,North,14754148,72.205,4741.878703,7,1,0.142857143,6,0,0.0,1,1,1.0,0,0.0
22,0,0,2,2,15.01362967,North,3962369,77.452,6772.216453,7,2,0.285714286,5,0,0.0,2,2,1.0,0,0.0
23,0,2,0,1,31.1725184,North,79910411,73.025,6049.703402,7,1,0.142857143,3,0,0.0,4,1,0.25,0,0.0
24,3,0,0,1,6.992393787,North,8663575,70.397,5237.215111,7,1,0.142857143,5,1,0.2,2,0,0.0,0,0.0
25,0,0,1,1,0.6032,North,780153,62.498,6123.836514,8,1,0.125,7,1,0.142857143,1,0,0.0,0,0.0
26,0,4,0,2,3.989208671,South,1663378,57.179,6234.273931,8,2,0.25,6,2,0.333333333,2,0,0.0,0,0.0
27,0,2,0,1,3.597220962,South,9339740,43.735,5970.820348,8,1,0.125,7,1,0.142857143,1,0,0.0,0,0.0
28,3,0,0,1,39.89255113,North,9554286,74.184,4750.030331,8,1,0.125,7,1,0.142857143,1,0,0.0,0,0.0
29,0,2,0,1,17.50308298,North,10293048,68.005,4741.878703,9,1,0.111111111,9,1,0.111111111,0,0,0.0,0,0.0
30,0,2,0,1,54.52658023,North,33060844,61.879,5011.803828,9,1,0.111111111,5,1,0.2,4,0,0.0,0,0.0
31,0,2,0,1,2.959641047,South,10488002,60.528,5532.10539,9,1,0.111111111,5,0,0.0,4,1,0.25,0,0.0
32,0,0,1,1,6.044585327,North,21032817,43.899,5437.071325,10,1,0.1,7,1,0.142857143,3,0,0.0,0,0.0
33,0,0,1,1,3.773653058,North,2034823,73.267,4570.1592,10,1,0.1,6,1,0.166666667,4,0,0.0,0,0.0
34,0,0,1,1,174.07,North,3348852,74.728,4936.327305,10,1,0.1,8,1,0.125,2,0,0.0,0,0.0
35,0,2,1,2,1.037815126,North,8841156,48.687,5437.071325,11,2,0.181818182,11,2,0.181818182,0,0,0.0,0,0.0
36,3,0,0,1,11.67842451,North,3632361,76.765,6772.216453,11,1,0.090909091,6,0,0.0,5,1,0.2,0,0.0
37,0,2,0,1,82.84814062,North,71401743,68.431,6570.342239,12,1,0.083333333,8,1,0.125,4,0,0.0,0,0.0
38,3,2,1,3,5.8055984,South,12019911,43.065,6067.669821,12,3,0.25,9,0,0.0,3,3,1.0,0,0.0
39,0,0,2,2,186.834,North,2196078,79.399,5031.895297,12,2,0.166666667,8,2,0.25,4,0,0.0,0,0.0
40,0,0,1,1,357.045,North,9360975,77.47,5084.586667,12,1,0.083333333,9,1,0.111111111,3,0,0.0,0,0.0
41,3,0,1,2,47.96423456,North,23822726,56.567,5273.257207,12,2,0.166666667,5,1,0.2,7,1,0.142857143,0,0.0
42,0,2,0,1,1.24461,North,12442333,50.0,5437.071325,13,1,0.076923077,13,1,0.076923077,0,0,0.0,0,0.0
43,0,2,0,1,99.1303041,North,86243424,74.625,6049.703402,13,1,0.076923077,7,1,0.142857143,6,0,0.0,0,0.0
44,3,6,0,4,4.4157028,South,12379553,46.504,6067.669821,13,4,0.307692308,8,0,0.0,5,4,0.8,0,0.0
45,0,2,0,1,24.97851343,North,1135046,79.812,4692.627197,13,1,0.076923077,9,1,0.111111111,4,0,0.0,0,0.0
46,0,2,0,1,318.627,North,103663812,70.802,6570.342239,13,1,0.076923077,7,0,0.0,6,1,0.166666667,0,0.0
47,6,2,2,5,8.62317296,North,27032576,49.503,4946.229137,14,5,0.357142857,14,5,0.357142857,0,0,0.0,0,0.0
48,0,0,1,1,61.66719984,North,54891520,69.745,6073.180027,14,1,0.071428571,12,1,0.083333333,2,0,0.0,0,0.0
49,0,0,1,1,3.109,North,266028,70.807,6296.326029,14,1,0.071428571,12,1,0.083333333,2,0,0.0,0,0.0
50,3,0,0,1,8.04199916,North,55102690,51.457,5320.200653,15,1,0.066666667,15,1,0.066666667,0,0,0.0,0,0.0
51,0,2,0,1,6.841638715,North,9530103,52.645,5273.257207,15,1,0.066666667,14,1,0.071428571,1,0,0.0,0,0.0
52,0,2,0,1,22.8232558,South,3319734,74.731,7513.94415,15,1,0.066666667,12,1,0.083333333,3,0,0.0,0,0.0
53,0,2,1,2,5.161337336,North,7209924,67.911,5237.215111,15,2,0.133333333,12,2,0.166666667,3,0,0.0,0,0.0
54,3,0,0,1,27.18866709,North,34558700,59.017,5437.071325,15,1,0.066666667,11,1,0.090909091,4,0,0.0,0,0.0
55,0,0,1,1,2.739444444,South,6701547,52.87,5970.820348,16,1,0.0625,16,1,0.0625,0,0,0.0,0,0.0
56,0,2,0,1,4.614629898,North,2960932,75.243,6772.216453,16,1,0.0625,9,0,0.0,7,1,0.142857143,0,0.0
57,0,0,1,1,7.633049792,North,7874838,69.34,5237.215111,16,1,0.0625,13,0,0.0,3,1,0.333333333,0,0.0
58,0,0,1,1,17.75989011,North,592467,77.467,5031.895297,17,1,0.058823529,17,1,0.058823529,0,0,0.0,0,0.0
59,0,0,1,1,5.552822484,North,49066762,38.691,5132.154627,18,1,0.055555556,16,1,0.0625,2,0,0.0,0,0.0
60,0,0,3,3,2.679409453,North,2162839,70.793,6373.497473,18,3,0.166666667,11,2,0.181818182,7,1,0.142857143,0,0.0
61,6,0,1,3,8.547939731,North,58883531,49.81,5218.352425,18,3,0.166666667,10,1,0.1,8,2,0.25,0,0.0
62,3,2,1,3,120.404,North,62294919,68.791,4946.229137,18,3,0.166666667,17,3,0.176470588,1,0,0.0,0,0.0
63,0,0,1,1,3.0595,North,271511,77.162,6011.81396,18,1,0.055555556,12,1,0.083333333,6,0,0.0,0,0.0
64,0,0,1,1,9.025660362,North,281205,79.65365854,5458.149685,18,1,0.055555556,9,0,0.0,9,1,0.111111111,0,0.0
65,0,2,1,2,189.515,North,20663840,72.561,4975.397389,18,2,0.111111111,18,1,0.055555556,0,0,0.0,0,0.0
66,0,0,1,1,155.82,North,89801926,74.958,6049.703402,18,1,0.055555556,6,1,0.166666667,12,0,0.0,0,0.0
67,0,4,0,2,20.33283157,North,9355810,68.86097561,4772.6015,19,2,0.105263158,19,1,0.052631579,0,0,0.0,0,0.0
68,0,0,1,1,11.594,North,6331760,64.326,6178.694056,19,1,0.052631579,15,1,0.066666667,4,0,0.0,0,0.0
69,3,0,0,1,25.2263932,South,11703169,71.348,6849.429355,19,1,0.052631579,17,1,0.058823529,2,0,0.0,0,0.0
70,0,2,0,1,49.59396114,North,14781942,72.236,6867.906819,19,1,0.052631579,12,1,0.083333333,7,0,0.0,0,0.0
71,3,2,0,2,2.96601023,North,2055371,69.718,6373.497473,20,2,0.1,11,2,0.181818182,9,0,0.0,0,0.0
72,0,2,2,3,5.139957785,North,5318700,68.45121951,5366.25977,20,3,0.15,16,3,0.1875,4,0,0.0,0,0.0
73,0,2,0,1,15.43940845,South,21153462,64.949,7182.341677,21,1,0.047619048,7,0,0.0,14,1,0.071428571,0,0.0
74,3,0,0,1,17.46222959,North,17259322,52.321,5286.381803,21,1,0.047619048,12,0,0.0,9,1,0.111111111,0,0.0
75,3,0,0,1,10.7205,North,363581,72.424,6296.326029,21,1,0.047619048,12,1,0.083333333,9,0,0.0,0,0.0
76,0,2,0,1,17.17046529,North,1749677,62.924,5392.893265,21,1,0.047619048,19,1,0.052631579,2,0,0.0,0,0.0
77,3,0,1,2,9.05529,North,318893,71.988,6296.326029,22,2,0.090909091,13,0,0.0,9,2,0.222222222,0,0.0
78,0,2,0,1,9.624440836,South,5730556,71.464,7123.698478,22,1,0.045454545,20,1,0.05,2,0,0.0,0,0.0
79,0,4,1,3,917.87,South,248451714,69.866,6727.82979,22,3,0.136363636,13,2,0.153846154,9,1,0.111111111,0,0.0
80,3,2,0,2,205.276,North,93640435,75.172,6049.703402,22,2,0.090909091,10,2,0.2,12,0,0.0,0,0.0
81,6,6,1,6,11.17777778,North,30244258,48.312,4669.026362,23,6,0.260869565,23,6,0.260869565,0,0,0.0,0,0.0
82,0,0,1,1,1.975701816,South,2665383,68.455,7513.94415,23,1,0.043478261,23,1,0.043478261,0,0,0.0,0,0.0
83,3,0,0,1,10.03444444,North,10702281,63.916,6249.581149,23,1,0.043478261,23,1,0.043478261,0,0,0.0,0,0.0
84,0,2,0,1,123.058,North,53077312,60.516,4946.229137,23,1,0.043478261,23,1,0.043478261,0,0,0.0,0,0.0
85,0,2,0,1,6.418419798,North,7086624,56.283,5203.302467,23,1,0.043478261,22,1,0.045454545,1,0,0.0,0,0.0
86,0,2,0,1,3.176333837,North,7763000,65.573,4916.379435,23,1,0.043478261,20,1,0.05,3,0,0.0,0,0.0
87,0,0,1,1,13.16808081,North,68834324,55.421,5320.200653,24,1,0.041666667,24,1,0.041666667,0,0,0.0,0,0.0
88,3,2,0,2,48.12254718,North,9458079,71.559,6178.694056,24,2,0.083333333,18,2,0.111111111,6,0,0.0,0,0.0
89,3,2,4,6,510.229,South,235469755,68.485,6727.82979,24,6,0.25,15,3,0.2,9,2,0.222222222,1,0.041666667
90,0,2,1,2,10.61932005,North,2884239,73.82,4833.0877,24,2,0.083333333,20,2,0.1,4,0,0.0,0,0.0
91,0,0,1,1,2.766608946,North,2866550,70.40129268,4872.616191,25,1,0.04,24,1,0.041666667,1,0,0.0,0,0.0
92,0,0,1,1,53.08545587,North,531513834,46.428,5416.461758,25,1,0.04,25,1,0.04,0,0,0.0,0,0.0
93,0,2,0,1,1.083883355,North,1825873,67.349,6373.497473,25,1,0.04,20,1,0.05,5,0,0.0,0,0.0
94,0,0,1,1,12.27441602,North,58665813,41.829,5132.154627,25,1,0.04,20,1,0.05,5,0,0.0,0,0.0
95,0,2,0,1,9.41501636,North,61381982,53.699,5320.200653,25,1,0.04,25,1,0.04,0,0,0.0,0,0.0
96,0,0,1,1,110.429,North,5692000,78.10487805,5276.838423,25,1,0.04,18,1,0.055555556,7,0,0.0,0,0.0
97,0,0,1,1,1.911563669,North,3069597,71.409,4833.0877,25,1,0.04,23,1,0.043478261,2,0,0.0,0,0.0
98,6,0,1,3,8.07647,North,298045,71.914,6296.326029,25,3,0.12,16,1,0.0625,9,2,0.222222222,0,0.0
99,0,2,4,5,11.66204071,North,2907615,72.946,4833.0877,25,5,0.2,23,5,0.217391304,2,0,0.0,0,0.0
100,0,2,1,2,10.526,North,343680,72.022,6296.326029,25,2,0.08,16,2,0.125,9,0,0.0,0,0.0
101,0,2,0,1,61.762635,South,14535740,74.705,6849.429355,25,1,0.04,17,1,0.058823529,8,0,0.0,0,0.0
102,0,0,3,3,60.01028571,North,16876703,69.497,6249.581149,26,3,0.115384615,25,3,0.12,1,0,0.0,0,0.0
103,0,0,1,1,59.16755016,North,19002660,71.326,6345.21237,26,1,0.038461538,26,1,0.038461538,0,0,0.0,0,0.0
104,0,0,1,1,52.97634493,North,65020124,67.239,6570.342239,26,1,0.038461538,24,1,0.041666667,2,0,0.0,0,0.0
105,12,2,3,8,8.242392104,North,66224809,51.941,5218.352425,26,8,0.307692308,15,5,0.333333333,11,3,0.272727273,0,0.0
106,6,6,2,7,10.13118726,North,74239508,55.174,5218.352425,26,7,0.269230769,14,3,0.214285714,12,4,0.333333333,0,0.0
107,3,0,0,1,44.86096908,North,10414425,74.72,4575.978044,26,1,0.038461538,14,1,0.071428571,12,0,0.0,0,0.0
108,0,0,1,1,75.70472019,North,10397738,73.471,6178.694056,26,1,0.038461538,18,1,0.055555556,8,0,0.0,0,0.0
109,0,0,1,1,48.88460685,North,113911126,60.68,5320.200653,27,1,0.037037037,27,1,0.037037037,0,0,0.0,0,0.0
110,12,4,1,7,27.06691264,North,82916236,59.581,5218.352425,27,7,0.259259259,14,4,0.285714286,13,3,0.230769231,0,0.0
111,0,2,0,1,18.07462299,North,317414,81.6097561,5458.149685,27,1,0.037037037,20,1,0.05,7,0,0.0,0,0.0
112,0,0,1,1,7.646153984,North,495403,76.241,5031.895297,28,1,0.035714286,28,1,0.035714286,0,0,0.0,0,0.0
113,3,4,0,3,931.877,South,261556386,71.035,6727.82979,28,3,0.107142857,17,1,0.058823529,11,1,0.090909091,1,0.035714286
114,6,0,0,2,17.5,North,33256465,51.053,4669.026362,29,2,0.068965517,29,2,0.068965517,0,0,0.0,0,0.0
115,0,2,0,1,84.30017448,South,174975953,61.512,6727.82979,29,1,0.034482759,23,0,0.0,6,1,0.166666667,0,0.0
116,0,0,1,1,37.71284224,North,2045123,73.142,4936.327305,29,1,0.034482759,29,1,0.034482759,0,0,0.0,0,0.0
117,0,0,1,1,6.054849885,North,2867964,68.671,4669.953369,29,1,0.034482759,21,1,0.047619048,8,0,0.0,0,0.0
118,0,2,1,2,314.443,North,29068189,74.877,6345.21237,29,2,0.068965517,16,1,0.0625,13,1,0.076923077,0,0.0
119,3,0,1,2,11.9285,North,377923,73.329,6296.326029,29,2,0.068965517,17,1,0.058823529,12,1,0.083333333,0,0.0
120,0,0,1,1,2.864441356,North,239511,77.57658537,5458.149685,30,1,0.033333333,27,1,0.037037037,3,0,0.0,0,0.0
121,0,0,1,1,38.47274281,North,101389603,59.493,5320.200653,30,1,0.033333333,30,1,0.033333333,0,0,0.0,0,0.0
122,3,0,0,1,31.15182547,North,89213708,58.213,5320.200653,31,1,0.032258065,31,1,0.032258065,0,0,0.0,0,0.0
123,0,0,1,1,37.88544042,North,58794999,65.534,6570.342239,31,1,0.032258065,26,1,0.038461538,5,0,0.0,0,0.0
124,6,0,1,3,5.272798391,North,8048600,66.763,4916.379435,31,3,0.096774194,25,2,0.08,6,1,0.166666667,0,0.0
125,3,6,0,4,10.54613516,North,2936147,74.64,4833.0877,31,4,0.129032258,24,4,0.166666667,7,0,0.0,0,0.0
126,0,2,0,1,31.41953488,North,13572210,67.42,6249.581149,32,1,0.03125,23,1,0.043478261,9,0,0.0,0,0.0
127,0,2,1,2,73.48435952,North,81448757,46.106,5132.154627,32,2,0.0625,30,2,0.066666667,2,0,0.0,0,0.0
128,3,2,0,2,1.596968946,North,3168213,69.404,4833.0877,32,2,0.0625,30,2,0.066666667,2,0,0.0,0,0.0
129,6,4,0,4,5.125365192,North,3927340,70.451,4838.941393,32,4,0.125,26,4,0.153846154,6,0,0.0,0,0.0
130,0,8,0,4,14.4018824,North,2263122,72.02682927,4827.814877,32,4,0.125,22,3,0.136363636,10,1,0.1,0,0.0
131,0,2,0,1,230.814,North,27236003,74.118,6345.21237,32,1,0.03125,18,1,0.055555556,14,0,0.0,0,0.0
132,0,2,1,2,23.19270898,North,1322696,76.32682927,4908.788015,32,2,0.0625,23,2,0.086956522,9,0,0.0,0,0.0
133,0,8,1,5,301.255,North,30684652,75.649,6345.21237,32,5,0.15625,17,3,0.176470588,15,1,0.066666667,1,0.03125
134,0,0,1,1,1.731296119,North,7524470,47.469,5271.593968,33,1,0.03030303,30,1,0.033333333,3,0,0.0,0,0.0
135,0,0,1,1,1.87504886,North,1935089,68.491,6373.497473,33,1,0.03030303,21,1,0.047619048,12,0,0.0,0,0.0
136,3,2,0,2,1.491596639,North,9929644,49.558,5437.071325,33,2,0.060606061,31,2,0.064516129,2,0,0.0,0,0.0
137,0,0,2,2,53.69827891,North,21763578,63.13,4616.552558,33,2,0.060606061,33,2,0.060606061,0,0,0.0,0,0.0
138,3,0,2,3,5.694069842,North,1396985,70.41707317,4908.788015,33,3,0.090909091,31,3,0.096774194,2,0,0.0,0,0.0
139,9,0,1,4,109.592,North,65623397,70.176,4946.229137,33,4,0.121212121,32,4,0.125,1,0,0.0,0,0.0
140,3,0,0,1,22.32239537,North,8974444,70.499,6178.694056,33,1,0.03030303,17,1,0.058823529,16,0,0.0,0,0.0
141,3,2,0,2,60.6815372,North,9930916,72.523,6178.694056,33,2,0.060606061,13,2,0.153846154,20,0,0.0,0,0.0
142,9,4,3,8,43.31072141,North,92726982,63.281,5218.352425,33,8,0.242424242,18,2,0.111111111,15,6,0.4,0,0.0
143,0,0,1,1,6.413901602,North,15653345,57.462,5271.593968,34,1,0.029411765,32,1,0.03125,2,0,0.0,0,0.0
144,0,0,2,2,3.095047604,North,4491699,69.635,4838.941393,34,2,0.058823529,27,2,0.074074074,7,0,0.0,0,0.0
145,0,2,1,2,1.288429392,North,2923783,67.006,4669.953369,34,2,0.058823529,29,2,0.068965517,5,0,0.0,0,0.0
146,3,4,3,6,16.48840308,North,3728874,72.097,4838.941393,34,6,0.176470588,28,6,0.214285714,6,0,0.0,0,0.0
147,0,0,1,1,2.112292945,North,9229640,49.912,5271.593968,35,1,0.028571429,33,1,0.03030303,2,0,0.0,0,0.0
148,0,2,0,1,2.23747642,North,5291335,53.452,4575.978044,35,1,0.028571429,35,1,0.028571429,0,0,0.0,0,0.0
149,0,2,0,1,41.79759296,North,51094870,67.128,6073.180027,35,1,0.028571429,25,1,0.04,10,0,0.0,0,0.0
150,0,4,0,2,3.828310735,North,2389415,72.601,6373.497473,35,2,0.057142857,24,1,0.041666667,11,1,0.090909091,0,0.0
151,3,0,1,2,48.00307839,North,27028330,67.575,4616.552558,35,2,0.057142857,33,1,0.03030303,2,1,0.5,0,0.0
152,0,2,1,2,100.855,North,21017619,71.972,6345.21237,35,2,0.057142857,32,2,0.0625,3,0,0.0,0,0.0
153,9,4,2,7,12.79507647,North,3848449,70.946,4838.941393,35,7,0.2,27,6,0.222222222,8,1,0.125,0,0.0
154,0,6,1,4,3.53546009,North,2461047,73.727,6373.497473,36,4,0.111111111,22,1,0.045454545,14,3,0.214285714,0,0.0
155,0,0,6,6,3.057475335,North,4077131,69.902,4838.941393,36,6,0.166666667,27,6,0.222222222,9,0,0.0,0,0.0
156,3,0,4,5,8.680370408,North,8306500,68.249,4916.379435,36,5,0.138888889,30,3,0.1,6,2,0.333333333,0,0.0
157,3,0,1,2,135.728,North,6809000,80.14634146,5276.838423,36,2,0.055555556,20,2,0.1,16,0,0.0,0,0.0
158,3,0,0,1,26.51668161,North,19252674,54.153,5286.381803,36,1,0.027777778,27,0,0.0,9,1,0.111111111,0,0.0
159,0,0,1,1,0.998759334,South,9222692,49.261,5507.264521,37,1,0.027027027,37,1,0.027027027,0,0,0.0,0,0.0
160,0,2,0,1,59.11651163,North,15182616,68.542,6249.581149,37,1,0.027027027,37,1,0.027027027,0,0,0.0,0,0.0
161,0,4,0,2,21.50723265,North,1988628,74.45853659,4572.732604,37,2,0.054054054,25,1,0.04,12,1,0.083333333,0,0.0
162,3,0,1,2,183.035,North,60130190,70.215,6073.180027,37,2,0.054054054,25,2,0.08,12,0,0.0,0,0.0
163,6,4,2,6,190.043,North,68951279,71.592,4946.229137,37,6,0.162162162,36,6,0.166666667,1,0,0.0,0,0.0
164,0,4,2,4,397.558,North,67835969,74.992,6073.180027,37,4,0.108108108,19,1,0.052631579,18,3,0.166666667,0,0.0
165,3,4,5,8,74.29661848,North,103603461,65.482,5218.352425,37,8,0.216216216,17,3,0.176470588,20,5,0.25,0,0.0
166,0,2,0,1,151.732,North,2654379,79.868,5031.895297,37,1,0.027027027,35,1,0.028571429,2,0,0.0,0,0.0
167,3,0,2,3,25.21796905,North,9996232,72.51463415,4772.6015,38,3,0.078947368,29,2,0.068965517,9,1,0.111111111,0,0.0
168,3,0,0,1,10.10904507,North,15513944,50.993,5286.381803,38,1,0.026315789,27,1,0.037037037,11,0,0.0,0,0.0
169,3,2,2,4,256.837,South,223285666,66.969,6727.82979,38,4,0.105263158,22,3,0.136363636,16,1,0.0625,0,0.0
170,0,0,1,1,29.1027728,North,21485267,56.073,5286.381803,38,1,0.026315789,13,0,0.0,25,1,0.04,0,0.0
171,3,0,0,1,209.059,North,37383899,75.436,4616.552558,38,1,0.026315789,21,1,0.047619048,17,0,0.0,0,0.0
172,9,8,2,9,1.353295458,South,10539909,51.446,5507.264521,39,9,0.230769231,36,9,0.25,3,0,0.0,0,0.0
173,0,2,0,1,38.25312074,North,29331230,68.529,6596.774323,39,1,0.025641026,36,1,0.027777778,3,0,0.0,0,0.0
174,0,0,1,1,132.705,North,6289000,78.95365854,5276.838423,39,1,0.025641026,29,1,0.034482759,10,0,0.0,0,0.0
175,0,0,1,1,39.21255005,North,31822527,69.436,6596.774323,40,1,0.025,34,1,0.029411765,6,0,0.0,0,0.0
176,3,0,2,3,10.49299308,North,51423591,47.911,5218.352425,40,3,0.075,28,2,0.071428571,12,1,0.083333333,0,0.0
177,3,2,2,4,227.37,South,199901231,64.637,6727.82979,40,4,0.1,23,2,0.086956522,17,2,0.117647059,0,0.0
178,0,2,1,2,1.695122174,North,2946401,66.761,4669.953369,40,2,0.05,35,2,0.057142857,5,0,0.0,0,0.0
179,6,2,4,7,15.14175857,North,3727505,73.207,4838.941393,40,7,0.175,30,7,0.233333333,10,0,0.0,0,0.0
180,3,0,0,1,104.337,North,3406672,79.49497561,6087.802239,40,1,0.025,13,0,0.0,27,1,0.037037037,0,0.0
181,0,2,0,1,5.204955901,North,49627623,48.67,5320.200653,41,1,0.024390244,41,1,0.024390244,0,0,0.0,0,0.0
182,0,0,1,1,71.46319383,North,581087255,49.061,5416.461758,41,1,0.024390244,40,1,0.025,1,0,0.0,0,0.0
183,3,0,2,3,56.82966427,North,9642505,73.64714634,4570.22862,41,3,0.073170732,38,2,0.052631579,3,0,0.0,0,0.0
184,3,2,0,2,90.85281401,North,52053764,63.266,4669.026362,41,2,0.048780488,36,2,0.055555556,5,0,0.0,0,0.0
185,6,4,2,6,158.459,North,55748946,65.275,4669.026362,41,6,0.146341463,36,5,0.138888889,5,1,0.2,0,0.0
186,0,2,0,1,10.86232788,North,33505406,63.0097561,6422.407919,42,1,0.023809524,32,1,0.03125,10,0,0.0,0,0.0
187,0,0,1,1,16.98521115,North,43377270,62.495,6073.180027,42,1,0.023809524,39,1,0.025641026,3,0,0.0,0,0.0
188,3,0,0,1,6.6788682,South,7408630,59.731,6067.669821,42,1,0.023809524,23,0,0.0,19,1,0.052631579,0,0.0
189,0,2,0,1,20.10980024,North,3532423,73.53146341,4872.616191,42,1,0.023809524,28,1,0.035714286,14,0,0.0,0,0.0
190,6,4,1,5,128.027,South,187739786,63.131,6727.82979,42,5,0.119047619,27,4,0.148148148,15,1,0.066666667,0,0.0
191,0,2,2,3,12.14439752,North,1362550,71.9097561,4908.788015,42,3,0.071428571,31,3,0.096774194,11,0,0.0,0,0.0
192,9,2,4,8,172.896,North,64995303,71.728,6073.180027,42,8,0.19047619,24,3,0.125,18,5,0.277777778,0,0.0
193,0,4,2,4,12.44062531,North,7415403,70.05756098,4604.985842,43,4,0.093023256,35,1,0.028571429,8,2,0.25,1,0.023255814
194,0,2,0,1,20.43109541,North,36587267,53.492,4669.026362,43,1,0.023255814,42,1,0.023809524,1,0,0.0,0,0.0
195,0,0,1,1,216.339,North,7308800,80.95121951,5276.838423,43,1,0.023255814,23,1,0.043478261,20,0,0.0,0,0.0
196,0,0,1,1,10.0906759,North,8740765,70.30256098,4570.22862,44,1,0.022727273,44,1,0.022727273,0,0,0.0,0,0.0
197,3,0,0,1,99.88657733,North,39629965,72.945,6596.774323,44,1,0.022727273,25,0,0.0,19,1,0.052631579,0,0.0
198,3,2,4,6,48.85248296,North,8763400,70.201,4916.379435,44,6,0.136363636,30,5,0.166666667,14,1,0.071428571,0,0.0
199,0,2,3,4,205.139,North,67761367,66.553,7089.643002,45,4,0.088888889,36,1,0.027777778,9,0,0.0,0,0.0
200,0,2,2,3,2.373566957,North,2306367,71.614,6373.497473,45,3,0.066666667,31,1,0.032258065,14,2,0.142857143,0,0.0
201,6,0,1,3,46.94158252,North,29266415,68.919,4616.552558,45,3,0.066666667,39,3,0.076923077,6,0,0.0,0,0.0
202,3,2,1,3,7.949253766,North,2367550,70.31463415,4827.814877,45,3,0.066666667,30,3,0.1,15,0,0.0,0,0.0
203,12,10,3,12,14.80708689,North,2842128,74.001,6373.497473,45,12,0.266666667,23,7,0.304347826,22,5,0.227272727,0,0.0
204,3,0,1,2,28.32478766,North,2034319,73.77804878,4827.814877,45,2,0.044444444,31,2,0.064516129,14,0,0.0,0,0.0
205,3,2,0,2,10.15993414,North,3816486,73.94195122,4905.527072,46,2,0.043478261,38,1,0.026315789,8,0,0.0,0,0.0
206,0,0,1,1,7.311937457,North,9757849,52.997,5286.381803,46,1,0.02173913,42,1,0.023809524,4,0,0.0,0,0.0
207,0,0,3,3,59.98990946,North,48114158,61.111,4669.026362,46,3,0.065217391,45,3,0.066666667,1,0,0.0,0,0.0
208,0,0,1,1,111.453,North,57811025,70.281,6073.180027,46,1,0.02173913,23,1,0.043478261,23,0,0.0,0,0.0
209,3,6,2,6,7.393883555,North,2558631,74.167,6373.497473,46,6,0.130434783,27,2,0.074074074,19,4,0.210526316,0,0.0
210,3,8,2,7,16.09533709,South,35635267,53.475,5507.264521,46,7,0.152173913,22,5,0.227272727,24,2,0.083333333,0,0.0
211,18,8,6,16,35.89515333,South,39791984,58.76,5507.264521,46,16,0.347826087,28,9,0.321428571,18,7,0.388888889,0,0.0
212,0,0,1,1,24.25955289,North,1315790,77.64146341,4908.788015,46,1,0.02173913,28,1,0.035714286,18,0,0.0,0,0.0
213,0,2,0,1,5.271404668,North,29958687,62.411,6570.342239,47,1,0.021276596,40,1,0.025,7,0,0.0,0,0.0
214,0,2,1,2,21.75126558,North,3412800,72.6232439,4872.616191,47,2,0.042553191,44,1,0.022727273,3,0,0.0,0,0.0
215,0,2,0,1,5.969114344,North,2457222,68.77658537,4827.814877,47,1,0.021276596,34,1,0.029411765,13,0,0.0,0,0.0
216,3,2,3,5,54.79037946,North,31042238,70.64,4616.552558,47,5,0.106382979,37,4,0.108108108,10,1,0.1,0,0.0
217,3,6,2,6,165.021,South,211513822,65.772,6727.82979,47,6,0.127659574,27,2,0.074074074,20,3,0.15,1,0.021276596
218,6,2,2,5,10.17466485,North,2725017,74.146,6373.497473,47,5,0.106382979,22,1,0.045454545,25,4,0.16,0,0.0
219,3,2,0,2,24.37129925,North,1337090,73.77073171,4908.788015,47,2,0.042553191,34,2,0.058823529,13,0,0.0,0,0.0
220,3,2,1,3,35.7562257,North,2177322,72.4195122,4827.814877,47,3,0.063829787,29,3,0.103448276,18,0,0.0,0,0.0
221,6,4,2,6,291.383,North,66530980,73.341,6073.180027,47,6,0.127659574,22,2,0.090909091,25,4,0.16,0,0.0
222,6,8,7,13,50.41275486,South,44343469,62.659,5507.264521,47,13,0.276595745,27,7,0.259259259,20,6,0.3,0,0.0
223,0,2,3,4,94.53473068,North,5407579,76.1097561,4608.349577,47,4,0.085106383,26,2,0.076923077,21,2,0.095238095,0,0.0
224,0,0,2,2,318.617,North,8546000,82.40731707,5276.838423,47,2,0.042553191,22,1,0.045454545,25,1,0.04,0,0.0
225,0,4,1,3,17.15346326,North,30075295,52.559,4946.229137,48,3,0.0625,48,3,0.0625,0,0,0.0,0,0.0
226,0,12,3,9,9.005064475,North,2654698,74.142,6373.497473,48,9,0.1875,22,2,0.090909091,26,7,0.269230769,0,0.0
227,0,0,1,1,1.369688498,North,4898400,68.55853659,5366.25977,48,1,0.020833333,35,1,0.028571429,13,0,0.0,0,0.0
228,0,0,2,2,112.453,North,25996594,72.746,6249.581149,48,2,0.041666667,33,1,0.03030303,15,1,0.066666667,0,0.0
229,0,0,1,1,58.41898544,North,34422568,70.161,6596.774323,49,1,0.020408163,46,0,0.0,3,1,0.333333333,0,0.0
230,6,8,2,8,8.209129172,South,25326080,55.973,5507.264521,49,8,0.163265306,40,8,0.2,9,0,0.0,0,0.0
231,0,0,1,1,392.897,North,982365248,60.783,5416.461758,49,1,0.020408163,40,1,0.025,9,0,0.0,0,0.0
232,3,2,4,6,29.90247934,North,35848523,64.50243902,6422.407919,50,6,0.12,38,5,0.131578947,12,1,0.083333333,0,0.0
233,15,8,2,11,13.70940209,North,2781869,74.103,6373.497473,50,11,0.22,23,2,0.086956522,27,9,0.333333333,0,0.0
234,0,2,1,2,19.1626,North,3344190,74.17763415,6087.802239,51,2,0.039215686,43,2,0.046511628,8,0,0.0,0,0.0
235,0,0,1,1,19.58732279,North,9267335,71.921,4575.978044,51,1,0.019607843,45,1,0.022222222,6,0,0.0,0,0.0
236,3,0,2,3,368.537,North,10421137,78.87804878,4675.567093,51,3,0.058823529,32,1,0.03125,19,2,0.105263158,0,0.0
237,6,4,0,4,89.65525398,North,5430798,77.16585366,4608.349577,51,4,0.078431373,32,4,0.125,19,0,0.0,0,0.0
238,3,0,2,3,5.180597621,South,2748100,71.12439024,10162.12167,52,3,0.057692308,47,2,0.042553191,5,0,0.0,0,0.0
239,3,8,3,8,12.04585844,South,28589456,52.709,5507.264521,52,8,0.153846154,42,7,0.166666667,10,1,0.1,0,0.0
240,3,0,2,3,126.392,North,62952639,70.623,6073.180027,52,3,0.057692308,34,2,0.058823529,18,1,0.055555556,0,0.0
241,15,0,1,6,264.512,North,4591910,79.84146341,4905.527072,52,6,0.115384615,35,4,0.114285714,17,2,0.117647059,0,0.0
242,6,4,5,9,69.68393585,North,9295784,71.506,4916.379435,52,9,0.173076923,38,7,0.184210526,14,2,0.142857143,0,0.0
243,21,10,1,13,598.868,North,75539881,74.776,4946.229137,52,13,0.25,44,13,0.295454545,8,0,0.0,0,0.0
244,3,0,0,1,56.48028994,North,488848139,43.873,5416.461758,53,1,0.018867925,52,1,0.019230769,1,0,0.0,0,0.0
245,12,2,1,6,181.476,North,59423278,67.57,4669.026362,53,6,0.113207547,44,6,0.136363636,9,0,0.0,0,0.0
246,0,0,2,2,117.082,North,42075953,74.026,6596.774323,53,2,0.037735849,32,0,0.0,21,2,0.095238095,0,0.0
247,0,4,0,2,197.117,North,5228172,78.71463415,4940.610108,53,2,0.037735849,36,2,0.055555556,17,0,0.0,0,0.0
248,3,0,2,3,1198.9,North,1200669762,65.794,5416.461758,53,3,0.056603774,31,3,0.096774194,22,0,0.0,0,0.0
249,0,0,3,3,63.6288545,North,29774500,70.155,5259.327183,53,3,0.056603774,36,3,0.083333333,17,0,0.0,0,0.0
250,3,0,0,1,4.93020423,South,872406,67.175,9580.569489,53,1,0.018867925,36,1,0.027777778,17,0,0.0,0,0.0
251,0,2,1,2,6.119284294,North,30838302,59.94460976,6422.407919,54,2,0.037037037,41,2,0.048780488,13,0,0.0,0,0.0
252,3,0,1,2,412.336,North,72120608,73.027,4946.229137,54,2,0.037037037,51,2,0.039215686,3,0,0.0,0,0.0
253,0,0,1,1,240.608,North,5495303,81.42926829,4940.610108,54,1,0.018518519,26,0,0.0,28,1,0.035714286,0,0.0
254,6,4,2,6,413.366,North,68971313,76.403,6073.180027,54,6,0.111111111,26,2,0.076923077,28,4,0.142857143,0,0.0
255,0,6,1,4,47.79492582,North,100161708,45.857,5132.154627,55,4,0.072727273,32,3,0.09375,23,1,0.043478261,0,0.0
256,0,2,2,3,274.82,North,4489544,80.09512195,4872.616191,55,3,0.054545455,39,3,0.076923077,16,0,0.0,0,0.0
257,0,0,1,1,76.26127793,North,10036983,75.8912439,4570.22862,56,1,0.017857143,44,1,0.022727273,12,0,0.0,0,0.0
258,6,6,2,7,12.7053571,South,31964557,50.921,5507.264521,56,7,0.125,34,6,0.176470588,22,1,0.045454545,0,0.0
259,0,2,1,2,171.001,North,34730604,74.311,4616.552558,56,2,0.035714286,34,1,0.029411765,22,1,0.045454545,0,0.0
260,0,2,3,4,29.54943888,North,27302800,69.193,5259.327183,56,4,0.071428571,41,3,0.073170732,15,1,0.066666667,0,0.0
261,0,4,1,3,258.305,North,5413971,80.62682927,4940.610108,56,3,0.053571429,29,1,0.034482759,27,2,0.074074074,0,0.0
262,3,14,10,18,37.86751896,North,9757812,72.493,4916.379435,56,18,0.321428571,42,14,0.333333333,14,4,0.285714286,0,0.0
263,0,2,2,3,53.8068948,North,7127822,74.81219512,4584.094277,56,3,0.053571429,33,0,0.0,23,3,0.130434783,0,0.0
264,18,6,2,11,14.0771094,North,2906242,74.175,6373.497473,56,11,0.196428571,25,5,0.2,31,6,0.193548387,0,0.0
265,6,6,4,9,2.107279157,South,12146070,53.674,5507.264521,57,9,0.157894737,55,9,0.163636364,2,0,0.0,0,0.0
266,9,0,2,5,274.303,North,63240196,70.005,4669.026362,57,5,0.087719298,42,4,0.095238095,15,1,0.066666667,0,0.0
267,3,2,2,4,284.554,North,5313399,79.56829268,4940.610108,57,4,0.070175439,31,2,0.064516129,26,2,0.076923077,0,0.0
268,9,6,0,6,100.47,North,5379233,74.70487805,4608.349577,57,6,0.105263158,35,4,0.114285714,22,2,0.090909091,0,0.0
269,3,2,0,2,55.92730269,North,3558430,75.18095122,4872.616191,58,2,0.034482759,49,2,0.040816327,9,0,0.0,0,0.0
270,0,2,2,3,8.671358733,North,22516429,63.105,6596.774323,59,3,0.050847458,55,2,0.036363636,4,0,0.0,0,0.0
271,3,0,0,1,126.829,North,9859242,73.20707317,4675.567093,59,1,0.016949153,43,1,0.023255814,16,0,0.0,0,0.0
272,0,0,2,2,162.299,North,9901664,75.56585366,4675.567093,59,2,0.033898305,35,1,0.028571429,24,0,0.0,0,0.0
273,3,4,0,3,22.62750745,North,3377075,71.96097561,4777.694243,59,3,0.050847458,47,2,0.042553191,12,1,0.083333333,0,0.0
274,0,4,0,2,16.88551136,North,8888628,71.535,4570.22862,60,2,0.033333333,58,1,0.017241379,2,0,0.0,0,0.0
275,0,6,3,6,59.10523685,North,5111619,74.56219512,4769.836091,60,6,0.1,49,3,0.06122449,11,1,0.090909091,2,0.033333333
276,6,0,1,3,15.96010668,North,9378113,70.75512195,4675.567093,61,3,0.049180328,60,3,0.05,1,0,0.0,0,0.0
277,0,0,1,1,21.21189226,South,81064572,56.121,6524.317219,61,1,0.016393443,60,1,0.016666667,1,0,0.0,0,0.0
278,3,0,2,3,6.19143707,South,19146403,59.093,5507.264521,61,3,0.049180328,56,3,0.053571429,5,0,0.0,0,0.0
279,0,0,1,1,8.382519637,North,3601613,70.10804878,4777.694243,61,1,0.016393443,45,1,0.022222222,16,0,0.0,0,0.0
280,6,0,3,5,11.52477687,North,3499536,72.0195122,4777.694243,61,5,0.081967213,40,2,0.05,21,3,0.142857143,0,0.0
281,0,0,2,2,118.311,North,10289898,76.31463415,4772.6015,61,2,0.032786885,48,1,0.020833333,13,1,0.076923077,0,0.0
282,3,4,2,5,55.55250916,North,2021316,78.76585366,4572.732604,61,5,0.081967213,40,3,0.075,21,2,0.095238095,0,0.0
283,6,2,1,4,509.506,North,5018573,81.45121951,4905.527072,61,4,0.06557377,33,3,0.090909091,28,1,0.035714286,0,0.0
284,0,0,3,3,41.80128492,North,11303942,76.115,4575.978044,61,3,0.049180328,41,1,0.024390244,20,2,0.1,0,0.0
285,0,0,2,2,5.379845648,North,24307855,47.172,4946.229137,62,2,0.032258065,58,2,0.034482759,4,0,0.0,0,0.0
286,6,4,2,6,279.201,North,10156637,77.18731707,4675.567093,62,6,0.096774194,42,3,0.071428571,20,3,0.15,0,0.0
287,6,0,3,5,42.92745429,North,2987773,73.86341463,4777.694243,62,5,0.080645161,39,2,0.051282051,23,3,0.130434783,0,0.0
288,0,0,4,4,368.827,North,5234519,82.40731707,4905.527072,62,4,0.064516129,29,3,0.103448276,33,1,0.03030303,0,0.0
289,3,2,2,4,83.34953016,North,9855372,74.40487805,4675.567093,63,4,0.063492063,47,2,0.042553191,16,2,0.125,0,0.0
290,0,2,1,2,48.02002418,North,9895801,74.82912195,4570.22862,63,2,0.031746032,59,2,0.033898305,4,0,0.0,0,0.0
291,9,2,4,8,417.984,North,79563991,76.047,4946.229137,63,8,0.126984127,54,7,0.12962963,9,1,0.111111111,0,0.0
292,3,4,1,4,44.73633352,North,2065042,81.17560976,4572.732604,63,4,0.063492063,39,2,0.051282051,24,2,0.083333333,0,0.0
293,9,0,2,5,7.274144351,South,2585400,71.32926829,10162.12167,64,5,0.078125,56,3,0.053571429,8,1,0.125,1,0.015625
294,0,2,0,1,99.87123917,North,3805174,76.53658537,4872.616191,64,1,0.015625,40,0,0.0,24,1,0.041666667,0,0.0
295,6,4,2,6,57.33201515,North,5372280,73.95853659,4608.349577,64,6,0.09375,48,5,0.104166667,16,1,0.0625,0,0.0
296,9,6,4,10,408.876,North,67010930,72.004,4669.026362,64,10,0.15625,44,9,0.204545455,20,1,0.05,0,0.0
297,3,2,4,6,224.984,North,4599533,80.84634146,4872.616191,64,6,0.09375,36,4,0.111111111,28,1,0.035714286,1,0.015625
298,0,4,0,2,160.034,North,40551398,76.298,4616.552558,64,2,0.03125,54,2,0.037037037,10,0,0.0,0,0.0
299,3,0,0,1,56.3472507,North,10019610,73.71463415,4772.6015,65,1,0.015384615,55,0,0.0,10,1,0.1,0,0.0
300,6,2,3,6,51.07581509,North,110668784,45.88,5132.154627,65,6,0.092307692,49,2,0.040816327,16,4,0.25,0,0.0
301,0,0,1,1,468.395,North,1056575548,62.505,5416.461758,65,1,0.015384615,44,0,0.0,21,1,0.047619048,0,0.0
302,3,2,2,4,46.58045747,North,2057159,80.12439024,4572.732604,65,4,0.061538462,28,3,0.107142857,37,1,0.027027027,0,0.0
303,3,4,1,4,14.48055657,North,5789228,72.07780488,4591.695619,66,4,0.060606061,65,2,0.030769231,1,0,0.0,0,0.0
304,3,4,1,4,8.82303388,North,4626469,69.61634146,4940.610108,66,4,0.060606061,60,4,0.066666667,6,0,0.0,0,0.0
305,3,0,2,3,44.57589247,North,5072596,73.7397561,4769.836091,66,3,0.045454545,56,2,0.035714286,10,0,0.0,0,0.0
306,3,2,0,2,35.94227069,North,4026152,75.0395122,4905.527072,66,2,0.03030303,60,2,0.033333333,6,0,0.0,0,0.0
307,0,4,1,3,242.187,North,44254972,74.962,6596.774323,67,3,0.044776119,43,1,0.023255814,24,2,0.083333333,0,0.0
308,3,2,3,5,770.462,North,70418612,73.649,4669.026362,67,5,0.074626866,48,4,0.083333333,19,1,0.052631579,0,0.0
309,0,2,3,4,43.01808724,North,2868231,74.67073171,4777.694243,67,4,0.059701493,48,3,0.0625,19,1,0.052631579,0,0.0
310,3,8,3,8,13.50557387,North,4864883,73.12146341,4769.836091,68,8,0.117647059,64,7,0.109375,4,0,0.0,0,0.0
311,21,22,6,24,40.80952381,North,23057662,69.38804878,4620.226079,68,24,0.352941176,32,7,0.21875,36,17,0.472222222,0,0.0
312,0,2,2,3,234.782,North,10045158,76.35121951,4675.567093,68,3,0.044117647,43,1,0.023255814,25,2,0.08,0,0.0
313,0,4,1,3,54.03325033,North,7305888,74.31463415,4584.094277,68,3,0.044117647,40,1,0.025,28,2,0.071428571,0,0.0
314,3,0,0,1,381.286,North,29360827,73.037,6249.581149,68,1,0.014705882,42,1,0.023809524,26,0,0.0,0,0.0
315,6,6,0,5,101.9,North,4209488,76.2204878,4905.527072,69,5,0.072463768,44,3,0.068181818,25,1,0.04,1,0.014492754
316,0,0,1,1,45.340835,North,3724655,74.36146341,6087.802239,69,1,0.014492754,47,1,0.021276596,22,0,0.0,0,0.0
317,6,2,2,5,12.03002355,North,25864350,68.135,5259.327183,69,5,0.072463768,51,5,0.098039216,18,0,0.0,0,0.0
318,6,0,0,2,116.225,North,10399061,77.38292683,4570.22862,70,2,0.028571429,56,1,0.017857143,14,1,0.071428571,0,0.0
319,0,4,3,5,236.205,North,10251250,77.72195122,4675.567093,70,5,0.071428571,38,2,0.052631579,32,3,0.09375,0,0.0
320,6,2,1,4,125.707,North,5176209,77.46585366,4940.610108,70,4,0.057142857,40,3,0.075,30,0,0.0,0,0.0
321,3,2,2,4,13.76051397,North,24650400,67.156,5259.327183,70,4,0.057142857,52,4,0.076923077,18,0,0.0,0,0.0
322,0,0,2,2,136.386,North,135320420,47.72,5132.154627,70,2,0.028571429,24,2,0.083333333,46,0,0.0,0,0.0
323,0,2,2,3,430.294,North,8321496,80.43170732,4604.985842,70,3,0.042857143,40,1,0.025,30,2,0.066666667,0,0.0
324,12,4,7,13,81.77901235,North,31847900,71.171,5259.327183,70,13,0.185714286,47,13,0.276595745,23,0,0.0,0,0.0
325,0,0,1,1,34.63043,North,3585176,73.94636585,6087.802239,71,1,0.014084507,65,1,0.015384615,6,0,0.0,0,0.0
326,3,2,1,3,27.92503676,North,5373361,72.65365854,4608.349577,71,3,0.042253521,58,3,0.051724138,13,0,0.0,0,0.0
327,0,2,1,2,13.94889222,North,23225000,66.494,5259.327183,71,2,0.028169014,63,2,0.031746032,8,0,0.0,0,0.0
328,0,6,2,5,47.79755159,North,3198231,71.81219512,4777.694243,71,5,0.070422535,44,4,0.090909091,27,1,0.037037037,0,0.0
329,0,0,1,1,404.65,North,185960244,53.541,5132.154627,71,1,0.014084507,47,1,0.021276596,24,0,0.0,0,0.0
330,3,0,0,1,186.325,North,698952837,53.814,5416.461758,72,1,0.013888889,56,1,0.017857143,16,0,0.0,0,0.0
331,0,2,2,3,237.251,North,7959017,76.87073171,4604.985842,72,3,0.041666667,56,2,0.035714286,16,1,0.0625,0,0.0
332,6,0,0,2,122.661,North,6319408,75.45926829,4591.695619,73,2,0.02739726,67,2,0.029850746,6,0,0.0,0,0.0
333,3,0,0,1,133.339,North,7585317,75.21707317,4604.985842,73,1,0.01369863,66,1,0.015151515,7,0,0.0,0,0.0
334,0,2,0,1,709.149,North,1129623466,64.095,5416.461758,73,1,0.01369863,48,1,0.020833333,25,0,0.0,0,0.0
335,15,4,2,9,8.355380879,South,22153685,58.422,5507.264521,74,9,0.121621622,70,9,0.128571429,4,0,0.0,0,0.0
336,6,0,0,2,20.28962764,North,1988925,75.41219512,4572.732604,74,2,0.027027027,55,2,0.036363636,19,0,0.0,0,0.0
337,6,8,1,7,300.904,North,8171966,79.1804878,4604.985842,74,7,0.094594595,54,3,0.055555556,20,2,0.1,2,0.027027027
338,3,2,3,5,54.43896642,North,7492561,72.96341463,4584.094277,74,5,0.067567568,45,3,0.066666667,29,2,0.068965517,0,0.0
339,0,6,2,5,337.036,North,150269622,49.913,5132.154627,74,5,0.067567568,37,2,0.054054054,37,3,0.081081081,0,0.0
340,0,2,2,3,195.152,North,14149800,75.74317073,4712.2653,75,3,0.04,57,2,0.035087719,18,1,0.055555556,0,0.0
341,0,2,2,3,33.87588188,South,90387079,58.025,6524.317219,76,3,0.039473684,73,2,0.02739726,3,0,0.0,0,0.0
342,3,4,1,4,132.129,North,5124573,76.69341463,4940.610108,76,4,0.052631579,47,3,0.063829787,29,1,0.034482759,0,0.0
343,0,2,0,1,216.237,North,10514844,80.37317073,4772.6015,76,3,0.039473684,44,3,0.068181818,32,0,0.0,0,0.0
344,0,4,0,2,299.556,North,4755335,81.65365854,4872.616191,76,2,0.026315789,50,1,0.02,26,1,0.038461538,0,0.0
345,3,2,0,2,262.345,North,10558177,78.52439024,4772.6015,77,2,0.025974026,51,1,0.019607843,26,1,0.038461538,0,0.0
346,3,2,2,4,109.059,North,4946481,74.57707317,4940.610108,78,4,0.051282051,59,4,0.06779661,19,0,0.0,0,0.0
347,9,0,1,4,75.7864995,North,3637510,75.83170732,4872.616191,78,4,0.051282051,62,0,0.0,16,4,0.25,0,0.0
348,3,4,3,6,707.907,North,98899845,74.34,7089.643002,78,6,0.076923077,52,5,0.096153846,26,1,0.038461538,0,0.0
349,0,0,2,2,152.678,South,109790943,61.243,6524.317219,79,2,0.025316456,72,1,0.013888889,7,0,0.0,0,0.0
350,0,2,3,4,34.4147845,North,1997012,77.20731707,4572.732604,79,4,0.050632911,56,1,0.017857143,23,2,0.086956522,1,0.012658228
351,18,12,1,13,69.18875536,South,49051531,65.393,5507.264521,79,13,0.164556962,46,6,0.130434783,33,7,0.212121212,0,0.0
352,6,2,1,4,13.60483242,South,3110500,72.42195122,10162.12167,80,4,0.05,71,4,0.056338028,9,0,0.0,0,0.0
353,0,0,1,1,8.9686,North,3043854,73.19082927,6087.802239,80,1,0.0125,73,1,0.01369863,7,0,0.0,0,0.0
354,0,0,2,2,58.53900879,South,99859388,59.739,6524.317219,81,2,0.024691358,78,2,0.025641026,3,0,0.0,0,0.0
355,3,4,2,5,41.58747055,North,4304600,75.5202439,4571.386285,81,5,0.061728395,66,5,0.075757576,15,0,0.0,0,0.0
356,0,4,1,3,189.035,North,10483861,77.67073171,4772.6015,81,3,0.037037037,64,3,0.046875,17,0,0.0,0,0.0
357,0,4,4,6,1827.64,North,1265780243,67.545,5416.461758,81,6,0.074074074,58,4,0.068965517,23,2,0.086956522,0,0.0
358,0,2,1,2,21.37635311,North,9618756,70.69317073,4675.567093,82,2,0.024390244,77,2,0.025974026,5,0,0.0,0,0.0
359,12,4,0,6,31.84951377,North,4725664,71.81292683,4940.610108,83,6,0.072289157,77,6,0.077922078,6,0,0.0,0,0.0
360,0,0,2,2,181.612,North,80788725,70.062,7089.643002,83,2,0.024096386,66,2,0.03030303,17,0,0.0,0,0.0
361,9,4,8,13,45.17681159,South,3283400,74.42439024,10162.12167,83,13,0.156626506,67,7,0.104477612,16,1,0.0625,5,0.060240964
362,6,8,1,7,130.838,North,4286401,77.18439024,4905.527072,83,7,0.084337349,51,5,0.098039216,32,2,0.0625,0,0.0
363,3,4,0,3,69.44875693,North,122283853,46.267,5132.154627,83,3,0.036144578,44,1,0.022727273,39,2,0.051282051,0,0.0
364,6,2,4,7,570.304,North,7647675,81.99268293,4591.695619,83,7,0.084337349,47,5,0.106382979,36,1,0.027777778,1,0.012048193
365,6,0,2,4,1109.99,North,110815272,75.194,7089.643002,83,4,0.048192771,43,1,0.023255814,40,3,0.075,0,0.0
366,6,0,1,3,45.04413855,North,10846993,75.376,4575.978044,83,3,0.036144578,63,2,0.031746032,20,1,0.05,0,0.0
367,0,2,1,2,68.05529508,North,33733975,55.744,4946.229137,84,2,0.023809524,80,2,0.025,4,0,0.0,0,0.0
368,0,0,1,1,228.789,South,33529320,72.032,7691.760326,84,1,0.011904762,67,1,0.014925373,17,0,0.0,0,0.0
369,3,2,0,2,23.84661306,North,4557097,72.36536585,4571.386285,84,2,0.023809524,75,2,0.026666667,9,0,0.0,0,0.0
370,9,2,1,5,147.608,South,42241007,60.595,6388.892675,84,5,0.05952381,64,2,0.03125,20,3,0.15,0,0.0
371,9,10,1,9,462.25,North,4768212,80.59268293,4905.527072,84,9,0.107142857,30,5,0.166666667,54,4,0.074074074,0,0.0
372,0,2,4,5,18.94272978,North,6067714,72.5902439,4591.695619,85,5,0.058823529,81,2,0.024691358,4,0,0.0,0,0.0
373,15,6,2,10,51.60114767,North,4174349,78.02195122,4571.386285,85,10,0.117647059,66,7,0.106060606,19,3,0.157894737,0,0.0
374,12,4,6,12,52.88880095,North,4881803,74.51902439,4940.610108,86,12,0.139534884,73,11,0.150684932,13,1,0.076923077,0,0.0
375,0,4,0,2,37.20941802,North,9711115,71.40512195,4675.567093,88,2,0.022727273,82,2,0.024390244,6,0,0.0,0,0.0
376,6,2,1,4,115.553,North,5129516,74.77170732,4769.836091,88,4,0.045454545,67,2,0.029850746,21,0,0.0,0,0.0
377,3,4,2,5,112.533,North,5041992,75.45536585,4940.610108,88,5,0.056818182,60,5,0.083333333,28,0,0.0,0,0.0
378,3,0,1,2,21.63375945,North,4468302,72.80780488,4571.386285,88,2,0.022727273,63,2,0.031746032,25,0,0.0,0,0.0
379,9,0,2,5,7.766655086,North,4548543,69.22097561,4940.610108,89,5,0.056179775,84,5,0.05952381,5,0,0.0,0,0.0
380,0,0,2,2,26.43685725,South,23168268,65.989,7691.760326,89,2,0.02247191,84,2,0.023809524,5,0,0.0,0,0.0
381,3,2,1,3,9.567331065,South,2903900,71.82926829,10162.12167,89,3,0.033707865,82,3,0.036585366,7,0,0.0,0,0.0
382,0,0,1,1,206.286,North,10325452,81.12439024,4772.6015,90,1,0.011111111,61,0,0.0,29,1,0.034482759,0,0.0
383,0,2,0,1,34.73300054,South,24653172,67.078,7691.760326,92,1,0.010869565,88,1,0.011363636,4,0,0.0,0,0.0
384,6,2,0,3,196.8,North,8011566,78.12682927,4604.985842,92,3,0.032608696,55,1,0.018181818,37,1,0.027027027,1,0.010869565
385,6,2,5,8,251.373,North,5404523,77.49268293,4769.836091,92,8,0.086956522,48,4,0.083333333,44,3,0.068181818,1,0.010869565
386,9,2,2,6,192.732,North,10775971,81.38780488,4570.22862,92,6,0.065217391,56,3,0.053571429,36,3,0.083333333,0,0.0
387,15,12,2,13,13.24583384,North,8170172,71.66341463,4584.094277,93,13,0.139784946,53,10,0.188679245,40,3,0.075,0,0.0
388,12,6,3,10,171.247,North,4490967,78.63414634,4905.527072,93,10,0.107526882,44,4,0.090909091,49,5,0.102040816,1,0.010752688
389,6,4,3,7,353.361,North,5493621,78.44634146,4769.836091,93,7,0.075268817,71,4,0.056338028,22,1,0.045454545,2,0.021505376
390,0,0,1,1,20.08,North,42771077,59.069,7089.643002,94,1,0.010638298,90,1,0.011111111,4,0,0.0,0,0.0
391,6,4,4,8,22.53241675,North,7661354,73.73317073,4888.823928,94,8,0.085106383,76,6,0.078947368,18,0,0.0,0,0.0
392,6,0,0,2,515.224,North,10709973,79.6804878,4675.567093,94,2,0.021276596,77,0,0.0,17,2,0.117647059,0,0.0
393,9,4,1,6,70.1408353,South,3732000,76.78780488,10162.12167,95,6,0.063157895,66,2,0.03030303,29,1,0.034482759,3,0.031578947
394,3,2,2,4,188.129,North,19702267,75.2097561,4620.226079,95,4,0.042105263,34,2,0.058823529,61,2,0.032786885,0,0.0
395,9,2,4,8,14.74318612,North,4639657,70.70731707,4940.610108,96,8,0.083333333,89,8,0.08988764,7,0,0.0,0,0.0
396,9,8,4,11,21.03536825,North,15578227,63.6,5407.725041,96,11,0.114583333,72,11,0.152777778,24,0,0.0,0,0.0
397,3,0,1,2,89.02597403,North,61242189,64.467,7089.643002,97,2,0.020618557,92,2,0.02173913,5,0,0.0,0,0.0
398,6,4,3,7,163.52,North,4381336,78.1504878,4905.527072,97,7,0.072164948,42,4,0.095238095,55,2,0.036363636,1,0.010309278
399,6,6,1,6,164.159,North,5339616,76.59268293,4769.836091,97,6,0.06185567,53,3,0.056603774,44,2,0.045454545,1,0.010309278
400,3,2,3,5,78.78246753,North,74172073,69.271,4721.534724,97,5,0.051546392,81,5,0.061728395,16,0,0.0,0,0.0
401,0,0,1,1,410.976,North,93147045,72.925,7089.643002,98,1,0.010204082,71,1,0.014084507,27,0,0.0,0,0.0
402,6,2,9,12,26.15789474,North,7716860,72.56341463,4584.094277,98,12,0.12244898,51,8,0.156862745,47,4,0.085106383,0,0.0
403,3,2,3,5,405.531,North,7389625,81.08780488,4591.695619,98,5,0.051020408,59,4,0.06779661,39,1,0.025641026,0,0.0
404,6,4,0,4,692.11,North,7996861,82.69756098,4591.695619,98,4,0.040816327,70,2,0.028571429,28,1,0.035714286,1,0.010204082
405,6,2,2,5,71.1275287,North,5123027,74.10170732,4769.836091,99,5,0.050505051,91,1,0.010989011,8,1,0.125,3,0.03030303
406,6,6,1,6,184.261,North,74352631,68.38,7089.643002,99,6,0.060606061,77,6,0.077922078,22,0,0.0,0,0.0
407,0,4,2,4,215.722,North,6593386,77.22658537,4591.695619,99,4,0.04040404,72,2,0.027777778,27,0,0.0,0,0.0
408,0,4,3,5,70.23442597,North,4309705,75.91219512,4571.386285,99,5,0.050505051,80,1,0.0125,19,4,0.210526316,0,0.0
409,3,6,4,8,1201.09,North,117274156,74.966,7089.643002,99,8,0.080808081,62,2,0.032258065,37,6,0.162162162,0,0.0
410,6,2,1,4,31.06681993,North,7912273,73.97292683,4888.823928,100,4,0.04,86,3,0.034883721,14,0,0.0,0,0.0
411,0,0,2,2,162.818,North,79636081,69.971,4721.534724,100,2,0.02,74,1,0.013513514,26,1,0.038461538,0,0.0
412,3,6,4,8,869.693,North,79827868,76.86,4669.026362,100,8,0.08,53,7,0.132075472,47,1,0.021276596,0,0.0
413,0,6,3,6,71.11388297,North,9818227,72.1197561,4675.567093,101,6,0.059405941,75,4,0.053333333,26,0,0.0,0,0.0
414,12,2,4,9,214.314,North,20537875,72.56585366,4620.226079,101,9,0.089108911,40,2,0.05,61,7,0.114754098,0,0.0
415,3,6,5,9,370.921,North,46075721,75.882,6596.774323,101,9,0.089108911,45,4,0.088888889,56,5,0.089285714,0,0.0
416,9,10,10,18,137.278,North,17794055,72.41,5407.725041,101,18,0.178217822,55,10,0.181818182,46,8,0.173913043,0,0.0
417,3,2,1,3,67.98534489,North,7561434,73.61219512,4604.985842,102,3,0.029411765,71,3,0.042253521,31,0,0.0,0,0.0
418,0,4,0,2,195.078,North,7840709,75.81707317,4604.985842,102,2,0.019607843,71,1,0.014084507,31,0,0.0,0,0.0
419,3,0,0,1,280.157,North,6875364,77.80609756,4591.695619,102,1,0.009803922,73,1,0.01369863,29,0,0.0,0,0.0
420,0,2,0,1,363.158,North,87075136,71.61,7089.643002,102,1,0.009803922,76,1,0.013157895,26,0,0.0,0,0.0
421,3,12,2,9,279.841,North,7184250,79.6804878,4591.695619,102,9,0.088235294,64,3,0.046875,38,5,0.131578947,1,0.009803922
422,0,0,2,2,242.054,North,11045011,80.63414634,4570.22862,102,2,0.019607843,65,1,0.015384615,37,1,0.027027027,0,0.0
423,9,4,2,7,695.601,North,8373338,83.60243902,4591.695619,102,7,0.068627451,57,3,0.052631579,45,4,0.088888889,0,0.0
424,0,2,2,3,62.05795503,North,4140099,76.22439024,4905.527072,103,3,0.029126214,84,2,0.023809524,19,1,0.052631579,0,0.0
425,3,4,7,10,196.272,North,10566332,79.02682927,4632.77991,104,10,0.096153846,62,6,0.096774194,42,3,0.071428571,1,0.009615385
426,9,2,4,8,53.64520242,North,4779535,73.44,4940.610108,105,8,0.076190476,99,5,0.050505051,6,1,0.166666667,2,0.019047619
427,6,8,1,7,170.636,North,20058035,74.41219512,4620.226079,105,7,0.066666667,55,2,0.036363636,50,5,0.1,0,0.0
428,6,0,2,4,235.025,South,120694012,62.63,6524.317219,106,4,0.037735849,91,2,0.021978022,15,0,0.0,0,0.0
429,9,6,1,7,27.81760574,North,12729721,73.61268293,4712.2653,107,7,0.065420561,82,5,0.06097561,25,2,0.08,0,0.0
430,3,0,1,2,122.63,North,10063945,75.26097561,4772.6015,107,2,0.018691589,83,1,0.012048193,24,1,0.041666667,0,0.0
431,9,2,2,6,56.58081962,North,4267558,76.92439024,4571.386285,107,6,0.056074766,64,4,0.0625,43,2,0.046511628,0,0.0
432,6,4,2,6,475.74,North,11331422,81.43902439,4675.567093,107,6,0.056074766,72,4,0.055555556,35,2,0.057142857,0,0.0
433,0,4,3,5,109.169,North,13774037,74.64707317,4712.2653,108,5,0.046296296,72,2,0.027777778,36,2,0.055555556,1,0.009259259
434,3,6,1,5,29.16995301,North,5388720,73.05121951,4608.349577,108,5,0.046296296,81,3,0.037037037,27,2,0.074074074,0,0.0
435,24,10,6,19,74.97266906,North,21451748,71.56097561,4620.226079,108,19,0.175925926,50,7,0.14,58,12,0.206896552,0,0.0
436,0,0,1,1,315.953,North,27635827,73.071,6249.581149,108,1,0.009259259,57,0,0.0,51,1,0.019607843,0,0.0
437,0,6,1,4,782.241,North,104514934,75.243,7089.643002,109,4,0.036697248,59,1,0.016949153,50,3,0.06,0,0.0
438,15,6,7,15,73.141,North,11257112,78.446,6467.743547,109,15,0.137614679,65,11,0.169230769,44,4,0.090909091,0,0.0
439,0,6,1,4,279.117,North,86422240,70.736,4721.534724,109,4,0.036697248,75,3,0.04,34,1,0.029411765,0,0.0
440,0,2,2,3,22.05961248,North,7544201,70.46341463,4604.985842,111,3,0.027027027,97,1,0.010309278,14,1,0.071428571,1,0.009009009
441,9,14,5,15,12.29422147,North,8362826,70.89731707,4584.094277,111,15,0.135135135,75,11,0.146666667,36,4,0.111111111,0,0.0
442,6,2,1,4,17.35861085,North,3933004,74.34463415,4905.527072,112,4,0.035714286,101,4,0.03960396,11,0,0.0,0,0.0
443,3,2,1,3,880.556,North,74651046,75.373,4669.026362,112,3,0.026785714,48,2,0.041666667,64,1,0.015625,0,0.0
444,0,2,1,2,2294.8,North,1324517250,68.897,5416.461758,112,2,0.017857143,61,0,0.0,51,2,0.039215686,0,0.0
445,0,4,0,2,118.507,North,36137812,73.64268293,4676.218313,113,2,0.017699115,103,1,0.009708738,10,0,0.0,0,0.0
446,9,2,7,11,207.999,North,16792090,69.52,5407.725041,113,11,0.097345133,73,7,0.095890411,40,4,0.1,0,0.0
447,0,2,0,1,33.97118899,North,47968643,61.091,4721.534724,114,1,0.00877193,108,1,0.009259259,6,0,0.0,0,0.0
448,3,8,3,8,43.151647,North,15012984,66.06,5407.725041,114,8,0.070175439,71,8,0.112676056,43,0,0.0,0,0.0
449,0,2,2,3,496.181,North,11106932,80.38536585,4675.567093,114,3,0.026315789,71,1,0.014084507,43,2,0.046511628,0,0.0
450,3,4,1,4,49.3775229,North,19325000,71.77634146,6264.481855,115,4,0.034782609,95,4,0.042105263,20,0,0.0,0,0.0
451,12,6,0,7,340.471,North,7071850,78.89609756,4591.695619,115,7,0.060869565,72,5,0.069444444,43,1,0.023255814,1,0.008695652
452,12,6,4,11,67.38778863,North,10315241,73.71463415,4632.77991,115,11,0.095652174,76,7,0.092105263,39,4,0.102564103,0,0.0
453,12,4,1,7,385.118,North,8993531,80.49756098,4888.823928,115,7,0.060869565,62,4,0.064516129,53,2,0.037735849,1,0.008695652
454,12,2,0,5,89.36207167,North,8222286,74.96926829,4888.823928,116,5,0.043103448,99,3,0.03030303,17,1,0.058823529,1,0.00862069
455,15,4,4,11,91.37,North,11335108,78.607,6467.743547,117,11,0.094017094,83,9,0.108433735,34,2,0.058823529,0,0.0
456,0,2,1,2,126.207,South,31668939,71.186,7691.760326,118,2,0.016949153,93,1,0.010752688,25,1,0.04,0,0.0
457,9,2,1,5,54.70655726,North,13328593,73.72707317,4712.2653,119,5,0.042016807,90,4,0.044444444,29,1,0.034482759,0,0.0
458,3,2,4,6,152.916,North,5171370,75.19414634,4769.836091,119,6,0.050420168,86,4,0.046511628,33,0,0.0,0,0.0
459,12,2,1,6,187.632,North,5263074,75.59146341,4769.836091,119,6,0.050420168,54,3,0.055555556,65,3,0.046153846,0,0.0
460,6,6,3,8,61.8281665,North,10255063,74.96829268,4632.77991,119,8,0.067226891,86,7,0.081395349,33,1,0.03030303,0,0.0
461,6,4,5,9,149.776,South,14692000,74.33365854,8930.279555,120,9,0.075,92,7,0.076086957,28,2,0.071428571,0,0.0
462,6,8,3,9,327.149,North,5591572,80.05121951,4769.836091,120,9,0.075,70,7,0.1,50,1,0.02,1,0.008333333
463,3,8,4,9,47.72265782,North,9501534,73.82682927,4770.616006,120,9,0.075,53,5,0.094339623,67,4,0.059701493,0,0.0
464,18,10,3,14,701.288,North,55161510,74.05121951,4657.586983,121,14,0.115702479,98,12,0.12244898,23,2,0.086956522,0,0.0
465,12,8,0,8,145.862,North,10608800,77.68536585,4570.22862,121,8,0.066115702,87,7,0.08045977,34,1,0.029411765,0,0.0
466,0,0,3,3,332.442,North,94447071,71.482,4721.534724,121,3,0.024793388,84,1,0.011904762,37,2,0.054054054,0,0.0
467,0,0,1,1,59.13241522,North,34604469,72.81804878,4676.218313,123,1,0.008130081,118,1,0.008474576,5,0,0.0,0,0.0
468,0,8,1,5,517.706,North,9219637,81.1,4888.823928,123,5,0.040650407,50,3,0.06,73,1,0.01369863,1,0.008130081
469,0,6,2,5,1078.49,North,123333379,74.917,7089.643002,123,5,0.040650407,79,3,0.037974684,44,2,0.045454545,0,0.0
470,6,8,4,10,18.69938073,North,12127120,73.70414634,4712.2653,125,10,0.08,105,7,0.066666667,20,3,0.15,0,0.0
471,3,0,0,1,23.23237995,North,4991596,73.43902439,4769.836091,126,1,0.007936508,114,1,0.00877193,12,0,0.0,0,0.0
472,6,12,7,15,313.116,North,5728010,80.85365854,4769.836091,126,15,0.119047619,83,7,0.084337349,43,8,0.186046512,0,0.0
473,0,4,3,5,136.362,South,44967713,56.048,6388.892675,127,5,0.039370079,89,3,0.033707865,38,2,0.052631579,0,0.0
474,15,14,5,17,32.66547206,South,12009000,70.91902439,8930.279555,128,17,0.1328125,104,9,0.086538462,24,7,0.291666667,1,0.0078125
475,0,8,4,8,109.547,North,6441865,76.60853659,4591.695619,129,8,0.062015504,102,5,0.049019608,27,0,0.0,0,0.0
476,24,2,2,11,21.66597532,South,3227100,74.37073171,10162.12167,130,11,0.084615385,98,8,0.081632653,32,0,0.0,0,0.0
477,9,8,0,7,18.29199491,North,14883626,65.45,5407.725041,130,7,0.053846154,86,6,0.069767442,44,1,0.022727273,0,0.0
478,6,6,4,9,133.442,North,15776938,67.11,5407.725041,130,9,0.069230769,60,6,0.1,70,3,0.042857143,0,0.0
479,12,12,6,16,48.95414581,North,8122300,74.71804878,4888.823928,131,16,0.122137405,104,9,0.086538462,27,2,0.074074074,5,0.038167939
480,6,0,4,6,361.558,South,40080159,74.952,7691.760326,132,6,0.045454545,79,3,0.037974684,53,2,0.037735849,1,0.007575758
481,12,6,4,11,208.858,North,10510785,78.07560976,4632.77991,133,11,0.082706767,68,6,0.088235294,65,5,0.076923077,0,0.0
482,3,8,3,8,552.484,North,9519374,81.70487805,4888.823928,133,8,0.060150376,55,6,0.109090909,78,1,0.012820513,1,0.007518797
483,3,8,5,10,41.64982986,South,3531700,76.12439024,10162.12167,134,10,0.074626866,92,4,0.043478261,42,3,0.071428571,3,0.02238806
484,9,6,1,7,236.816,North,10384603,76.97560976,4632.77991,134,7,0.052238806,75,4,0.053333333,59,3,0.050847458,0,0.0
485,0,2,0,1,286.77,South,49779472,55.36,6388.892675,134,1,0.007462687,75,1,0.013333333,59,0,0.0,0,0.0
486,15,4,6,13,143.913,North,14424211,76.23317073,4712.2653,136,13,0.095588235,82,2,0.024390244,54,11,0.203703704,0,0.0
487,9,2,4,8,8.135150892,North,9025347,70.787,6467.743547,137,8,0.058394161,109,6,0.055045872,28,2,0.071428571,0,0.0
488,3,2,2,4,545.982,South,41733271,75.598,7691.760326,137,4,0.02919708,97,3,0.030927835,40,1,0.025,0,0.0
489,3,16,6,15,94.00785105,North,49230585,70.66341463,4657.586983,138,15,0.108695652,118,11,0.093220339,20,2,0.1,2,0.014492754
490,9,14,6,16,10.35051546,North,8540164,71.49439024,4584.094277,138,16,0.115942029,87,11,0.126436782,51,5,0.098039216,0,0.0
491,3,6,1,5,71.82981052,North,20744000,72.35341463,6264.481855,139,5,0.035971223,111,1,0.009009009,28,3,0.107142857,1,0.007194245
492,9,6,11,17,12.73891213,North,9979610,68.91219512,4770.616006,139,17,0.122302158,72,9,0.125,67,8,0.119402985,0,0.0
493,12,12,3,13,130.134,North,10805808,77.88780488,4570.22862,140,13,0.092857143,82,8,0.097560976,58,5,0.086206897,0,0.0
494,3,6,5,9,119.814,North,10197101,75.72195122,4632.77991,142,9,0.063380282,80,5,0.0625,62,4,0.064516129,0,0.0
495,0,4,2,4,284.204,South,36870796,73.576,7691.760326,143,4,0.027972028,98,2,0.020408163,45,2,0.044444444,0,0.0
496,9,4,3,8,282.825,North,48175048,76.732,6596.774323,143,8,0.055944056,73,4,0.054794521,70,4,0.057142857,0,0.0
497,9,6,6,12,142.092,North,8310531,75.74097561,4888.823928,145,12,0.082758621,122,8,0.06557377,23,1,0.043478261,3,0.020689655
498,33,12,9,26,37.25325902,North,22442971,71.16341463,4620.226079,145,26,0.179310345,71,7,0.098591549,74,19,0.256756757,0,0.0
499,3,10,2,8,209.024,South,132383569,64.039,6524.317219,147,8,0.054421769,126,7,0.055555556,21,0,0.0,0,0.0
500,6,4,5,9,261.911,North,14760094,76.8902439,4712.2653,147,9,0.06122449,93,5,0.053763441,54,4,0.074074074,0,0.0
501,3,0,3,4,52.62328196,South,3857700,78.63658537,10162.12167,147,4,0.027210884,77,2,0.025974026,70,1,0.014285714,1,0.006802721
502,9,4,0,5,103.905,South,4087500,79.54878049,10162.12167,148,5,0.033783784,81,3,0.037037037,67,2,0.029850746,0,0.0
503,12,10,3,12,262.835,North,8872109,79.64390244,4888.823928,150,12,0.08,98,7,0.071428571,52,5,0.096153846,0,0.0
504,6,12,3,11,515.655,North,9923085,82.30731707,4888.823928,150,11,0.073333333,64,2,0.03125,86,8,0.093023256,1,0.006666667
505,6,10,6,13,23.14435185,North,9730146,68.95609756,4770.616006,151,13,0.086092715,82,7,0.085365854,69,6,0.086956522,0,0.0
506,27,14,11,27,38.203,North,11250369,77.499,6467.743547,151,27,0.178807947,97,16,0.164948454,54,11,0.203703704,0,0.0
507,6,0,4,6,164.658,South,38491970,74.28,7691.760326,152,6,0.039473684,106,2,0.018867925,46,3,0.065217391,1,0.006578947
508,0,4,1,3,354.461,North,11077841,79.93902439,4570.22862,152,3,0.019736842,82,2,0.024390244,70,1,0.014285714,0,0.0
509,24,8,6,18,128.475,North,9920362,75.06341463,4606.226091,152,18,0.118421053,93,12,0.129032258,59,6,0.101694915,0,0.0
510,0,4,1,3,3.458939358,North,27984155,57.44092683,6422.407919,154,3,0.019480519,128,3,0.0234375,26,0,0.0,0,0.0
511,24,6,4,15,128.471,North,9814023,76.06341463,4606.226091,154,15,0.097402597,88,5,0.056818182,66,10,0.151515152,0,0.0
512,3,6,2,6,232.767,North,37491165,75.34926829,4676.218313,155,6,0.038709677,146,5,0.034246575,9,0,0.0,0,0.0
513,18,8,3,13,13.7895799,North,9554186,72.543,6467.743547,156,13,0.083333333,132,13,0.098484848,24,0,0.0,0,0.0
514,3,12,8,15,14.75684615,North,10160000,68.51219512,4770.616006,157,15,0.095541401,91,11,0.120879121,66,4,0.060606061,0,0.0
515,9,20,17,30,60.8063,North,11236975,78.15,6467.743547,158,30,0.189873418,102,20,0.196078431,56,10,0.178571429,0,0.0
516,24,6,4,15,477.257,North,56433883,73.94317073,4550.870026,159,15,0.094339623,121,10,0.082644628,38,1,0.026315789,4,0.025157233
517,3,4,3,6,330.397,South,143627505,65.553,6524.317219,160,6,0.0375,127,4,0.031496063,33,0,0.0,0,0.0
518,6,10,3,10,65.68510256,North,9464495,71.96585366,4770.616006,160,10,0.0625,89,3,0.033707865,71,6,0.084507042,1,0.00625
519,27,16,8,25,25.0173687,North,10939285,75.686,6467.743547,164,25,0.152439024,111,18,0.162162162,53,7,0.132075472,0,0.0
520,21,10,5,17,160.193,North,38624370,72.24634146,4703.42606,165,17,0.103030303,126,13,0.103174603,39,4,0.102564103,0,0.0
521,12,14,9,20,36.93707428,North,22619004,69.10487805,4620.226079,165,20,0.121212121,98,7,0.071428571,67,13,0.194029851,0,0.0
522,9,8,9,16,87.94223168,North,53235750,70.78,4550.870026,167,16,0.095808383,152,13,0.085526316,15,0,0.0,0,0.0
523,30,20,7,27,63.17541702,North,51675350,70.31170732,4550.870026,168,27,0.160714286,157,23,0.146496815,11,1,0.090909091,3,0.017857143
524,24,14,2,17,51.96728972,South,13177000,71.45756098,8930.279555,168,17,0.101190476,139,5,0.035971223,29,10,0.344827586,2,0.011904762
525,33,14,7,25,146.601,North,101011000,71.61121951,6878.392656,171,25,0.14619883,146,24,0.164383562,25,1,0.04,0,0.0
526,9,10,2,10,158.136,North,10038188,73.70243902,4606.226091,171,10,0.058479532,88,7,0.079545455,83,3,0.036144578,0,0.0
527,30,24,13,35,22.55594118,North,8981446,71.60439024,4584.094277,172,35,0.203488372,104,19,0.182692308,68,16,0.235294118,0,0.0
528,12,12,8,18,25.12166667,North,22794284,69.78439024,4620.226079,173,18,0.104046243,105,7,0.066666667,68,11,0.161764706,0,0.0
529,18,12,8,20,838.971,North,16754962,81.10487805,4712.2653,173,20,0.115606936,94,5,0.053191489,79,11,0.139240506,4,0.023121387
530,0,2,0,1,45.2,North,54689944,62.327,7089.643002,174,1,0.005747126,152,1,0.006578947,22,0,0.0,0,0.0
531,6,22,6,19,109.201,North,8336605,76.81585366,4888.823928,174,19,0.109195402,131,15,0.114503817,43,3,0.069767442,1,0.005747126
532,18,12,7,19,97.51023599,North,40405956,68.19512195,6422.407919,175,19,0.108571429,116,15,0.129310345,59,4,0.06779661,0,0.0
533,42,12,11,31,22.08585824,North,10736386,74.801,6467.743547,176,31,0.176136364,126,23,0.182539683,50,8,0.16,0,0.0
534,6,8,2,8,291.744,North,8840998,78.95902439,4888.823928,177,8,0.04519774,111,4,0.036036036,66,3,0.045454545,1,0.005649718
535,9,8,7,14,60.76348315,North,9527985,70.45609756,4770.616006,177,14,0.079096045,93,9,0.096774194,84,5,0.05952381,0,0.0
536,24,12,3,17,47.21840589,North,10210971,71.24634146,4606.226091,178,17,0.095505618,109,10,0.091743119,69,7,0.101449275,0,0.0
537,9,4,4,9,133.131,South,4259800,80.35121951,10162.12167,178,9,0.050561798,96,7,0.072916667,82,2,0.024390244,0,0.0
538,18,4,5,13,176.207,South,4408100,81.15609756,10162.12167,178,13,0.073033708,96,7,0.072916667,82,5,0.06097561,1,0.005617978
539,3,4,2,5,172.103,North,38330364,76.29536585,4676.218313,179,5,0.027932961,163,4,0.024539877,16,0,0.0,0,0.0
540,0,4,1,3,272.15,South,35246376,72.843,7691.760326,179,3,0.016759777,132,3,0.022727273,47,0,0.0,0,0.0
541,0,2,4,5,104.921,South,14033000,73.01463415,8930.279555,180,5,0.027777778,146,2,0.01369863,34,0,0.0,0,0.0
542,6,2,0,3,400.599,South,154259382,67.141,6524.317219,182,3,0.016483516,132,3,0.022727273,50,0,0.0,0,0.0
543,39,16,8,29,318.031,North,107188000,73.50658537,6878.392656,184,29,0.157608696,148,27,0.182432432,36,2,0.055555556,0,0.0
544,0,8,7,11,206.987,North,8436489,76.97926829,4888.823928,185,11,0.059459459,148,10,0.067567568,37,1,0.027027027,0,0.0
545,3,14,4,12,284.321,North,8668067,77.99878049,4888.823928,187,12,0.064171123,143,10,0.06993007,44,2,0.045454545,0,0.0
546,18,10,3,14,172.219,North,38258629,73.74878049,4703.42606,187,14,0.07486631,129,9,0.069767442,58,5,0.086206897,0,0.0
547,9,4,5,10,255.11,North,38182222,74.84634146,4703.42606,194,10,0.051546392,132,3,0.022727273,62,7,0.112903226,0,0.0
548,12,18,5,18,188.943,South,4714100,81.61243902,10162.12167,195,18,0.092307692,98,7,0.071428571,97,11,0.113402062,0,0.0
549,0,12,6,12,655.421,South,174790339,70.116,6524.317219,198,12,0.060606061,106,5,0.047169811,92,4,0.043478261,3,0.015151515
550,21,6,5,15,129.785,North,51175507,71.3097561,4657.586983,200,15,0.075,169,12,0.071005917,31,1,0.032258065,2,0.01
551,6,12,7,15,362.963,North,15184166,77.21707317,4712.2653,201,15,0.074626866,117,7,0.05982906,84,5,0.05952381,3,0.014925373
552,9,12,10,19,94.33705069,North,38363667,71.0902439,4703.42606,201,19,0.094527363,149,17,0.11409396,52,2,0.038461538,0,0.0
553,12,24,2,18,94.40755835,North,54000000,71.62439024,4727.145661,204,18,0.088235294,160,11,0.06875,44,5,0.113636364,2,0.009803922
554,6,10,4,11,93.35599363,North,45004673,71.47634146,4731.877346,204,11,0.053921569,87,8,0.091954023,117,3,0.025641026,0,0.0
555,6,6,4,9,372.319,North,54220033,73.10243902,4657.586983,206,9,0.04368932,177,7,0.039548023,29,1,0.034482759,1,0.004854369
556,27,6,9,21,1500.11,North,51217803,82.27560976,6422.407919,207,21,0.101449275,103,12,0.116504854,104,9,0.086538462,0,0.0
557,0,4,3,5,113.083,North,22218463,72.93390244,6264.481855,208,5,0.024038462,158,2,0.012658228,50,2,0.04,1,0.004807692
558,24,14,5,20,19.91288986,North,9849457,73.794,6467.743547,208,20,0.096153846,175,18,0.102857143,33,1,0.03030303,1,0.004807692
559,12,4,1,7,34.80501323,North,10319123,72.27170732,4632.77991,208,7,0.033653846,146,6,0.04109589,62,0,0.0,0,0.0
560,24,12,3,17,103.96,North,10107146,72.64878049,4606.226091,209,17,0.081339713,119,10,0.084033613,90,7,0.077777778,0,0.0
561,6,14,4,13,224.717,North,55718260,72.99195122,4550.870026,210,13,0.061904762,183,9,0.049180328,27,2,0.074074074,2,0.00952381
562,12,18,9,22,657.172,North,16281779,79.09512195,4712.2653,210,22,0.104761905,134,9,0.067164179,76,12,0.157894737,1,0.004761905
563,9,4,6,11,498.524,North,38063164,76.74634146,4703.42606,210,11,0.052380952,124,6,0.048387097,86,5,0.058139535,0,0.0
564,27,12,10,25,586.162,North,112775000,75.45682927,6878.392656,213,25,0.117370892,153,24,0.156862745,60,1,0.016666667,0,0.0
565,21,8,10,21,46.65875515,North,10311238,70.32878049,4606.226091,213,21,0.098591549,147,15,0.102040816,66,6,0.090909091,0,0.0
566,9,2,0,4,557.531,South,43590368,76.221,7691.760326,215,4,0.018604651,140,2,0.014285714,75,1,0.013333333,1,0.004651163
567,33,24,7,30,38.73058592,North,10369341,69.11707317,4606.226091,217,30,0.138248848,159,21,0.132075472,58,9,0.155172414,0,0.0
568,15,14,9,21,564.948,North,56314216,73.67560976,4727.145661,219,21,0.095890411,149,17,0.11409396,70,4,0.057142857,0,0.0
569,9,6,9,15,850.426,South,164614682,68.695,6524.317219,221,15,0.067873303,156,7,0.044871795,65,4,0.061538462,4,0.018099548
570,15,6,10,18,145.26,North,54381345,72.07536585,4550.870026,224,18,0.080357143,197,8,0.040609137,27,5,0.185185185,5,0.022321429
571,15,10,3,13,107.76,North,55211700,71.72439024,4727.145661,225,13,0.057777778,175,4,0.022857143,50,2,0.04,7,0.031111111
572,30,16,14,32,1318.38,North,120083000,77.36536585,6878.392656,226,32,0.14159292,174,29,0.166666667,52,3,0.057692308,0,0.0
573,36,10,12,29,355.525,North,43747962,72.49756098,6422.407919,226,29,0.128318584,154,18,0.116883117,72,11,0.152777778,0,0.0
574,6,8,7,13,203.494,North,52793151,72.10731707,4657.586983,227,13,0.057268722,197,10,0.050761421,30,0,0.0,0,0.0
575,3,2,2,4,376.16,North,38766939,76.74707317,4676.218313,229,4,0.017467249,200,2,0.01,29,0,0.0,0,0.0
576,33,22,7,29,30.5654,North,11126423,76.699,6467.743547,229,29,0.126637555,147,22,0.149659864,82,7,0.085365854,0,0.0
577,9,20,10,23,31.26171832,North,49176500,67.67560976,4731.877346,230,23,0.1,139,14,0.100719424,91,9,0.098901099,0,0.0
578,15,8,10,19,175.781,North,45593342,70.94414634,4731.877346,230,19,0.082608696,119,8,0.067226891,111,11,0.099099099,0,0.0
579,27,4,12,23,44.55807685,North,51057800,67.02243902,4731.877346,231,23,0.0995671,146,13,0.089041096,85,10,0.117647059,0,0.0
580,36,18,4,25,416.443,North,15925513,77.98780488,4712.2653,231,25,0.108225108,147,8,0.054421769,84,13,0.154761905,4,0.017316017
581,6,6,6,11,472.63,North,37970087,77.85121951,4703.42606,234,11,0.047008547,139,3,0.021582734,95,8,0.084210526,0,0.0
582,21,10,4,16,947.998,North,16445593,80.25121951,4712.2653,237,16,0.067510549,139,3,0.021582734,98,11,0.112244898,2,0.008438819
583,24,14,4,19,783.528,North,17030314,81.56097561,4712.2653,237,19,0.080168776,105,7,0.066666667,132,12,0.090909091,0,0.0
584,15,14,16,28,530.684,North,56337675,75.0,4657.586983,238,28,0.117647059,189,24,0.126984127,49,3,0.06122449,1,0.004201681
585,12,10,10,19,450.49,North,15530498,77.43560976,4712.2653,239,19,0.079497908,137,7,0.051094891,102,9,0.088235294,3,0.012552301
586,24,10,9,22,64.81970295,North,47451626,68.18536585,4731.877346,239,22,0.092050209,124,9,0.072580645,115,12,0.104347826,1,0.0041841
587,9,10,5,13,232.615,North,56211968,72.77560976,4727.145661,242,13,0.053719008,176,11,0.0625,66,0,0.0,0,0.0
588,12,16,12,24,193.242,South,15544000,75.38780488,8930.279555,242,24,0.099173554,169,16,0.094674556,73,7,0.095890411,1,0.004132231
589,18,4,10,18,23.76413932,South,11167000,70.88097561,8930.279555,243,18,0.074074074,203,10,0.049261084,40,7,0.175,1,0.004115226
590,15,4,3,10,669.317,South,184006479,71.531,6524.317219,243,10,0.041152263,124,6,0.048387097,119,2,0.016806723,2,0.008230453
591,21,8,11,22,179.817,North,46258189,68.25146341,4731.877346,243,22,0.090534979,127,13,0.102362205,116,9,0.077586207,0,0.0
592,48,44,16,54,426.916,North,1164970000,69.355,6152.34114,244,54,0.221311475,117,19,0.162393162,127,34,0.267716535,1,0.004098361
593,9,10,9,17,2465.19,South,199287292,74.209,6524.317219,248,17,0.068548387,131,11,0.083969466,117,6,0.051282051,0,0.0
594,39,18,8,30,1278.43,North,50199853,80.8195122,6422.407919,250,30,0.12,135,22,0.162962963,115,8,0.069565217,0,0.0
595,9,12,5,14,235.658,South,16532200,76.43268293,8930.279555,252,14,0.055555556,180,9,0.05,72,5,0.069444444,0,0.0
596,18,8,4,14,891.609,North,56629288,76.37073171,4550.870026,253,14,0.055335968,212,13,0.061320755,41,1,0.024390244,0,0.0
597,12,6,7,14,3071.68,North,122578000,78.39926829,6878.392656,255,14,0.054901961,186,11,0.059139785,69,3,0.043478261,0,0.0
598,9,16,11,22,3908.81,North,124425000,79.15390244,6878.392656,256,22,0.0859375,175,12,0.068571429,81,9,0.111111111,1,0.00390625
599,12,10,2,11,533.609,North,38125759,75.54390244,4703.42606,257,11,0.042801556,156,8,0.051282051,101,3,0.02970297,0,0.0
600,9,12,3,12,1026.69,North,31940655,79.89268293,6264.481855,262,12,0.045801527,130,6,0.046153846,132,6,0.045454545,0,0.0
601,27,18,12,30,2412.05,North,59987905,78.74634146,4727.145661,264,30,0.113636364,161,15,0.093167702,103,10,0.097087379,5,0.018939394
602,27,24,9,30,793.175,North,48082519,77.66585366,6422.407919,264,30,0.113636364,145,18,0.124137931,119,12,0.100840336,0,0.0
603,39,22,8,32,1047.34,North,49054708,79.51707317,6422.407919,265,32,0.120754717,159,18,0.113207547,106,13,0.122641509,1,0.003773585
604,18,8,6,16,1018.85,North,57627106,76.1,4657.586983,266,16,0.060150376,192,11,0.057291667,74,1,0.013513514,4,0.015037594
605,15,16,5,18,4887.52,North,126843000,81.07609756,6878.392656,266,18,0.067669173,156,5,0.032051282,110,13,0.118181818,0,0.0
606,45,16,9,32,259.947,North,1036825000,68.231,6152.34114,267,32,0.119850187,182,22,0.120879121,85,10,0.117647059,0,0.0
607,42,12,12,32,437.888,North,56576718,75.3895122,4550.870026,268,32,0.119402985,222,25,0.112612613,46,4,0.086956522,3,0.01119403
608,9,8,10,17,1695.82,South,192030362,72.966,6524.317219,268,17,0.063432836,139,10,0.071942446,129,7,0.054263566,0,0.0
609,24,32,17,41,19.83923077,North,8861535,71.15756098,4584.094277,271,41,0.151291513,183,31,0.169398907,88,7,0.079545455,3,0.011070111
610,6,10,11,18,1828.37,North,34714222,81.64878049,6264.481855,273,18,0.065934066,119,9,0.075630252,154,9,0.058441558,0,0.0
611,9,6,3,9,29.36,North,48431971,60.536,7089.643002,275,9,0.032727273,233,7,0.030042918,42,2,0.047619048,0,0.0
612,12,20,4,18,1324.82,North,46773055,82.42682927,4676.218313,278,18,0.064748201,168,6,0.035714286,110,12,0.109090909,0,0.0
613,21,18,11,27,324.884,South,17495000,77.37804878,8930.279555,279,27,0.096774194,187,14,0.07486631,92,10,0.108695652,3,0.010752688
614,24,20,10,28,576.178,North,47008111,75.9097561,6422.407919,281,28,0.099644128,175,17,0.097142857,106,11,0.103773585,0,0.0
615,24,18,11,28,2087.08,North,59539717,82.23902439,4550.870026,281,28,0.099644128,158,20,0.126582278,123,8,0.06504065,0,0.0
616,15,22,3,19,1625.22,North,45954106,81.17560976,4676.218313,283,19,0.067137809,163,12,0.073619632,120,5,0.041666667,2,0.007067138
617,12,10,9,18,169.965,North,56086065,72.12439024,4727.145661,284,18,0.063380282,210,11,0.052380952,74,1,0.013513514,6,0.021126761
618,57,34,20,56,1276.79,North,144342397,71.65121951,4889.668522,284,56,0.197183099,142,27,0.190140845,142,29,0.204225352,0,0.0
619,15,12,6,17,642.589,North,39889852,78.1204878,4676.218313,289,17,0.058823529,194,10,0.051546392,95,6,0.063157895,1,0.003460208
620,15,22,12,28,312.354,North,1101630000,68.954,6152.34114,290,28,0.096551724,165,13,0.078787879,125,15,0.12,0,0.0
621,21,28,17,38,6203.21,North,127629000,83.09609756,6878.392656,291,38,0.130584192,136,21,0.154411765,155,17,0.109677419,0,0.0
622,9,6,8,14,744.773,North,30685730,79.13658537,6264.481855,294,14,0.047619048,150,7,0.046666667,144,7,0.048611111,0,0.0
623,21,8,7,18,592.388,North,28371264,77.72439024,6264.481855,295,18,0.061016949,179,10,0.055865922,116,7,0.060344828,1,0.003389831
624,45,14,15,37,1605.68,North,59753095,77.95365854,4657.586983,299,37,0.123745819,197,21,0.106598985,102,15,0.147058824,1,0.003344482
625,3,16,6,15,1415.39,North,58166950,77.08780488,4727.145661,300,15,0.05,184,13,0.070652174,116,1,0.00862069,1,0.003333333
626,9,22,8,22,628.546,North,29610218,78.1804878,6264.481855,303,22,0.072607261,152,11,0.072368421,151,11,0.072847682,0,0.0
627,21,30,5,27,610.17,North,45524681,74.15121951,6422.407919,303,27,0.089108911,190,14,0.073684211,113,11,0.097345133,2,0.00660066
628,18,10,8,19,1320.16,North,56797087,77.4195122,4550.870026,304,19,0.0625,228,14,0.061403509,76,3,0.039473684,2,0.006578947
629,57,26,19,51,2921.43,North,61806995,79.6,4727.145661,304,51,0.167763158,163,27,0.165644172,141,21,0.14893617,3,0.009868421
630,9,12,5,14,4833.71,North,125757000,80.2002439,6878.392656,306,14,0.045751634,157,7,0.044585987,149,7,0.046979866,0,0.0
631,48,18,12,37,4815.15,North,127761000,82.0302439,6878.392656,306,37,0.120915033,139,20,0.143884892,167,17,0.101796407,0,0.0
632,21,8,6,17,1232.08,North,46484062,83.32926829,4676.218313,307,17,0.055374593,164,8,0.048780488,143,9,0.062937063,0,0.0
633,33,18,13,33,2115.74,North,62704901,80.16341463,4657.586983,308,33,0.107142857,195,16,0.082051282,113,16,0.14159292,1,0.003246753
634,21,32,20,43,2918.38,North,64374979,81.21463415,4657.586983,309,43,0.139158576,188,34,0.180851064,121,8,0.066115702,1,0.003236246
635,24,24,8,28,1875.8,North,60627498,83.24390244,4550.870026,309,28,0.090614887,168,18,0.107142857,141,10,0.070921986,0,0.0
636,33,20,7,28,1658.19,North,58892514,77.74146341,4727.145661,310,28,0.090322581,181,14,0.077348066,129,9,0.069767442,5,0.016129032
637,12,6,15,22,1527.99,North,36109487,81.9,6264.481855,310,22,0.070967742,127,5,0.039370079,183,16,0.087431694,1,0.003225806
638,48,44,12,50,863.747,North,1217550000,70.14,6152.34114,315,50,0.158730159,127,21,0.165354331,188,28,0.14893617,1,0.003174603
639,9,22,6,20,1067.09,North,42921895,79.87073171,4676.218313,316,20,0.063291139,177,13,0.073446328,139,4,0.028776978,3,0.009493671
640,84,32,14,58,1211.35,North,1262645000,71.397,6152.34114,321,58,0.180685358,134,23,0.171641791,187,34,0.181818182,1,0.003115265
641,9,6,5,11,596.878,North,40567864,78.96585366,4676.218313,321,11,0.034267913,216,7,0.032407407,105,4,0.038095238,0,0.0
642,33,22,13,35,2683.83,North,65659814,81.96829268,4657.586983,324,35,0.108024691,182,20,0.10989011,142,15,0.105633803,0,0.0
643,48,10,8,29,81.74900638,North,96903000,70.13243902,6878.392656,328,29,0.088414634,270,27,0.1,58,2,0.034482759,0,0.0
644,9,4,5,10,507.354,North,26791747,76.9195122,6264.481855,328,10,0.030487805,223,5,0.022421525,105,3,0.028571429,2,0.006097561
645,9,18,8,20,1552.99,North,33247118,80.69512195,6264.481855,332,20,0.060240964,186,10,0.053763441,146,8,0.054794521,2,0.006024096
646,27,16,8,25,5037.91,North,128063000,82.58756098,6878.392656,332,25,0.075301205,167,13,0.077844311,165,12,0.072727273,0,0.0
647,24,18,10,27,2398.86,North,58826731,81.48536585,4550.870026,333,27,0.081081081,203,16,0.078817734,130,11,0.084615385,0,0.0
648,36,16,21,41,4922.54,North,126994511,83.98487805,6878.392656,335,41,0.12238806,171,23,0.134502924,164,18,0.109756098,0,0.0
649,39,28,11,38,1362.25,North,60912500,79.05609756,4657.586983,336,38,0.113095238,211,26,0.123222749,125,12,0.096,0,0.0
650,15,22,21,37,461.487,North,56422072,74.77804878,4727.145661,337,37,0.109792285,229,23,0.100436681,108,10,0.092592593,4,0.011869436
651,24,10,16,29,1401.47,North,58851216,77.1,4657.586983,339,29,0.085545723,241,20,0.082987552,98,7,0.071428571,2,0.005899705
652,39,20,12,35,1312.43,North,56860281,78.52195122,4550.870026,340,35,0.102941176,236,22,0.093220339,104,13,0.125,0,0.0
653,15,20,9,24,910.123,North,56928327,75.3804878,4727.145661,345,24,0.069565217,219,17,0.077625571,126,3,0.023809524,4,0.011594203
654,108,52,28,90,685.8,North,191889000,70.16585366,6262.408512,346,90,0.260115607,267,60,0.224719101,79,24,0.303797468,6,0.01734104
655,141,74,42,126,950.291,North,78288576,72.67790244,4684.012143,346,126,0.36416185,222,59,0.265765766,124,60,0.483870968,7,0.020231214
656,135,56,34,107,942.5,North,200706000,69.95121951,6262.408512,357,107,0.299719888,274,66,0.240875912,83,33,0.397590361,8,0.022408964
657,81,46,17,67,2693.25,North,65611593,81.15609756,4727.145661,360,67,0.186111111,201,40,0.199004975,159,24,0.150943396,3,0.008333333
658,39,16,13,34,1143.83,North,56942108,79.77804878,4550.870026,361,34,0.094182825,246,23,0.093495935,115,11,0.095652174,0,0.0
659,30,22,11,32,1803.23,North,57685327,80.7804878,4550.870026,364,32,0.087912088,229,23,0.100436681,135,9,0.066666667,0,0.0
660,15,6,12,20,1179.66,North,57580402,76.43414634,4727.145661,371,20,0.053908356,229,13,0.056768559,142,6,0.042253521,1,0.002695418
661,33,40,13,44,3527.34,North,80425823,80.53902439,4684.012143,383,44,0.114882507,212,27,0.127358491,171,13,0.076023392,4,0.010443864
662,0,10,6,11,206.576,North,23449808,73.85609756,6264.481855,385,11,0.028571429,261,3,0.011494253,124,7,0.056451613,1,0.002597403
663,51,38,23,59,725.111,North,77858685,73.78292683,4684.012143,390,59,0.151282051,267,36,0.134831461,123,18,0.146341463,5,0.012820513
664,78,42,16,63,391.725,North,148160129,65.85414634,4889.668522,390,63,0.161538462,232,44,0.189655172,158,18,0.113924051,1,0.002564103
665,30,36,14,42,2471.29,North,66724104,82.57317073,4657.586983,392,42,0.107142857,225,28,0.124444444,167,11,0.065868263,3,0.007653061
666,102,70,25,94,1873.41,North,218035000,72.85609756,6262.408512,396,94,0.237373737,278,67,0.241007194,118,17,0.144067797,10,0.025252525
667,99,62,30,94,1279.11,North,209896000,71.15609756,6262.408512,400,94,0.235,316,62,0.196202532,84,22,0.261904762,10,0.025
668,36,20,11,33,199.591,North,42031247,70.54878049,6422.407919,401,33,0.082294264,269,26,0.096654275,132,7,0.053030303,0,0.0
669,96,34,14,63,1955.35,North,1296075000,72.689,6152.34114,405,63,0.155555556,152,23,0.151315789,253,39,0.154150198,1,0.002469136
670,24,30,12,35,1546.15,South,22733465,82.04634146,8930.279555,405,35,0.086419753,221,15,0.067873303,184,20,0.108695652,0,0.0
671,30,36,16,44,355.373,North,25607053,76.21707317,6264.481855,408,44,0.107843137,257,25,0.097276265,151,16,0.105960265,3,0.007352941
672,114,62,22,91,8532.23,North,1350695000,75.013,6152.34114,411,91,0.221411192,181,36,0.198895028,230,53,0.230434783,2,0.00486618
673,27,18,23,41,400.303,South,18311000,78.07804878,8930.279555,417,41,0.098321343,250,21,0.084,167,17,0.101796407,3,0.007194245
674,51,20,15,42,3467.5,North,82348669,80.9902439,4684.012143,418,42,0.100478469,224,21,0.09375,194,15,0.077319588,6,0.014354067
675,48,22,14,41,3730.03,North,82110097,79.73658537,4684.012143,420,41,0.097619048,237,20,0.084388186,183,15,0.081967213,6,0.014285714
676,24,22,10,29,1208.85,South,24190907,82.44878049,8930.279555,420,29,0.069047619,208,15,0.072115385,212,12,0.056603774,2,0.004761905
677,39,14,2,22,630.916,North,39157685,77.41,4676.218313,422,22,0.052132701,297,13,0.043771044,125,8,0.064,1,0.002369668
678,39,34,26,56,1943.15,North,82211508,77.92682927,4684.012143,422,56,0.132701422,241,32,0.132780083,181,18,0.099447514,6,0.014218009
679,18,12,4,16,240.521,North,10955141,79.03902439,4570.22862,426,16,0.037558685,215,8,0.037209302,211,8,0.037914692,0,0.0
680,60,40,27,67,2208.3,North,143201721,70.07219512,4889.668522,429,67,0.156177156,203,33,0.162561576,226,34,0.150442478,0,0.0
681,42,30,17,46,1054.0,South,21249200,81.39512195,8930.279555,432,46,0.106481481,233,21,0.090128755,199,23,0.115577889,2,0.00462963
682,78,36,26,70,11233.3,North,1378665000,76.21,6152.34114,434,70,0.161290323,176,28,0.159090909,258,41,0.158914729,1,0.002304147
683,96,56,29,89,259.71,North,146596869,65.48365854,4889.668522,435,89,0.204597701,241,53,0.219917012,194,36,0.18556701,0,0.0
684,39,32,20,49,2809.19,North,82516260,78.6804878,4684.012143,441,49,0.111111111,250,24,0.096,191,21,0.109947644,4,0.009070295
685,84,52,36,90,591.017,North,144067316,65.47097561,4889.668522,446,90,0.201793722,244,51,0.209016393,202,39,0.193069307,0,0.0
686,72,26,23,60,1660.85,North,142742366,67.94926829,4889.668522,454,60,0.13215859,231,37,0.16017316,223,23,0.103139013,0,0.0
687,21,12,6,19,1795.7,South,206163056,75.23,6524.317219,462,19,0.041125541,255,14,0.054901961,207,5,0.024154589,0,0.0
688,99,42,28,82,2131.57,North,80624598,75.8195122,4684.012143,463,82,0.177105832,300,45,0.15,163,30,0.18404908,7,0.01511879
689,60,36,27,65,2497.24,North,81914831,76.67317073,4684.012143,466,65,0.139484979,279,38,0.136200717,187,22,0.117647059,5,0.010729614
690,51,32,17,50,612.49,South,20127400,80.4902439,8930.279555,470,50,0.106382979,268,27,0.100746269,202,23,0.113861386,0,0.0
691,165,62,46,132,554.713,North,146857000,69.46439024,4889.668522,481,132,0.274428274,319,95,0.297805643,162,36,0.222222222,1,0.002079002
692,249,122,30,174,4037.61,North,235825000,74.56341463,6262.408512,522,174,0.333333333,339,101,0.297935103,183,60,0.327868852,13,0.024904215
693,108,62,27,94,5236.44,North,244499000,74.76585366,6262.408512,527,94,0.178368121,332,60,0.180722892,195,29,0.148717949,5,0.009487666
694,87,34,19,65,2704.02,North,63700215,80.90487805,4727.145661,530,65,0.122641509,273,39,0.142857143,257,20,0.077821012,6,0.011320755
695,138,56,30,104,16197.0,North,313877662,78.74146341,6262.408512,530,104,0.196226415,262,45,0.171755725,268,58,0.21641791,1,0.001886792
696,108,78,26,101,12213.7,North,292805298,77.48780488,6262.408512,533,101,0.189493433,279,55,0.197132616,254,40,0.157480315,6,0.011257036
697,111,68,37,108,6520.33,North,256514000,75.61707317,6262.408512,545,108,0.198165138,355,58,0.163380282,190,44,0.231578947,6,0.011009174
698,138,74,38,121,18745.1,North,323071755,78.53902439,6262.408512,555,121,0.218018018,264,55,0.208333333,291,61,0.209621993,5,0.009009009
699,30,24,17,39,519.754,North,78336950,71.63414634,4684.012143,557,129,0.231597846,387,55,0.142118863,170,55,0.323529412,19,0.034111311
700,120,50,25,90,519.754,North,78336950,71.63414634,4684.012143,557,129,0.231597846,387,55,0.142118863,170,55,0.323529412,19,0.034111311
701,111,48,32,93,10252.3,North,282162411,76.63658537,6262.408512,586,93,0.158703072,333,49,0.147147147,253,39,0.154150198,5,0.008532423
702,108,78,37,112,14712.8,North,304093966,78.03902439,6262.408512,588,112,0.19047619,306,54,0.176470588,282,54,0.191489362,4,0.006802721
703,33,28,15,40,1401.23,North,78144619,74.7924878,4684.012143,606,142,0.234323432,401,74,0.184538653,205,61,0.297560976,7,0.011551155
704,111,70,30,102,1401.23,North,78144619,74.7924878,4684.012143,606,142,0.234323432,401,74,0.184538653,205,61,0.297560976,7,0.011551155
705,48,50,17,58,415.223,South,19153000,79.23414634,8930.279555,617,58,0.094003241,341,32,0.093841642,276,22,0.079710145,4,0.006482982
706,144,44,30,100,4594.31,North,1324655000,73.835,6152.34114,625,100,0.16,330,43,0.13030303,295,56,0.189830508,1,0.0016
707,132,64,25,101,8073.12,North,269394000,76.02682927,6262.408512,648,101,0.155864198,375,58,0.154666667,273,38,0.139194139,5,0.007716049
708,60,46,23,66,299.802,North,78688452,70.867,4684.012143,721,106,0.147018031,572,55,0.096153846,149,40,0.268456376,11,0.015256588
709,39,22,16,40,299.802,North,78688452,70.867,4684.012143,721,106,0.147018031,572,55,0.096153846,149,40,0.268456376,11,0.015256588
710,0,4,0,2,134.545,South,38672611,63.247,6388.892675,115,2,0.017391304,76,1,0.013157895,39,1,0.025641026,0,0.0
711,0,2,0,1,3.609,North,283980,71.589,6296.326029,19,1,0.052631579,13,0,0.0,6,1,0.166666667,0,0.0
712,0,0,1,1,77.86093215,South,15342350,76.366,7824.832182,50,1,0.02,43,1,0.023255814,7,0,0.0,0,0.0
713,6,0,1,3,99.21039286,South,16014972,77.391,7824.832182,22,3,0.136363636,16,3,0.1875,6,0,0.0,0,0.0
714,3,6,2,6,228.59,South,47291610,53.444,6388.892675,106,6,0.056603774,66,5,0.075757576,40,1,0.025,0,0.0
715,0,2,0,1,179.638,South,16708255,78.33,7824.832182,26,1,0.038461538,20,1,0.05,6,0,0.0,0,0.0
716,12,2,1,6,396.333,South,52832659,60.06,6388.892675,124,6,0.048387097,68,4,0.058823529,56,2,0.035714286,0,0.0
717,6,12,2,10,296.357,South,56207649,63.153,6388.892675,135,10,0.074074074,93,8,0.086021505,42,2,0.047619048,0,0.0
