,Country,Country Code,Gold,Silver,Bronze,Total,Year,Host_City,Host_Country,GDP,Latitude Hemisphere,Longitude Hemisphere,Population,Life Expectancy,Average Distance to Games
0,Netherlands,NLD,2,4,4,10,1964,Tokyo,JPN,18.699380731,North,East,12127120.0,73.70414634,4712.265299573333
2,Pakistan,PAK,0,1,0,1,1964,Tokyo,JPN,5.204955901,North,East,49627623.0,48.67,5320.200652933334
3,Brazil,BRA,0,0,1,1,1964,Tokyo,JPN,21.21189226,South,West,81064572.0,56.121,6524.317218993334
4,Italy,ITA,10,10,7,27,1964,Tokyo,JPN,63.175417019,North,East,51675350.0,70.31170732,4550.87002624
5,Sweden,SWE,2,2,4,8,1964,Tokyo,JPN,22.53241675,North,East,7661354.0,73.73317073,4888.82392808
6,Uruguay,URY,0,0,1,1,1964,Tokyo,JPN,1.975701816,South,West,2665383.0,68.455,7513.944150333335
7,Ireland,IRL,0,0,1,1,1964,Tokyo,JPN,2.766608946,North,West,2866550.0,70.40129268,4872.6161907666665
8,Japan,JPN,16,5,8,29,1964,Tokyo,JPN,81.749006382,North,East,96903000.0,70.13243902,6878.392655666668
9,Iran,IRN,0,0,2,2,1964,Tokyo,JPN,5.379845648,North,East,24307855.0,47.172,4946.229137266666
11,Switzerland,CHE,1,2,1,4,1964,Tokyo,JPN,14.480556572,North,East,5789228.0,72.07780488,4591.695619313333
12,India,IND,1,0,0,1,1964,Tokyo,JPN,56.480289941,North,East,488848139.0,43.873,5416.461758133333
13,Kenya,KEN,0,0,1,1,1964,Tokyo,JPN,0.9987593336,South,East,9222692.0,49.261,5507.264520666667
14,Philippines,PHL,0,1,0,1,1964,Tokyo,JPN,5.271404668,North,East,29958687.0,62.411,6570.342239333335
16,United States,USA,36,26,28,90,1964,Tokyo,JPN,685.8,North,West,191889000.0,70.16585366,6262.408512226667
19,Ghana,GHA,0,0,1,1,1964,Tokyo,JPN,1.731296119,North,West,7524470.0,47.469,5271.593968333334
20,Argentina,ARG,0,1,0,1,1964,Tokyo,JPN,25.605249382,South,West,21824427.0,65.426,7691.760326333334
21,New Zealand,NZL,3,0,2,5,1964,Tokyo,JPN,7.274144351,South,East,2585400.0,71.32926829,10162.121673733332
23,Australia,AUS,6,2,10,18,1964,Tokyo,JPN,23.764139321,South,East,11167000.0,70.88097561,8930.279554713334
27,South Korea,KOR,0,2,1,3,1964,Tokyo,JPN,3.458939358,North,East,27984155.0,57.44092683,6422.407918860001
28,France,FRA,1,8,6,15,1964,Tokyo,JPN,94.007851047,North,East,49230585.0,70.66341463,4657.586983086667
29,Mexico,MEX,0,0,1,1,1964,Tokyo,JPN,20.08,North,West,42771077.0,59.069,7089.6430021333335
30,Finland,FIN,3,0,2,5,1964,Tokyo,JPN,7.766655086,North,East,4548543.0,69.22097561,4940.61010778
31,Canada,CAN,1,2,1,4,1964,Tokyo,JPN,49.377522897,North,West,19325000.0,71.77634146,6264.481855317333
33,United Kingdom,GBR,4,12,2,18,1964,Tokyo,JPN,94.407558351,North,West,54000000.0,71.62439024,4727.1456612
34,Nigeria,NGA,0,0,1,1,1964,Tokyo,JPN,5.552822484,North,East,49066762.0,38.691,5132.154626533334
35,Turkey,TUR,2,3,1,6,1964,Tokyo,JPN,11.177777778,North,East,30244258.0,48.312,4669.0263621799995
39,Belgium,BEL,2,0,1,3,1964,Tokyo,JPN,15.960106681,North,East,9378113.0,70.75512195,4675.567093086667
40,Bahamas,BHS,1,0,0,1,1964,Tokyo,JPN,0.2666666667,North,West,133705.0,65.219,6296.32602934
42,France,FRA,7,3,5,15,1968,Mexico City,MEX,129.785,North,East,51175507.0,71.3097561,4657.586983086667
43,Mexico,MEX,3,3,3,9,1968,Mexico City,MEX,29.36,North,West,48431971.0,60.536,7089.6430021333335
44,Finland,FIN,1,2,1,4,1968,Mexico City,MEX,8.82303388,North,East,4626469.0,69.61634146,4940.61010778
46,Tunisia,TUN,1,0,1,2,1968,Mexico City,MEX,1.214666667,North,East,4845220.0,48.882,4575.978044073333
47,Turkey,TUR,2,0,0,2,1968,Mexico City,MEX,17.5,North,East,33256465.0,51.053,4669.0263621799995
48,Denmark,DNK,1,4,3,8,1968,Mexico City,MEX,13.505573867,North,East,4864883.0,73.12146341,4769.836091046666
49,Netherlands,NLD,3,3,1,7,1968,Mexico City,MEX,27.817605743,North,East,12729721.0,73.61268293,4712.265299573333
53,Venezuela,VEN,1,0,0,1,1968,Mexico City,MEX,10.034444444,North,West,10702281.0,63.916,6249.5811494
54,Argentina,ARG,0,0,2,2,1968,Mexico City,MEX,26.436857247,South,West,23168268.0,65.989,7691.760326333334
56,Belgium,BEL,0,1,1,2,1968,Mexico City,MEX,21.376353113,North,East,9618756.0,70.69317073,4675.567093086667
57,Australia,AUS,5,7,5,17,1968,Mexico City,MEX,32.665472057,South,East,12009000.0,70.91902439,8930.279554713334
58,Austria,AUT,0,2,2,4,1968,Mexico City,MEX,12.440625313,North,East,7415403.0,70.05756098,4604.9858421
60,South Korea,KOR,0,1,1,2,1968,Mexico City,MEX,6.119284294,North,East,30838302.0,59.94460976,6422.407918860001
61,Pakistan,PAK,1,0,0,1,1968,Mexico City,MEX,8.04199916,North,East,55102690.0,51.457,5320.200652933334
63,Sweden,SWE,2,1,1,4,1968,Mexico City,MEX,31.066819929,North,East,7912273.0,73.97292683,4888.82392808
64,Greece,GRC,0,0,1,1,1968,Mexico City,MEX,10.090675903,North,East,8740765.0,70.30256098,4570.22862004
66,United Kingdom,GBR,5,5,3,13,1968,Mexico City,MEX,107.76,North,West,55211700.0,71.72439024,4727.1456612
67,Cameroon,CMR,0,1,0,1,1968,Mexico City,MEX,1.046191192,North,East,6201410.0,45.509,5286.381802733334
69,Brazil,BRA,0,1,2,3,1968,Mexico City,MEX,33.875881876,South,West,90387079.0,58.025,6524.317218993334
70,United States,USA,45,28,34,107,1968,Mexico City,MEX,942.5,North,West,200706000.0,69.95121951,6262.408512226667
71,New Zealand,NZL,1,0,2,3,1968,Mexico City,MEX,5.180597621,South,East,2748100.0,71.12439024,10162.121673733332
72,Canada,CAN,1,3,1,5,1968,Mexico City,MEX,71.82981052,North,West,20744000.0,72.35341463,6264.481855317333
73,Norway,NOR,1,1,0,2,1968,Mexico City,MEX,10.159934137,North,East,3816486.0,73.94195122,4905.527072446666
76,Jamaica,JAM,0,1,0,1,1968,Mexico City,MEX,1.083883355,North,West,1825873.0,67.349,6373.497472599998
77,Italy,ITA,3,4,9,16,1968,Mexico City,MEX,87.942231678,North,East,53235750.0,70.78,4550.87002624
78,Japan,JPN,11,7,7,25,1968,Mexico City,MEX,146.601,North,East,101011000.0,71.61121951,6878.392655666668
79,Iran,IRN,2,1,2,5,1968,Mexico City,MEX,8.62317296,North,East,27032576.0,49.503,4946.229137266666
80,Switzerland,CHE,0,1,4,5,1968,Mexico City,MEX,18.942729779,North,East,6067714.0,72.5902439,4591.695619313333
81,India,IND,0,0,1,1,1968,Mexico City,MEX,53.085455871,North,East,531513834.0,46.428,5416.461758133333
83,Uganda,UGA,0,1,1,2,1968,Mexico City,MEX,1.037815126,North,East,8841156.0,48.687,5437.071324866667
84,Kenya,KEN,3,4,2,9,1968,Mexico City,MEX,1.353295458,South,East,10539909.0,51.446,5507.264520666667
85,Pakistan,PAK,0,1,0,1,1972,Munich,DEU,9.41501636,North,East,61381982.0,53.699,5320.200652933334
86,Germany,DEU,20,23,23,66,1972,Munich,DEU,299.802,North,East,78688452.0,70.867,4684.012143373334
87,Uganda,UGA,1,1,0,2,1972,Munich,DEU,1.491596639,North,East,9929644.0,49.558,5437.071324866667
88,Norway,NOR,2,1,1,4,1972,Munich,DEU,17.35861085,North,East,3933004.0,74.34463415,4905.527072446666
89,Turkey,TUR,0,1,0,1,1972,Munich,DEU,20.431095406,North,East,36587267.0,53.492,4669.0263621799995
91,Niger,NER,0,0,1,1,1972,Munich,DEU,0.7427797403999999,North,East,4768225.0,36.203,5043.1629062
92,United States,USA,33,31,30,94,1972,Munich,DEU,1279.11,North,West,209896000.0,71.15609756,6262.408512226667
93,Ghana,GHA,0,0,1,1,1972,Munich,DEU,2.112292945,North,West,9229640.0,49.912,5271.593968333334
94,Denmark,DNK,1,0,0,1,1972,Munich,DEU,23.232379952,North,East,4991596.0,73.43902439,4769.836091046666
95,Jamaica,JAM,0,0,1,1,1972,Munich,DEU,1.87504886,North,West,1935089.0,68.491,6373.497472599998
96,France,FRA,2,4,7,13,1972,Munich,DEU,203.494,North,East,52793151.0,72.10731707,4657.586983086667
98,Finland,FIN,3,1,4,8,1972,Munich,DEU,14.74318612,North,East,4639657.0,70.70731707,4940.61010778
99,Mexico,MEX,0,1,0,1,1972,Munich,DEU,45.2,North,West,54689944.0,62.327,7089.6430021333335
100,Sweden,SWE,4,6,6,16,1972,Munich,DEU,48.954145809,North,East,8122300.0,74.71804878,4888.82392808
101,Brazil,BRA,0,0,2,2,1972,Munich,DEU,58.539008786,South,West,99859388.0,59.739,6524.317218993334
103,Italy,ITA,5,3,10,18,1972,Munich,DEU,145.26,North,East,54381345.0,72.07536585,4550.87002624
104,South Korea,KOR,0,1,0,1,1972,Munich,DEU,10.862327878,North,East,33505406.0,63.0097561,6422.407918860001
105,Australia,AUS,8,7,2,17,1972,Munich,DEU,51.96728972,South,East,13177000.0,71.45756098,8930.279554713334
106,Greece,GRC,0,2,0,2,1972,Munich,DEU,16.885511364,North,East,8888628.0,71.535,4570.22862004
109,Canada,CAN,0,2,3,5,1972,Munich,DEU,113.083,North,West,22218463.0,72.93390244,6264.481855317333
110,India,IND,0,0,1,1,1972,Munich,DEU,71.46319383,North,East,581087255.0,49.061,5416.461758133333
111,Colombia,COL,0,1,2,3,1972,Munich,DEU,8.671358733,North,West,22516429.0,63.105,6596.774323
112,Belgium,BEL,0,2,0,2,1972,Munich,DEU,37.209418019,North,East,9711115.0,71.40512195,4675.567093086667
113,Japan,JPN,13,8,8,29,1972,Munich,DEU,318.031,North,East,107188000.0,73.50658537,6878.392655666668
116,Iran,IRN,0,2,1,3,1972,Munich,DEU,17.153463263,North,East,30075295.0,52.559,4946.229137266666
119,Tunisia,TUN,0,1,0,1,1972,Munich,DEU,2.23747642,North,East,5291335.0,53.452,4575.978044073333
120,Argentina,ARG,0,1,0,1,1972,Munich,DEU,34.733000536,South,West,24653172.0,67.078,7691.760326333334
122,United Kingdom,GBR,4,5,9,18,1972,Munich,DEU,169.965,North,West,56086065.0,72.12439024,4727.1456612
123,Austria,AUT,0,1,2,3,1972,Munich,DEU,22.059612477,North,East,7544201.0,70.46341463,4604.9858421
124,Germany,DEU,13,11,16,40,1972,Munich,DEU,299.802,North,East,78688452.0,70.867,4684.012143373334
125,Spain,ESP,0,0,1,1,1972,Munich,DEU,59.132415221,North,West,34604469.0,72.81804878,4676.2183132733335
126,Netherlands,NLD,3,1,1,5,1972,Munich,DEU,54.706557264,North,East,13328593.0,73.72707317,4712.265299573333
127,Cuba,CUB,3,1,4,8,1972,Munich,DEU,8.135150892,North,West,9025347.0,70.787,6467.743547433332
130,Kenya,KEN,2,3,4,9,1972,Munich,DEU,2.107279157,South,East,12146070.0,53.674,5507.264520666667
131,New Zealand,NZL,1,1,1,3,1972,Munich,DEU,9.567331065,South,East,2903900.0,71.82926829,10162.121673733332
132,Nigeria,NGA,0,0,1,1,1972,Munich,DEU,12.274416018,North,East,58665813.0,41.829,5132.154626533334
134,Canada,CAN,0,5,6,11,1976,Montreal,CAN,206.576,North,West,23449808.0,73.85609756,6264.481855317333
136,South Korea,KOR,1,1,4,6,1976,Montreal,CAN,29.902479339,North,East,35848523.0,64.50243902,6422.407918860001
138,Germany,DEU,10,12,17,39,1976,Montreal,CAN,519.754,North,East,78336950.0,71.63414634,4684.012143373334
139,Netherlands,NLD,0,2,3,5,1976,Montreal,CAN,109.169,North,East,13774037.0,74.64707317,4712.265299573333
140,Jamaica,JAM,1,1,0,2,1976,Montreal,CAN,2.96601023,North,West,2055371.0,69.718,6373.497472599998
141,Thailand,THA,0,0,1,1,1976,Montreal,CAN,16.985211146,North,East,43377270.0,62.495,6073.180027466665
142,Austria,AUT,0,0,1,1,1976,Montreal,CAN,42.959976222,North,East,7565525.0,71.56585366,4604.9858421
143,Iran,IRN,0,1,1,2,1976,Montreal,CAN,68.055295081,North,East,33733975.0,55.744,4946.229137266666
145,United States,USA,34,35,25,94,1976,Montreal,CAN,1873.41,North,West,218035000.0,72.85609756,6262.408512226667
146,Finland,FIN,4,2,0,6,1976,Montreal,CAN,31.849513771,North,East,4725664.0,71.81292683,4940.61010778
147,United Kingdom,GBR,3,5,5,13,1976,Montreal,CAN,232.615,North,West,56211968.0,72.77560976,4727.1456612
149,Japan,JPN,9,6,10,25,1976,Montreal,CAN,586.162,North,East,112775000.0,75.45682927,6878.392655666668
150,Germany,DEU,40,25,25,90,1976,Montreal,CAN,519.754,North,East,78336950.0,71.63414634,4684.012143373334
152,Sweden,SWE,4,1,0,5,1976,Montreal,CAN,89.362071673,North,East,8222286.0,74.96926829,4888.82392808
153,New Zealand,NZL,2,1,1,4,1976,Montreal,CAN,13.604832424,South,East,3110500.0,72.42195122,10162.121673733332
154,Belgium,BEL,0,3,3,6,1976,Montreal,CAN,71.113882968,North,East,9818227.0,72.1197561,4675.567093086667
155,Italy,ITA,2,7,4,13,1976,Montreal,CAN,224.717,North,East,55718260.0,72.99195122,4550.87002624
157,Denmark,DNK,1,0,2,3,1976,Montreal,CAN,44.575892473,North,East,5072596.0,73.7397561,4769.836091046666
158,Puerto Rico,PRI,0,0,1,1,1976,Montreal,CAN,8.9686,North,West,3043854.0,73.19082927,6087.802239133333
159,Brazil,BRA,0,0,2,2,1976,Montreal,CAN,152.678,South,West,109790943.0,61.243,6524.317218993334
160,Pakistan,PAK,0,0,1,1,1976,Montreal,CAN,13.168080808,North,East,68834324.0,55.421,5320.200652933334
161,Venezuela,VEN,0,1,0,1,1976,Montreal,CAN,31.419534884,North,West,13572210.0,67.42,6249.5811494
164,Mexico,MEX,1,0,1,2,1976,Montreal,CAN,89.025974026,North,West,61242189.0,64.467,7089.6430021333335
165,Australia,AUS,0,1,4,5,1976,Montreal,CAN,104.921,South,East,14033000.0,73.01463415,8930.279554713334
168,Portugal,PRT,0,2,0,2,1976,Montreal,CAN,20.332831565,North,West,9355810.0,68.86097561,4772.601500306666
169,France,FRA,2,3,4,9,1976,Montreal,CAN,372.319,North,East,54220033.0,73.10243902,4657.586983086667
170,Cuba,CUB,6,4,3,13,1976,Montreal,CAN,13.789579903,North,West,9554186.0,72.543,6467.743547433332
171,Spain,ESP,0,2,0,2,1976,Montreal,CAN,118.507,North,West,36137812.0,73.64268293,4676.2183132733335
172,Norway,NOR,1,1,0,2,1976,Montreal,CAN,35.942270686,North,East,4026152.0,75.0395122,4905.527072446666
174,Venezuela,VEN,0,1,0,1,1980,Moscow,RUS,59.116511628,North,West,15182616.0,68.542,6249.5811494
175,Jamaica,JAM,0,0,3,3,1980,Moscow,RUS,2.679409453,North,West,2162839.0,70.793,6373.497472599998
176,Bulgaria,BGR,8,16,17,41,1980,Moscow,RUS,19.839230769,North,East,8861535.0,71.15756098,4584.094277499999
178,India,IND,1,0,0,1,1980,Moscow,RUS,186.325,North,East,698952837.0,53.814,5416.461758133333
179,Brazil,BRA,2,0,2,4,1980,Moscow,RUS,235.025,South,West,120694012.0,62.63,6524.317218993334
180,Italy,ITA,8,3,4,15,1980,Moscow,RUS,477.257,North,East,56433883.0,73.94317073,4550.87002624
181,Spain,ESP,1,3,2,6,1980,Moscow,RUS,232.767,North,West,37491165.0,75.34926829,4676.2183132733335
182,Netherlands,NLD,0,1,2,3,1980,Moscow,RUS,195.152,North,East,14149800.0,75.74317073,4712.265299573333
183,Uganda,UGA,0,1,0,1,1980,Moscow,RUS,1.24461,North,East,12442333.0,50.0,5437.071324866667
184,Belgium,BEL,1,0,0,1,1980,Moscow,RUS,126.829,North,East,9859242.0,73.20707317,4675.567093086667
185,Cuba,CUB,8,7,5,20,1980,Moscow,RUS,19.912889861,North,West,9849457.0,73.794,6467.743547433332
186,Switzerland,CHE,2,0,0,2,1980,Moscow,RUS,122.661,North,East,6319408.0,75.45926829,4591.695619313333
188,Sweden,SWE,3,3,6,12,1980,Moscow,RUS,142.092,North,East,8310531.0,75.74097561,4888.82392808
190,Ireland,IRL,0,1,1,2,1980,Moscow,RUS,21.751265577,North,West,3412800.0,72.6232439,4872.6161907666665
191,Zimbabwe,ZWE,1,0,0,1,1980,Moscow,RUS,6.6788682,South,East,7408630.0,59.731,6067.669821066667
192,United Kingdom,GBR,5,7,9,21,1980,Moscow,RUS,564.948,North,West,56314216.0,73.67560976,4727.1456612
194,France,FRA,6,5,3,14,1980,Moscow,RUS,701.288,North,East,55161510.0,74.05121951,4657.586983086667
195,Mexico,MEX,0,1,3,4,1980,Moscow,RUS,205.139,North,West,67761367.0,66.553,7089.6430021333335
197,Germany,DEU,47,37,42,126,1980,Moscow,RUS,950.291,North,East,78288576.0,72.67790244,4684.012143373334
200,Finland,FIN,3,1,4,8,1980,Moscow,RUS,53.645202423,North,East,4779535.0,73.44,4940.61010778
202,Greece,GRC,1,0,2,3,1980,Moscow,RUS,56.829664269,North,East,9642505.0,73.64714634,4570.22862004
204,Denmark,DNK,2,1,2,5,1980,Moscow,RUS,71.1275287,North,East,5123027.0,74.10170732,4769.836091046666
206,Guyana,GUY,0,0,1,1,1980,Moscow,RUS,0.6032,North,West,780153.0,62.498,6123.836514333333
207,Austria,AUT,1,2,1,4,1980,Moscow,RUS,82.058912997,North,East,7549433.0,72.46341463,4604.9858421
208,Australia,AUS,2,2,5,9,1980,Moscow,RUS,149.776,South,East,14692000.0,74.33365854,8930.279554713334
210,Kenya,KEN,1,0,2,3,1984,Los Angeles,USA,6.19143707,South,East,19146403.0,59.093,5507.264520666667
212,Dominican Republic,DOM,0,0,1,1,1984,Los Angeles,USA,11.594,North,West,6331760.0,64.326,6178.694056066667
213,Turkey,TUR,0,0,3,3,1984,Los Angeles,USA,59.989909458,North,East,48114158.0,61.111,4669.0263621799995
214,Syria,SYR,0,1,0,1,1984,Los Angeles,USA,17.503082982,North,East,10293048.0,68.005,4741.878703053333
215,Colombia,COL,0,1,0,1,1984,Los Angeles,USA,38.253120738,North,West,29331230.0,68.529,6596.774323
216,China,CHN,15,8,9,32,1984,Los Angeles,USA,259.947,North,East,1036825000.0,68.231,6152.341139926667
218,Puerto Rico,PRI,0,1,1,2,1984,Los Angeles,USA,19.1626,North,West,3344190.0,74.17763415,6087.802239133333
220,Netherlands,NLD,5,2,6,13,1984,Los Angeles,USA,143.913,North,East,14424211.0,76.23317073,4712.265299573333
222,Japan,JPN,10,8,14,32,1984,Los Angeles,USA,1318.38,North,East,120083000.0,77.36536585,6878.392655666668
223,Switzerland,CHE,0,4,4,8,1984,Los Angeles,USA,109.547,North,East,6441865.0,76.60853659,4591.695619313333
224,Egypt,EGY,0,1,0,1,1984,Los Angeles,USA,33.971188992,North,East,47968643.0,61.091,4721.534723780001
225,South Korea,KOR,6,6,7,19,1984,Los Angeles,USA,97.510235986,North,East,40405956.0,68.19512195,6422.407918860001
226,Venezuela,VEN,0,0,3,3,1984,Los Angeles,USA,60.010285714,North,West,16876703.0,69.497,6249.5811494
227,Nigeria,NGA,0,1,1,2,1984,Los Angeles,USA,73.484359521,North,East,81448757.0,46.106,5132.154626533334
228,Denmark,DNK,0,3,3,6,1984,Los Angeles,USA,59.105236854,North,East,5111619.0,74.56219512,4769.836091046666
229,Austria,AUT,1,1,1,3,1984,Los Angeles,USA,67.985344887,North,East,7561434.0,73.61219512,4604.9858421
230,Spain,ESP,1,2,2,5,1984,Los Angeles,USA,172.103,North,West,38330364.0,76.29536585,4676.2183132733335
231,Portugal,PRT,1,0,2,3,1984,Los Angeles,USA,25.21796905,North,West,9996232.0,72.51463415,4772.601500306666
232,Greece,GRC,0,1,1,2,1984,Los Angeles,USA,48.020024184,North,East,9895801.0,74.82912195,4570.22862004
233,New Zealand,NZL,8,1,2,11,1984,Los Angeles,USA,21.665975319,South,East,3227100.0,74.37073171,10162.121673733332
234,Brazil,BRA,1,5,2,8,1984,Los Angeles,USA,209.024,South,West,132383569.0,64.039,6524.317218993334
235,Iceland,ISL,0,0,1,1,1984,Los Angeles,USA,2.864441356,North,West,239511.0,77.57658537,5458.149684733334
236,Zambia,ZMB,0,0,1,1,1984,Los Angeles,USA,2.739444444,South,East,6701547.0,52.87,5970.820348333334
237,Canada,CAN,10,18,16,44,1984,Los Angeles,USA,355.373,North,West,25607053.0,76.21707317,6264.481855317333
238,Sweden,SWE,2,11,6,19,1984,Los Angeles,USA,109.201,North,East,8336605.0,76.81585366,4888.82392808
239,Germany,DEU,17,19,23,59,1984,Los Angeles,USA,725.111,North,East,77858685.0,73.78292683,4684.012143373334
240,Ireland,IRL,0,1,0,1,1984,Los Angeles,USA,20.109800239,North,West,3532423.0,73.53146341,4872.6161907666665
241,Cameroon,CMR,0,0,1,1,1984,Los Angeles,USA,7.311937457,North,East,9757849.0,52.997,5286.381802733334
242,Norway,NOR,0,1,2,3,1984,Los Angeles,USA,62.057955033,North,East,4140099.0,76.22439024,4905.527072446666
243,Belgium,BEL,1,1,2,4,1984,Los Angeles,USA,83.349530159,North,East,9855372.0,74.40487805,4675.567093086667
244,Pakistan,PAK,1,0,0,1,1984,Los Angeles,USA,31.151825467,North,East,89213708.0,58.213,5320.200652933334
245,Ivory Coast,CIV,0,1,0,1,1984,Los Angeles,USA,6.841638715,North,West,9530103.0,52.645,5273.257207000001
246,France,FRA,5,7,16,28,1984,Los Angeles,USA,530.684,North,East,56337675.0,75.0,4657.586983086667
247,Peru,PER,0,1,0,1,1984,Los Angeles,USA,17.599660054,South,West,19319746.0,62.542,7182.3416774666675
248,Algeria,DZA,0,0,2,2,1984,Los Angeles,USA,53.698278906,North,East,21763578.0,63.13,4616.55255802
249,Italy,ITA,14,6,12,32,1984,Los Angeles,USA,437.888,North,East,56576718.0,75.3895122,4550.87002624
250,Australia,AUS,4,8,12,24,1984,Los Angeles,USA,193.242,South,East,15544000.0,75.38780488,8930.279554713334
251,Mexico,MEX,2,3,1,6,1984,Los Angeles,USA,184.261,North,West,74352631.0,68.38,7089.6430021333335
252,Jamaica,JAM,0,1,2,3,1984,Los Angeles,USA,2.373566957,North,West,2306367.0,71.614,6373.497472599998
253,United Kingdom,GBR,5,11,21,37,1984,Los Angeles,USA,461.487,North,West,56422072.0,74.77804878,4727.1456612
254,Finland,FIN,4,2,6,12,1984,Los Angeles,USA,52.88880095,North,East,4881803.0,74.51902439,4940.61010778
255,United States,USA,83,61,30,174,1984,Los Angeles,USA,4037.61,North,West,235825000.0,74.56341463,6262.408512226667
256,Thailand,THA,0,1,0,1,1984,Los Angeles,USA,41.797592963,North,East,51094870.0,67.128,6073.180027466665
258,Senegal,SEN,0,1,0,1,1988,Seoul,KOR,6.418419798,North,West,7086624.0,56.283,5203.302467466668
261,Colombia,COL,0,0,1,1,1988,Seoul,KOR,39.21255005,North,West,31822527.0,69.436,6596.774323
262,New Zealand,NZL,3,2,8,13,1988,Seoul,KOR,45.176811594,South,East,3283400.0,74.42439024,10162.121673733332
264,Netherlands,NLD,2,2,5,9,1988,Seoul,KOR,261.911,North,East,14760094.0,76.8902439,4712.265299573333
265,Costa Rica,CRI,0,1,0,1,1988,Seoul,KOR,4.614629898,North,West,2960932.0,75.243,6772.216453066667
266,Philippines,PHL,0,0,1,1,1988,Seoul,KOR,37.885440419,North,East,58794999.0,65.534,6570.342239333335
267,Turkey,TUR,1,1,0,2,1988,Seoul,KOR,90.852814005,North,East,52053764.0,63.266,4669.0263621799995
268,France,FRA,6,4,6,16,1988,Seoul,KOR,1018.85,North,East,57627106.0,76.1,4657.586983086667
269,Norway,NOR,2,3,0,5,1988,Seoul,KOR,101.9,North,East,4209488.0,76.2204878,4905.527072446666
270,Finland,FIN,1,1,2,4,1988,Seoul,KOR,109.059,North,East,4946481.0,74.57707317,4940.61010778
271,Romania,ROU,7,11,6,24,1988,Seoul,KOR,40.80952381,North,East,23057662.0,69.38804878,4620.2260788466665
272,Brazil,BRA,1,2,3,6,1988,Seoul,KOR,330.397,South,West,143627505.0,65.553,6524.317218993334
273,Belgium,BEL,0,0,2,2,1988,Seoul,KOR,162.299,North,East,9901664.0,75.56585366,4675.567093086667
274,Mexico,MEX,0,0,2,2,1988,Seoul,KOR,181.612,North,West,80788725.0,70.062,7089.6430021333335
275,Peru,PER,0,1,0,1,1988,Seoul,KOR,15.439408447,South,West,21153462.0,64.949,7182.3416774666675
276,Australia,AUS,3,6,5,14,1988,Seoul,KOR,235.658,South,East,16532200.0,76.43268293,8930.279554713334
277,Bulgaria,BGR,10,12,13,35,1988,Seoul,KOR,22.555941176,North,East,8981446.0,71.60439024,4584.094277499999
278,Pakistan,PAK,0,0,1,1,1988,Seoul,KOR,38.472742808,North,East,101389603.0,59.493,5320.200652933334
279,Austria,AUT,1,0,0,1,1988,Seoul,KOR,133.339,North,East,7585317.0,75.21707317,4604.9858421
281,Denmark,DNK,2,1,1,4,1988,Seoul,KOR,115.553,North,East,5129516.0,74.77170732,4769.836091046666
282,United States,USA,36,31,27,94,1988,Seoul,KOR,5236.44,North,West,244499000.0,74.76585366,6262.408512226667
283,Chile,CHL,0,1,0,1,1988,Seoul,KOR,26.040229793,South,West,12847712.0,72.872,7824.832181866667
284,China,CHN,5,11,12,28,1988,Seoul,KOR,312.354,North,East,1101630000.0,68.954,6152.341139926667
285,Thailand,THA,0,0,1,1,1988,Seoul,KOR,61.667199835,North,East,54891520.0,69.745,6073.180027466665
286,Switzerland,CHE,0,2,2,4,1988,Seoul,KOR,215.722,North,East,6593386.0,77.22658537,4591.695619313333
287,Italy,ITA,6,4,4,14,1988,Seoul,KOR,891.609,North,East,56629288.0,76.37073171,4550.87002624
288,Germany,DEU,11,14,15,40,1988,Seoul,KOR,1401.23,North,East,78144619.0,74.7924878,4684.012143373334
289,Spain,ESP,1,1,2,4,1988,Seoul,KOR,376.16,North,West,38766939.0,76.74707317,4676.2183132733335
290,Greece,GRC,0,0,1,1,1988,Seoul,KOR,76.261277925,North,East,10036983.0,75.8912439,4570.22862004
291,Argentina,ARG,0,1,1,2,1988,Seoul,KOR,126.207,South,West,31668939.0,71.186,7691.760326333334
292,Indonesia,IDN,0,1,0,1,1988,Seoul,KOR,84.300174477,South,East,174975953.0,61.512,6727.829790066666
293,Jamaica,JAM,0,2,0,2,1988,Seoul,KOR,3.828310735,North,West,2389415.0,72.601,6373.497472599998
294,Japan,JPN,4,3,7,14,1988,Seoul,KOR,3071.68,North,East,122578000.0,78.39926829,6878.392655666668
295,Germany,DEU,37,35,30,102,1988,Seoul,KOR,1401.23,North,East,78144619.0,74.7924878,4684.012143373334
296,South Korea,KOR,12,10,11,33,1988,Seoul,KOR,199.591,North,East,42031247.0,70.54878049,6422.407918860001
298,United Kingdom,GBR,5,10,9,24,1988,Seoul,KOR,910.123,North,West,56928327.0,75.3804878,4727.1456612
299,Sweden,SWE,0,4,7,11,1988,Seoul,KOR,206.987,North,East,8436489.0,76.97926829,4888.82392808
301,Canada,CAN,3,2,5,10,1988,Seoul,KOR,507.354,North,West,26791747.0,76.9195122,6264.481855317333
302,Russia,RUS,55,31,46,132,1988,Seoul,KOR,554.713,North,East,146857000.0,69.46439024,4889.668522333333
303,Djibouti,DJI,0,0,1,1,1988,Seoul,KOR,0.3957945386,North,East,528993.0,56.271,5198.490481
304,Portugal,PRT,1,0,0,1,1988,Seoul,KOR,56.347250696,North,West,10019610.0,73.71463415,4772.601500306666
306,Kenya,KEN,5,2,2,9,1988,Seoul,KOR,8.355380879,South,East,22153685.0,58.422,5507.264520666667
307,Iran,IRN,0,1,0,1,1988,Seoul,KOR,123.058,North,East,53077312.0,60.516,4946.229137266666
308,Suriname,SUR,1,0,0,1,1988,Seoul,KOR,1.161,North,West,388877.0,67.233,6076.477344333333
309,Romania,ROU,4,6,8,18,1992,Barcelona,ESP,25.121666667,North,East,22794284.0,69.78439024,4620.2260788466665
310,South Korea,KOR,12,5,12,29,1992,Barcelona,ESP,355.525,North,East,43747962.0,72.49756098,6422.407918860001
311,Mexico,MEX,0,1,0,1,1992,Barcelona,ESP,363.158,North,West,87075136.0,71.61,7089.6430021333335
312,South Africa,ZAF,0,2,0,2,1992,Barcelona,ESP,134.545,South,East,38672611.0,63.247,6388.8926753333335
314,Germany,DEU,33,21,28,82,1992,Barcelona,ESP,2131.57,North,East,80624598.0,75.8195122,4684.012143373334
315,Greece,GRC,2,0,0,2,1992,Barcelona,ESP,116.225,North,East,10399061.0,77.38292683,4570.22862004
317,Ghana,GHA,0,0,1,1,1992,Barcelona,ESP,6.413901602,North,West,15653345.0,57.462,5271.593968333334
319,Denmark,DNK,1,1,4,6,1992,Barcelona,ESP,152.916,North,East,5171370.0,75.19414634,4769.836091046666
320,Finland,FIN,1,2,2,5,1992,Barcelona,ESP,112.533,North,East,5041992.0,75.45536585,4940.61010778
322,Australia,AUS,7,9,11,27,1992,Barcelona,ESP,324.884,South,East,17495000.0,77.37804878,8930.279554713334
323,Suriname,SUR,0,0,1,1,1992,Barcelona,ESP,0.4046,North,West,420658.0,67.59,6076.477344333333
324,Thailand,THA,0,0,1,1,1992,Barcelona,ESP,111.453,North,East,57811025.0,70.281,6073.180027466665
325,France,FRA,8,5,16,29,1992,Barcelona,ESP,1401.47,North,East,58851216.0,77.1,4657.586983086667
326,Ethiopia,ETH,1,0,2,3,1992,Barcelona,ESP,10.492993078,North,East,51423591.0,47.911,5218.3524252
327,Puerto Rico,PRI,0,0,1,1,1992,Barcelona,ESP,34.63043,North,West,3585176.0,73.94636585,6087.802239133333
328,Netherlands,NLD,2,6,7,15,1992,Barcelona,ESP,362.963,North,East,15184166.0,77.21707317,4712.265299573333
329,Hungary,HUN,11,12,7,30,1992,Barcelona,ESP,38.730585922,North,East,10369341.0,69.11707317,4606.2260906
330,Switzerland,CHE,1,0,0,1,1992,Barcelona,ESP,280.157,North,East,6875364.0,77.80609756,4591.695619313333
331,Kenya,KEN,2,4,2,8,1992,Barcelona,ESP,8.209129172,South,East,25326080.0,55.973,5507.264520666667
332,Austria,AUT,0,2,0,2,1992,Barcelona,ESP,195.078,North,East,7840709.0,75.81707317,4604.9858421
333,Cuba,CUB,14,6,11,31,1992,Barcelona,ESP,22.085858243,North,West,10736386.0,74.801,6467.743547433332
334,Turkey,TUR,2,2,2,6,1992,Barcelona,ESP,158.459,North,East,55748946.0,65.275,4669.0263621799995
335,Poland,POL,3,6,10,19,1992,Barcelona,ESP,94.337050693,North,East,38363667.0,71.0902439,4703.426059553332
336,Czech Republic,CZE,4,2,1,7,1992,Barcelona,ESP,34.80501323,North,East,10319123.0,72.27170732,4632.779909539999
337,Namibia,NAM,0,2,0,2,1992,Barcelona,ESP,3.429538518,South,East,1516951.0,61.165,6234.273930866665
339,Malaysia,MYS,0,0,1,1,1992,Barcelona,ESP,59.167550163,North,East,19002660.0,71.326,6345.212369933332
342,China,CHN,16,22,16,54,1992,Barcelona,ESP,426.916,North,East,1164970000.0,69.355,6152.341139926667
343,United States,USA,37,34,37,108,1992,Barcelona,ESP,6520.33,North,West,256514000.0,75.61707317,6262.408512226667
344,Spain,ESP,13,7,2,22,1992,Barcelona,ESP,630.916,North,West,39157685.0,77.41,4676.2183132733335
345,Japan,JPN,3,8,11,22,1992,Barcelona,ESP,3908.81,North,East,124425000.0,79.15390244,6878.392655666668
346,Colombia,COL,0,0,1,1,1992,Barcelona,ESP,58.418985443,North,West,34422568.0,70.161,6596.774323
348,Argentina,ARG,0,0,1,1,1992,Barcelona,ESP,228.789,South,West,33529320.0,72.032,7691.760326333334
349,New Zealand,NZL,1,4,5,10,1992,Barcelona,ESP,41.64982986,South,East,3531700.0,76.12439024,10162.121673733332
350,Indonesia,IDN,2,2,1,5,1992,Barcelona,ESP,128.027,South,East,187739786.0,63.131,6727.829790066666
351,Belgium,BEL,0,1,2,3,1992,Barcelona,ESP,234.782,North,East,10045158.0,76.35121951,4675.567093086667
352,Italy,ITA,6,5,8,19,1992,Barcelona,ESP,1320.16,North,East,56797087.0,77.4195122,4550.87002624
355,Pakistan,PAK,0,0,1,1,1992,Barcelona,ESP,48.884606848,North,East,113911126.0,60.68,5320.200652933334
356,Peru,PER,0,1,0,1,1992,Barcelona,ESP,35.966302303,South,West,22966822.0,67.33,7182.3416774666675
358,Bulgaria,BGR,3,7,6,16,1992,Barcelona,ESP,10.350515464,North,East,8540164.0,71.49439024,4584.094277499999
359,Nigeria,NGA,0,3,1,4,1992,Barcelona,ESP,47.794925815,North,East,100161708.0,45.857,5132.154626533334
360,Norway,NOR,2,4,1,7,1992,Barcelona,ESP,130.838,North,East,4286401.0,77.18439024,4905.527072446666
361,Brazil,BRA,2,1,0,3,1992,Barcelona,ESP,400.599,South,West,154259382.0,67.141,6524.317218993334
362,United Kingdom,GBR,5,3,12,20,1992,Barcelona,ESP,1179.66,North,West,57580402.0,76.43414634,4727.1456612
364,Canada,CAN,7,4,7,18,1992,Barcelona,ESP,592.388,North,West,28371264.0,77.72439024,6264.481855317333
365,Sweden,SWE,1,7,4,12,1992,Barcelona,ESP,284.321,North,East,8668067.0,77.99878049,4888.82392808
367,Algeria,DZA,1,0,1,2,1992,Barcelona,ESP,48.003078389,North,East,27028330.0,67.575,4616.55255802
368,Bahamas,BHS,0,0,1,1,1992,Barcelona,ESP,3.109,North,West,266028.0,70.807,6296.32602934
369,Qatar,QAT,0,0,1,1,1992,Barcelona,ESP,7.646153984,North,East,495403.0,76.241,5031.895296600001
370,Ireland,IRL,1,1,0,2,1992,Barcelona,ESP,55.927302693,North,West,3558430.0,75.18095122,4872.6161907666665
371,Jamaica,JAM,0,3,1,4,1992,Barcelona,ESP,3.53546009,North,West,2461047.0,73.727,6373.497472599998
372,Philippines,PHL,0,0,1,1,1992,Barcelona,ESP,52.976344929,North,East,65020124.0,67.239,6570.342239333335
373,Azerbaijan,AZE,0,1,0,1,1996,Atlanta,USA,3.176333837,North,East,7763000.0,65.573,4916.379435
374,Australia,AUS,9,9,23,41,1996,Atlanta,USA,400.303,South,East,18311000.0,78.07804878,8930.279554713334
375,India,IND,0,0,1,1,1996,Atlanta,USA,392.897,North,East,982365248.0,60.783,5416.461758133333
376,Germany,DEU,20,18,27,65,1996,Atlanta,USA,2497.24,North,East,81914831.0,76.67317073,4684.012143373334
377,Turkey,TUR,4,1,1,6,1996,Atlanta,USA,181.476,North,East,59423278.0,67.57,4669.0263621799995
378,Greece,GRC,4,4,0,8,1996,Atlanta,USA,145.862,North,East,10608800.0,77.68536585,4570.22862004
379,Denmark,DNK,4,1,1,6,1996,Atlanta,USA,187.632,North,East,5263074.0,75.59146341,4769.836091046666
380,Brazil,BRA,3,3,9,15,1996,Atlanta,USA,850.426,South,West,164614682.0,68.695,6524.317218993334
381,Burundi,BDI,1,0,0,1,1996,Atlanta,USA,0.8690338563,South,East,6060110.0,46.905,5532.1053902
382,Syria,SYR,1,0,0,1,1996,Atlanta,USA,13.789560878,North,East,14754148.0,72.205,4741.878703053333
383,Georgia,GEO,0,0,2,2,1996,Atlanta,USA,3.095047604,North,East,4491699.0,69.635,4838.941393200001
384,United States,USA,44,32,25,101,1996,Atlanta,USA,8073.12,North,West,269394000.0,76.02682927,6262.408512226667
385,Czech Republic,CZE,4,3,4,11,1996,Atlanta,USA,67.387788633,North,East,10315241.0,73.71463415,4632.779909539999
386,Ecuador,ECU,1,0,0,1,1996,Atlanta,USA,25.226393197,South,West,11703169.0,71.348,6849.429354733335
387,Thailand,THA,1,0,1,2,1996,Atlanta,USA,183.035,North,East,60130190.0,70.215,6073.180027466665
388,Argentina,ARG,0,2,1,3,1996,Atlanta,USA,272.15,South,West,35246376.0,72.843,7691.760326333334
389,Bulgaria,BGR,3,7,5,15,1996,Atlanta,USA,12.294221473,North,East,8362826.0,70.89731707,4584.094277499999
390,Ireland,IRL,3,0,1,4,1996,Atlanta,USA,75.786499496,North,West,3637510.0,75.83170732,4872.6161907666665
391,China,CHN,16,22,12,50,1996,Atlanta,USA,863.747,North,East,1217550000.0,70.14,6152.341139926667
392,Tonga,TON,0,1,0,1,1996,Atlanta,USA,0.22210057630000002,South,West,96267.0,69.41,11540.095172133335
393,Cuba,CUB,9,8,8,25,1996,Atlanta,USA,25.0173687,North,West,10939285.0,75.686,6467.743547433332
394,Israel,ISR,0,0,1,1,1996,Atlanta,USA,110.429,North,West,5692000.0,78.10487805,5276.838422866666
395,Finland,FIN,1,2,1,4,1996,Atlanta,USA,132.129,North,East,5124573.0,76.69341463,4940.61010778
396,Armenia,ARM,1,1,0,2,1996,Atlanta,USA,1.596968946,North,East,3168213.0,69.404,4833.087700466667
397,Indonesia,IDN,1,1,2,4,1996,Atlanta,USA,227.37,South,East,199901231.0,64.637,6727.829790066666
399,France,FRA,15,7,15,37,1996,Atlanta,USA,1605.68,North,East,59753095.0,77.95365854,4657.586983086667
400,Italy,ITA,13,10,12,35,1996,Atlanta,USA,1312.43,North,East,56860281.0,78.52195122,4550.87002624
401,Algeria,DZA,2,0,1,3,1996,Atlanta,USA,46.941582519,North,East,29266415.0,68.919,4616.55255802
402,Ethiopia,ETH,2,0,1,3,1996,Atlanta,USA,8.547939731,North,East,58883531.0,49.81,5218.3524252
403,United Kingdom,GBR,1,8,6,15,1996,Atlanta,USA,1415.39,North,West,58166950.0,77.08780488,4727.1456612
404,Sweden,SWE,2,4,2,8,1996,Atlanta,USA,291.744,North,East,8840998.0,78.95902439,4888.82392808
405,Iran,IRN,1,1,1,3,1996,Atlanta,USA,120.404,North,East,62294919.0,68.791,4946.229137266666
407,Canada,CAN,3,11,8,22,1996,Atlanta,USA,628.546,North,West,29610218.0,78.1804878,6264.481855317333
408,Costa Rica,CRI,1,0,0,1,1996,Atlanta,USA,11.678424512,North,West,3632361.0,76.765,6772.216453066667
409,Zambia,ZMB,0,1,0,1,1996,Atlanta,USA,3.597220962,South,East,9339740.0,43.735,5970.820348333334
410,Uzbekistan,UZB,0,1,1,2,1996,Atlanta,USA,13.948892216,North,East,23225000.0,66.494,5259.327183133332
411,Uganda,UGA,0,0,1,1,1996,Atlanta,USA,6.044585327,North,East,21032817.0,43.899,5437.071324866667
412,Belarus,BLR,1,6,8,15,1996,Atlanta,USA,14.756846154,North,East,10160000.0,68.51219512,4770.616006033334
414,Jamaica,JAM,1,3,2,6,1996,Atlanta,USA,7.393883555,North,West,2558631.0,74.167,6373.497472599998
415,Slovakia,SVK,1,1,1,3,1996,Atlanta,USA,27.925036755,North,East,5373361.0,72.65365854,4608.349577246667
417,Kenya,KEN,1,4,3,8,1996,Atlanta,USA,12.045858436,South,East,28589456.0,52.709,5507.264520666667
418,Namibia,NAM,0,2,0,2,1996,Atlanta,USA,3.989208671,South,East,1663378.0,57.179,6234.273930866665
419,Spain,ESP,5,6,6,17,1996,Atlanta,USA,642.589,North,West,39889852.0,78.1204878,4676.2183132733335
420,New Zealand,NZL,3,2,1,6,1996,Atlanta,USA,70.140835299,South,East,3732000.0,76.78780488,10162.121673733332
422,Romania,ROU,4,7,9,20,1996,Atlanta,USA,36.937074278,North,East,22619004.0,69.10487805,4620.2260788466665
423,Malaysia,MYS,0,1,1,2,1996,Atlanta,USA,100.855,North,East,21017619.0,71.972,6345.212369933332
424,Lithuania,LTU,0,0,1,1,1996,Atlanta,USA,8.382519637,North,East,3601613.0,70.10804878,4777.694243266667
425,Puerto Rico,PRI,0,0,1,1,1996,Atlanta,USA,45.340835,North,West,3724655.0,74.36146341,6087.802239133333
426,Norway,NOR,2,2,3,7,1996,Atlanta,USA,163.52,North,East,4381336.0,78.1504878,4905.527072446666
427,Poland,POL,7,5,5,17,1996,Atlanta,USA,160.193,North,East,38624370.0,72.24634146,4703.426059553332
428,South Korea,KOR,7,15,5,27,1996,Atlanta,USA,610.17,North,East,45524681.0,74.15121951,6422.407918860001
429,Mexico,MEX,0,0,1,1,1996,Atlanta,USA,410.976,North,West,93147045.0,72.925,7089.6430021333335
430,South Africa,ZAF,3,1,1,5,1996,Atlanta,USA,147.608,South,East,42241007.0,60.595,6388.8926753333335
431,Mozambique,MOZ,0,0,1,1,1996,Atlanta,USA,3.856799844,South,East,15960445.0,47.47,6411.842840133334
432,Moldova,MDA,0,1,1,2,1996,Atlanta,USA,1.695122174,North,East,2946401.0,66.761,4669.953369386667
433,Portugal,PRT,1,0,1,2,1996,Atlanta,USA,122.63,North,West,10063945.0,75.26097561,4772.601500306666
434,Ukraine,UKR,9,2,12,23,1996,Atlanta,USA,44.558076852,North,East,51057800.0,67.02243902,4731.877346073334
435,Hungary,HUN,7,4,10,21,1996,Atlanta,USA,46.658755152,North,East,10311238.0,70.32878049,4606.2260906
436,Tunisia,TUN,0,0,1,1,1996,Atlanta,USA,19.587322786,North,East,9267335.0,71.921,4575.978044073333
437,Bahamas,BHS,0,1,0,1,1996,Atlanta,USA,3.609,North,West,283980.0,71.589,6296.32602934
438,Belgium,BEL,2,2,2,6,1996,Atlanta,USA,279.201,North,East,10156637.0,77.18731707,4675.567093086667
439,Switzerland,CHE,4,3,0,7,1996,Atlanta,USA,340.471,North,East,7071850.0,78.89609756,4591.695619313333
440,Austria,AUT,0,1,2,3,1996,Atlanta,USA,237.251,North,East,7959017.0,76.87073171,4604.9858421
441,Kazakhstan,KAZ,3,4,4,11,1996,Atlanta,USA,21.035368251,North,East,15578227.0,63.6,5407.725040866668
442,Croatia,HRV,1,1,0,2,1996,Atlanta,USA,23.846613059,North,East,4557097.0,72.36536585,4571.386284686667
443,Japan,JPN,3,6,5,14,1996,Atlanta,USA,4833.71,North,East,125757000.0,80.2002439,6878.392655666668
444,Nigeria,NGA,2,1,3,6,1996,Atlanta,USA,51.075815093,North,East,110668784.0,45.88,5132.154626533334
446,Philippines,PHL,0,1,0,1,1996,Atlanta,USA,82.848140618,North,East,71401743.0,68.431,6570.342239333335
447,Slovenia,SVN,0,2,0,2,1996,Atlanta,USA,21.507232649,North,East,1988628.0,74.45853659,4572.73260364
448,Latvia,LVA,0,1,0,1,1996,Atlanta,USA,5.969114344,North,East,2457222.0,68.77658537,4827.814877173334
449,Russia,RUS,26,21,16,63,1996,Atlanta,USA,391.725,North,East,148160129.0,65.85414634,4889.668522333333
451,Netherlands,NLD,4,5,10,19,1996,Atlanta,USA,450.49,North,East,15530498.0,77.43560976,4712.265299573333
452,Ireland,IRL,0,1,0,1,2000,Sydney,AUS,99.871239174,North,West,3805174.0,76.53658537,4872.6161907666665
453,Algeria,DZA,1,1,3,5,2000,Sydney,AUS,54.790379459,North,East,31042238.0,70.64,4616.55255802
454,Jamaica,JAM,0,6,3,9,2000,Sydney,AUS,9.005064475,North,West,2654698.0,74.142,6373.497472599998
455,Qatar,QAT,0,0,1,1,2000,Sydney,AUS,17.75989011,North,East,592467.0,77.467,5031.895296600001
456,Spain,ESP,3,3,5,11,2000,Sydney,AUS,596.878,North,West,40567864.0,78.96585366,4676.2183132733335
457,Iran,IRN,3,0,1,4,2000,Sydney,AUS,109.592,North,East,65623397.0,70.176,4946.229137266666
458,Sweden,SWE,4,5,3,12,2000,Sydney,AUS,262.835,North,East,8872109.0,79.64390244,4888.82392808
459,Hungary,HUN,8,6,3,17,2000,Sydney,AUS,47.218405892,North,East,10210971.0,71.24634146,4606.2260906
460,Indonesia,IDN,1,3,2,6,2000,Sydney,AUS,165.021,South,East,211513822.0,65.772,6727.829790066666
461,Japan,JPN,5,8,5,18,2000,Sydney,AUS,4887.52,North,East,126843000.0,81.07609756,6878.392655666668
462,Armenia,ARM,0,0,1,1,2000,Sydney,AUS,1.911563669,North,East,3069597.0,71.409,4833.087700466667
463,India,IND,0,0,1,1,2000,Sydney,AUS,468.395,North,East,1056575548.0,62.505,5416.461758133333
464,Australia,AUS,16,25,17,58,2000,Sydney,AUS,415.223,South,East,19153000.0,79.23414634,8930.279554713334
465,Kazakhstan,KAZ,3,4,0,7,2000,Sydney,AUS,18.291994909,North,East,14883626.0,65.45,5407.725040866668
466,Iceland,ISL,0,0,1,1,2000,Sydney,AUS,9.025660362,North,West,281205.0,79.65365854,5458.149684733334
467,Israel,ISR,0,0,1,1,2000,Sydney,AUS,132.705,North,West,6289000.0,78.95365854,5276.838422866666
468,Argentina,ARG,0,2,2,4,2000,Sydney,AUS,284.204,South,West,36870796.0,73.576,7691.760326333334
469,Italy,ITA,13,8,13,34,2000,Sydney,AUS,1143.83,North,East,56942108.0,79.77804878,4550.87002624
470,France,FRA,13,14,11,38,2000,Sydney,AUS,1362.25,North,East,60912500.0,79.05609756,4657.586983086667
471,South Korea,KOR,8,10,10,28,2000,Sydney,AUS,576.178,North,East,47008111.0,75.9097561,6422.407918860001
472,Portugal,PRT,0,0,2,2,2000,Sydney,AUS,118.311,North,West,10289898.0,76.31463415,4772.601500306666
473,Latvia,LVA,1,1,1,3,2000,Sydney,AUS,7.949253766,North,East,2367550.0,70.31463415,4827.814877173334
474,Poland,POL,6,5,3,14,2000,Sydney,AUS,172.219,North,East,38258629.0,73.74878049,4703.426059553332
475,Nigeria,NGA,1,2,0,3,2000,Sydney,AUS,69.448756933,North,East,122283853.0,46.267,5132.154626533334
476,Georgia,GEO,0,0,6,6,2000,Sydney,AUS,3.057475335,North,East,4077131.0,69.902,4838.941393200001
477,Lithuania,LTU,2,0,3,5,2000,Sydney,AUS,11.524776867,North,East,3499536.0,72.0195122,4777.694243266667
478,Azerbaijan,AZE,2,0,1,3,2000,Sydney,AUS,5.272798391,North,East,8048600.0,66.763,4916.379435
479,Thailand,THA,1,0,2,3,2000,Sydney,AUS,126.392,North,East,62952639.0,70.623,6073.180027466665
480,Greece,GRC,4,6,3,13,2000,Sydney,AUS,130.134,North,East,10805808.0,77.88780488,4570.22862004
481,Macedonia,MKD,0,0,1,1,2000,Sydney,AUS,3.773653058,North,East,2034823.0,73.267,4570.159200186667
482,Bahamas,BHS,2,0,1,3,2000,Sydney,AUS,8.07647,North,West,298045.0,71.914,6296.32602934
483,South Africa,ZAF,0,2,3,5,2000,Sydney,AUS,136.362,South,East,44967713.0,56.048,6388.8926753333335
484,Finland,FIN,2,1,1,4,2000,Sydney,AUS,125.707,North,East,5176209.0,77.46585366,4940.61010778
486,Kyrgyzstan,KGZ,0,0,1,1,2000,Sydney,AUS,1.369688498,North,East,4898400.0,68.55853659,5366.259770333333
487,Romania,ROU,11,6,9,26,2000,Sydney,AUS,37.253259017,North,East,22442971.0,71.16341463,4620.2260788466665
488,Kuwait,KWT,0,0,1,1,2000,Sydney,AUS,37.712842243,North,East,2045123.0,73.142,4936.3273051333335
490,Switzerland,CHE,1,6,2,9,2000,Sydney,AUS,279.841,North,East,7184250.0,79.6804878,4591.695619313333
491,Germany,DEU,13,17,26,56,2000,Sydney,AUS,1943.15,North,East,82211508.0,77.92682927,4684.012143373334
492,Kenya,KEN,2,3,2,7,2000,Sydney,AUS,12.705357103,South,East,31964557.0,50.921,5507.264520666667
494,Colombia,COL,1,0,0,1,2000,Sydney,AUS,99.886577331,North,West,39629965.0,72.945,6596.774323
495,New Zealand,NZL,1,0,3,4,2000,Sydney,AUS,52.623281957,South,East,3857700.0,78.63658537,10162.121673733332
496,Canada,CAN,3,3,8,14,2000,Sydney,AUS,744.773,North,West,30685730.0,79.13658537,6264.481855317333
497,Saudi Arabia,SAU,0,1,1,2,2000,Sydney,AUS,189.515,North,East,20663840.0,72.561,4975.397389466667
499,Chile,CHL,0,0,1,1,2000,Sydney,AUS,77.860932152,South,West,15342350.0,76.366,7824.832181866667
500,China,CHN,28,16,14,58,2000,Sydney,AUS,1211.35,North,East,1262645000.0,71.397,6152.341139926667
502,Mozambique,MOZ,1,0,0,1,2000,Sydney,AUS,5.656473652,South,East,17711925.0,48.946,6411.842840133334
503,Estonia,EST,1,0,2,3,2000,Sydney,AUS,5.694069842,North,East,1396985.0,70.41707317,4908.7880147999995
504,Belarus,BLR,3,3,11,17,2000,Sydney,AUS,12.738912134,North,East,9979610.0,68.91219512,4770.616006033334
505,Slovenia,SVN,2,0,0,2,2000,Sydney,AUS,20.289627637,North,East,1988925.0,75.41219512,4572.73260364
506,Moldova,MDA,0,1,1,2,2000,Sydney,AUS,1.288429392,North,East,2923783.0,67.006,4669.953369386667
507,Belgium,BEL,0,2,3,5,2000,Sydney,AUS,236.205,North,East,10251250.0,77.72195122,4675.567093086667
508,Vietnam,VNM,0,1,0,1,2000,Sydney,AUS,31.172518403,North,East,79910411.0,73.025,6049.7034018
509,Brazil,BRA,0,6,6,12,2000,Sydney,AUS,655.421,South,West,174790339.0,70.116,6524.317218993334
510,Russia,RUS,32,28,29,89,2000,Sydney,AUS,259.71,North,East,146596869.0,65.48365854,4889.668522333333
511,Ukraine,UKR,3,10,10,23,2000,Sydney,AUS,31.261718319,North,East,49176500.0,67.67560976,4731.877346073334
512,United States,USA,37,24,32,93,2000,Sydney,AUS,10252.3,North,West,282162411.0,76.63658537,6262.408512226667
513,Croatia,HRV,1,0,1,2,2000,Sydney,AUS,21.633759451,North,East,4468302.0,72.80780488,4571.386284686667
514,Austria,AUT,2,1,0,3,2000,Sydney,AUS,196.8,North,East,8011566.0,78.12682927,4604.9858421
515,Mexico,MEX,1,2,3,6,2000,Sydney,AUS,707.907,North,West,98899845.0,74.34,7089.6430021333335
516,Uruguay,URY,0,1,0,1,2000,Sydney,AUS,22.823255802,South,West,3319734.0,74.731,7513.944150333335
517,Uzbekistan,UZB,1,1,2,4,2000,Sydney,AUS,13.760513969,North,East,24650400.0,67.156,5259.327183133332
518,Barbados,BRB,0,0,1,1,2000,Sydney,AUS,3.0595,North,West,271511.0,77.162,6011.813959533333
519,Costa Rica,CRI,0,0,2,2,2000,Sydney,AUS,15.013629665,North,West,3962369.0,77.452,6772.216453066667
520,Slovakia,SVK,1,3,1,5,2000,Sydney,AUS,29.169953013,North,East,5388720.0,73.05121951,4608.349577246667
521,Norway,NOR,4,3,3,10,2000,Sydney,AUS,171.247,North,East,4490967.0,78.63414634,4905.527072446666
522,Denmark,DNK,2,3,1,6,2000,Sydney,AUS,164.159,North,East,5339616.0,76.59268293,4769.836091046666
523,Bulgaria,BGR,5,6,2,13,2000,Sydney,AUS,13.245833844,North,East,8170172.0,71.66341463,4584.094277499999
524,Czech Republic,CZE,2,3,3,8,2000,Sydney,AUS,61.828166496,North,East,10255063.0,74.96829268,4632.779909539999
525,Cuba,CUB,11,11,7,29,2000,Sydney,AUS,30.5654,North,West,11126423.0,76.699,6467.743547433332
526,Ethiopia,ETH,4,1,3,8,2000,Sydney,AUS,8.242392104,North,East,66224809.0,51.941,5218.3524252
527,Cameroon,CMR,1,0,0,1,2000,Sydney,AUS,10.109045071,North,East,15513944.0,50.993,5286.381802733334
528,Netherlands,NLD,12,9,4,25,2000,Sydney,AUS,416.443,North,East,15925513.0,77.98780488,4712.265299573333
529,United Kingdom,GBR,11,10,7,28,2000,Sydney,AUS,1658.19,North,West,58892514.0,77.74146341,4727.1456612
531,Turkey,TUR,3,0,2,5,2000,Sydney,AUS,274.303,North,East,63240196.0,70.005,4669.0263621799995
532,Greece,GRC,6,6,4,16,2004,Athens,GRC,240.521,North,East,10955141.0,79.03902439,4570.22862004
534,Switzerland,CHE,1,1,3,5,2004,Athens,GRC,405.531,North,East,7389625.0,81.08780488,4591.695619313333
535,Israel,ISR,1,0,1,2,2004,Athens,GRC,135.728,North,West,6809000.0,80.14634146,5276.838422866666
536,Iran,IRN,2,2,2,6,2004,Athens,GRC,190.043,North,East,68951279.0,71.592,4946.229137266666
537,Jamaica,JAM,2,1,2,5,2004,Athens,GRC,10.174664854,North,West,2725017.0,74.146,6373.497472599998
538,Spain,ESP,3,11,6,20,2004,Athens,GRC,1067.09,North,West,42921895.0,79.87073171,4676.2183132733335
540,Indonesia,IDN,1,1,2,4,2004,Athens,GRC,256.837,South,East,223285666.0,66.969,6727.829790066666
541,Japan,JPN,16,9,12,37,2004,Athens,GRC,4815.15,North,East,127761000.0,82.0302439,6878.392655666668
542,India,IND,0,1,0,1,2004,Athens,GRC,709.149,North,East,1129623466.0,64.095,5416.461758133333
543,Zimbabwe,ZWE,1,1,1,3,2004,Athens,GRC,5.8055984,South,East,12019911.0,43.065,6067.669821066667
544,Kazakhstan,KAZ,1,4,3,8,2004,Athens,GRC,43.151647003,North,East,15012984.0,66.06,5407.725040866668
545,Hungary,HUN,8,6,3,17,2004,Athens,GRC,103.96,North,East,10107146.0,72.64878049,4606.2260906
546,Dominican Republic,DOM,1,0,0,1,2004,Athens,GRC,22.322395368,North,West,8974444.0,70.499,6178.694056066667
547,Sweden,SWE,4,2,1,7,2004,Athens,GRC,385.118,North,East,8993531.0,80.49756098,4888.82392808
548,Netherlands,NLD,4,9,9,22,2004,Athens,GRC,657.172,North,East,16281779.0,79.09512195,4712.265299573333
549,Colombia,COL,0,0,2,2,2004,Athens,GRC,117.082,North,West,42075953.0,74.026,6596.774323
551,Slovakia,SVK,2,2,2,6,2004,Athens,GRC,57.332015148,North,East,5372280.0,73.95853659,4608.349577246667
552,China,CHN,32,17,14,63,2004,Athens,GRC,1955.35,North,East,1296075000.0,72.689,6152.341139926667
553,Eritrea,ERI,0,0,1,1,2004,Athens,GRC,1.109054005,North,East,2719809.0,57.932,5064.849686133334
554,Egypt,EGY,1,1,3,5,2004,Athens,GRC,78.782467532,North,East,74172073.0,69.271,4721.534723780001
557,New Zealand,NZL,3,2,0,5,2004,Athens,GRC,103.905,South,East,4087500.0,79.54878049,10162.121673733332
558,United Arab Emirates,ARE,1,0,0,1,2004,Athens,GRC,147.824,North,East,4068577.0,75.174,5084.586666866668
559,Cuba,CUB,9,7,11,27,2004,Athens,GRC,38.203,North,West,11250369.0,77.499,6467.743547433332
560,Croatia,HRV,1,2,2,5,2004,Athens,GRC,41.587470547,North,East,4304600.0,75.5202439,4571.386284686667
561,Denmark,DNK,2,1,5,8,2004,Athens,GRC,251.373,North,East,5404523.0,77.49268293,4769.836091046666
563,Turkey,TUR,3,3,4,10,2004,Athens,GRC,408.876,North,East,67010930.0,72.004,4669.0263621799995
564,Ukraine,UKR,8,5,9,22,2004,Athens,GRC,64.819702952,North,East,47451626.0,68.18536585,4731.877346073334
565,Czech Republic,CZE,1,3,5,9,2004,Athens,GRC,119.814,North,East,10197101.0,75.72195122,4632.779909539999
566,Estonia,EST,0,1,2,3,2004,Athens,GRC,12.144397516,North,East,1362550.0,71.9097561,4908.7880147999995
567,Slovenia,SVN,0,1,3,4,2004,Athens,GRC,34.414784504,North,East,1997012.0,77.20731707,4572.73260364
568,Kenya,KEN,1,4,2,7,2004,Athens,GRC,16.095337094,South,East,35635267.0,53.475,5507.264520666667
569,Syria,SYR,0,0,1,1,2004,Athens,GRC,25.086930693,North,East,17827827.0,74.25,4741.878703053333
571,Argentina,ARG,2,0,4,6,2004,Athens,GRC,164.658,South,West,38491970.0,74.28,7691.760326333334
572,Norway,NOR,5,0,1,6,2004,Athens,GRC,264.512,North,East,4591910.0,79.84146341,4905.527072446666
573,Portugal,PRT,0,2,1,3,2004,Athens,GRC,189.035,North,West,10483861.0,77.67073171,4772.601500306666
574,Cameroon,CMR,1,0,0,1,2004,Athens,GRC,17.462229589,North,East,17259322.0,52.321,5286.381802733334
575,Belarus,BLR,2,5,6,13,2004,Athens,GRC,23.144351852,North,East,9730146.0,68.95609756,4770.616006033334
576,Paraguay,PRY,0,1,0,1,2004,Athens,GRC,9.624440836,South,West,5730556.0,71.464,7123.698477926666
577,Bahamas,BHS,1,0,1,2,2004,Athens,GRC,9.05529,North,West,318893.0,71.988,6296.32602934
578,Romania,ROU,8,5,6,19,2004,Athens,GRC,74.972669057,North,East,21451748.0,71.56097561,4620.2260788466665
579,Uzbekistan,UZB,2,1,2,5,2004,Athens,GRC,12.030023548,North,East,25864350.0,68.135,5259.327183133332
580,Nigeria,NGA,0,0,2,2,2004,Athens,GRC,136.386,North,East,135320420.0,47.72,5132.154626533334
581,Russia,RUS,28,26,36,90,2004,Athens,GRC,591.017,North,East,144067316.0,65.47097561,4889.668522333333
582,Bulgaria,BGR,2,1,9,12,2004,Athens,GRC,26.157894737,North,East,7716860.0,72.56341463,4584.094277499999
583,Poland,POL,3,2,5,10,2004,Athens,GRC,255.11,North,East,38182222.0,74.84634146,4703.426059553332
584,South Korea,KOR,9,12,9,30,2004,Athens,GRC,793.175,North,East,48082519.0,77.66585366,6422.407918860001
585,United Kingdom,GBR,9,9,12,30,2004,Athens,GRC,2412.05,North,West,59987905.0,78.74634146,4727.1456612
586,Azerbaijan,AZE,1,0,4,5,2004,Athens,GRC,8.680370408,North,East,8306500.0,68.249,4916.379435
587,Canada,CAN,3,6,3,12,2004,Athens,GRC,1026.69,North,West,31940655.0,79.89268293,6264.481855317333
588,Venezuela,VEN,0,0,2,2,2004,Athens,GRC,112.453,North,West,25996594.0,72.746,6249.5811494
589,Latvia,LVA,0,4,0,4,2004,Athens,GRC,14.401882399,North,East,2263122.0,72.02682927,4827.814877173334
590,Austria,AUT,2,4,1,7,2004,Athens,GRC,300.904,North,East,8171966.0,79.1804878,4604.9858421
591,Germany,DEU,13,16,20,49,2004,Athens,GRC,2809.19,North,East,82516260.0,78.6804878,4684.012143373334
592,Georgia,GEO,2,2,0,4,2004,Athens,GRC,5.125365192,North,East,3927340.0,70.451,4838.941393200001
593,Lithuania,LTU,1,2,0,3,2004,Athens,GRC,22.627507452,North,East,3377075.0,71.96097561,4777.694243266667
594,France,FRA,11,9,13,33,2004,Athens,GRC,2115.74,North,East,62704901.0,80.16341463,4657.586983086667
595,South Africa,ZAF,1,3,2,6,2004,Athens,GRC,228.59,South,East,47291610.0,53.444,6388.8926753333335
596,Chile,CHL,2,0,1,3,2004,Athens,GRC,99.210392858,South,West,16014972.0,77.391,7824.832181866667
597,Thailand,THA,3,1,4,8,2004,Athens,GRC,172.896,North,East,64995303.0,71.728,6073.180027466665
598,Ethiopia,ETH,2,3,2,7,2004,Athens,GRC,10.131187261,North,East,74239508.0,55.174,5218.3524252
599,Brazil,BRA,5,2,3,10,2004,Athens,GRC,669.317,South,West,184006479.0,71.531,6524.317218993334
600,United States,USA,36,39,26,101,2004,Athens,GRC,12213.7,North,West,292805298.0,77.48780488,6262.408512226667
601,Belgium,BEL,1,0,2,3,2004,Athens,GRC,368.537,North,East,10421137.0,78.87804878,4675.567093086667
602,Australia,AUS,17,16,17,50,2004,Athens,GRC,612.49,South,East,20127400.0,80.4902439,8930.279554713334
603,Finland,FIN,0,2,0,2,2004,Athens,GRC,197.117,North,East,5228172.0,78.71463415,4940.61010778
604,Mexico,MEX,0,3,1,4,2004,Athens,GRC,782.241,North,West,104514934.0,75.243,7089.6430021333335
605,Italy,ITA,10,11,11,32,2004,Athens,GRC,1803.23,North,East,57685327.0,80.7804878,4550.87002624
606,France,FRA,7,16,20,43,2008,Beijing,CHN,2918.38,North,East,64374979.0,81.21463415,4657.586983086667
607,Jamaica,JAM,5,4,2,11,2008,Beijing,CHN,13.709402085,North,West,2781869.0,74.103,6373.497472599998
608,Egypt,EGY,0,0,2,2,2008,Beijing,CHN,162.818,North,East,79636081.0,69.971,4721.534723780001
609,Estonia,EST,1,1,0,2,2008,Beijing,CHN,24.371299253,North,East,1337090.0,73.77073171,4908.7880147999995
610,Ethiopia,ETH,4,2,1,7,2008,Beijing,CHN,27.066912635,North,East,82916236.0,59.581,5218.3524252
611,Italy,ITA,8,9,10,27,2008,Beijing,CHN,2398.86,North,East,58826731.0,81.48536585,4550.87002624
612,Israel,ISR,0,0,1,1,2008,Beijing,CHN,216.339,North,West,7308800.0,80.95121951,5276.838422866666
613,Finland,FIN,1,1,2,4,2008,Beijing,CHN,284.554,North,East,5313399.0,79.56829268,4940.61010778
614,Japan,JPN,9,8,8,25,2008,Beijing,CHN,5037.91,North,East,128063000.0,82.58756098,6878.392655666668
615,Iceland,ISL,0,1,0,1,2008,Beijing,CHN,18.074622987,North,West,317414.0,81.6097561,5458.149684733334
616,Iran,IRN,1,0,1,2,2008,Beijing,CHN,412.336,North,East,72120608.0,73.027,4946.229137266666
617,Indonesia,IDN,1,1,4,6,2008,Beijing,CHN,510.229,South,East,235469755.0,68.485,6727.829790066666
618,Georgia,GEO,3,2,2,7,2008,Beijing,CHN,12.795076469,North,East,3848449.0,70.946,4838.941393200001
619,Germany,DEU,16,11,14,41,2008,Beijing,CHN,3730.03,North,East,82110097.0,79.73658537,4684.012143373334
620,Greece,GRC,0,2,1,3,2008,Beijing,CHN,354.461,North,East,11077841.0,79.93902439,4570.22862004
621,India,IND,1,0,2,3,2008,Beijing,CHN,1198.9,North,East,1200669762.0,65.794,5416.461758133333
622,Ecuador,ECU,0,1,0,1,2008,Beijing,CHN,61.762635,South,West,14535740.0,74.705,6849.429354733335
623,Ireland,IRL,0,1,2,3,2008,Beijing,CHN,274.82,North,West,4489544.0,80.09512195,4872.6161907666665
624,Cameroon,CMR,1,0,0,1,2008,Beijing,CHN,26.516681614,North,East,19252674.0,54.153,5286.381802733334
625,Canada,CAN,3,9,8,20,2008,Beijing,CHN,1552.99,North,West,33247118.0,80.69512195,6264.481855317333
627,Armenia,ARM,0,1,4,5,2008,Beijing,CHN,11.662040714,North,East,2907615.0,72.946,4833.087700466667
628,Dominican Republic,DOM,1,1,0,2,2008,Beijing,CHN,48.122547177,North,West,9458079.0,71.559,6178.694056066667
629,Austria,AUT,0,1,2,3,2008,Beijing,CHN,430.294,North,East,8321496.0,80.43170732,4604.9858421
630,Azerbaijan,AZE,1,1,4,6,2008,Beijing,CHN,48.85248296,North,East,8763400.0,70.201,4916.379435
632,Bulgaria,BGR,1,1,3,5,2008,Beijing,CHN,54.43896642,North,East,7492561.0,72.96341463,4584.094277499999
633,Algeria,DZA,0,1,1,2,2008,Beijing,CHN,171.001,North,East,34730604.0,74.311,4616.55255802
634,Brazil,BRA,3,4,10,17,2008,Beijing,CHN,1695.82,South,West,192030362.0,72.966,6524.317218993334
635,Netherlands,NLD,7,5,4,16,2008,Beijing,CHN,947.998,North,East,16445593.0,80.25121951,4712.265299573333
636,Australia,AUS,14,15,17,46,2008,Beijing,CHN,1054.0,South,East,21249200.0,81.39512195,8930.279554713334
637,Argentina,ARG,2,0,4,6,2008,Beijing,CHN,361.558,South,West,40080159.0,74.952,7691.760326333334
638,Bahamas,BHS,0,1,1,2,2008,Beijing,CHN,10.526,North,West,343680.0,72.022,6296.32602934
639,Portugal,PRT,1,1,0,2,2008,Beijing,CHN,262.345,North,West,10558177.0,78.52439024,4772.601500306666
640,Belgium,BEL,2,0,0,2,2008,Beijing,CHN,515.224,North,East,10709973.0,79.6804878,4675.567093086667
641,Nigeria,NGA,0,3,2,5,2008,Beijing,CHN,337.036,North,East,150269622.0,49.913,5132.154626533334
642,Panama,PAN,1,0,0,1,2008,Beijing,CHN,25.1558886,North,West,3516204.0,76.414,6636.837866
643,New Zealand,NZL,3,2,4,9,2008,Beijing,CHN,133.131,South,East,4259800.0,80.35121951,10162.121673733332
644,Norway,NOR,3,5,1,9,2008,Beijing,CHN,462.25,North,East,4768212.0,80.59268293,4905.527072446666
645,Poland,POL,4,5,2,11,2008,Beijing,CHN,533.609,North,East,38125759.0,75.54390244,4703.426059553332
646,Belarus,BLR,3,4,7,14,2008,Beijing,CHN,60.763483146,North,East,9527985.0,70.45609756,4770.616006033334
647,Malaysia,MYS,0,1,0,1,2008,Beijing,CHN,230.814,North,East,27236003.0,74.118,6345.212369933332
649,Latvia,LVA,1,1,1,3,2008,Beijing,CHN,35.756225698,North,East,2177322.0,72.4195122,4827.814877173334
650,Moldova,MDA,0,0,1,1,2008,Beijing,CHN,6.054849885,North,East,2867964.0,68.671,4669.953369386667
651,Sudan,SDN,0,1,0,1,2008,Beijing,CHN,54.526580232,North,East,33060844.0,61.879,5011.803828400001
653,Uzbekistan,UZB,0,1,3,4,2008,Beijing,CHN,29.549438884,North,East,27302800.0,69.193,5259.327183133332
654,Venezuela,VEN,0,0,1,1,2008,Beijing,CHN,315.953,North,West,27635827.0,73.071,6249.5811494
655,Thailand,THA,2,2,2,6,2008,Beijing,CHN,291.383,North,East,66530980.0,73.341,6073.180027466665
656,Togo,TGO,0,0,1,1,2008,Beijing,CHN,3.32367713,North,East,6083417.0,56.178,5243.072001466668
657,Slovakia,SVK,3,3,0,6,2008,Beijing,CHN,100.47,North,East,5379233.0,74.70487805,4608.349577246667
658,Slovenia,SVN,1,2,2,5,2008,Beijing,CHN,55.552509155,North,East,2021316.0,78.76585366,4572.73260364
659,Tajikistan,TJK,0,1,1,2,2008,Beijing,CHN,5.161337336,North,East,7209924.0,67.911,5237.215110533334
661,United Kingdom,GBR,19,13,19,51,2008,Beijing,CHN,2921.43,North,West,61806995.0,79.6,4727.1456612
662,United States,USA,36,39,37,112,2008,Beijing,CHN,14712.8,North,West,304093966.0,78.03902439,6262.408512226667
663,Vietnam,VNM,0,1,0,1,2008,Beijing,CHN,99.130304099,North,East,86243424.0,74.625,6049.7034018
664,Samoa,WSM,0,1,0,1,2008,Beijing,CHN,0.6192607216,South,West,183270.0,71.158,11232.673214266666
665,Ukraine,UKR,7,4,11,22,2008,Beijing,CHN,179.817,North,East,46258189.0,68.25146341,4731.877346073334
666,Sweden,SWE,0,4,1,5,2008,Beijing,CHN,517.706,North,East,9219637.0,81.1,4888.82392808
667,Spain,ESP,5,11,3,19,2008,Beijing,CHN,1625.22,North,West,45954106.0,81.17560976,4676.2183132733335
669,Switzerland,CHE,2,1,4,7,2008,Beijing,CHN,570.304,North,East,7647675.0,81.99268293,4591.695619313333
670,Romania,ROU,4,1,4,9,2008,Beijing,CHN,214.314,North,East,20537875.0,72.56585366,4620.2260788466665
671,Tunisia,TUN,1,0,0,1,2008,Beijing,CHN,44.860969077,North,East,10414425.0,74.72,4575.978044073333
672,Turkey,TUR,1,1,3,5,2008,Beijing,CHN,770.462,North,East,70418612.0,73.649,4669.0263621799995
673,South Korea,KOR,13,11,8,32,2008,Beijing,CHN,1047.34,North,East,49054708.0,79.51707317,6422.407918860001
674,China,CHN,48,22,30,100,2008,Beijing,CHN,4594.31,North,East,1324655000.0,73.835,6152.341139926667
676,Mexico,MEX,2,0,2,4,2008,Beijing,CHN,1109.99,North,West,110815272.0,75.194,7089.6430021333335
678,Hungary,HUN,3,5,2,10,2008,Beijing,CHN,158.136,North,East,10038188.0,73.70243902,4606.2260906
679,Croatia,HRV,0,2,3,5,2008,Beijing,CHN,70.234425974,North,East,4309705.0,75.91219512,4571.386284686667
680,Kazakhstan,KAZ,2,3,4,9,2008,Beijing,CHN,133.442,North,East,15776938.0,67.11,5407.725040866668
681,Lithuania,LTU,0,3,2,5,2008,Beijing,CHN,47.797551588,North,East,3198231.0,71.81219512,4777.694243266667
682,Chile,CHL,0,1,0,1,2008,Beijing,CHN,179.638,South,West,16708255.0,78.33,7824.832181866667
683,Cuba,CUB,3,10,17,30,2008,Beijing,CHN,60.8063,North,West,11236975.0,78.15,6467.743547433332
684,Kyrgyzstan,KGZ,0,1,2,3,2008,Beijing,CHN,5.139957785,North,East,5318700.0,68.45121951,5366.259770333333
685,South Africa,ZAF,0,1,0,1,2008,Beijing,CHN,286.77,South,East,49779472.0,55.36,6388.8926753333335
686,Russia,RUS,24,13,23,60,2008,Beijing,CHN,1660.85,North,East,142742366.0,67.94926829,4889.668522333333
687,Afghanistan,AFG,0,0,1,1,2008,Beijing,CHN,10.109225814,North,East,27722281.0,59.93,5247.8657263333325
688,Colombia,COL,0,2,1,3,2008,Beijing,CHN,242.187,North,West,44254972.0,74.962,6596.774323
689,Denmark,DNK,2,2,3,7,2008,Beijing,CHN,353.361,North,East,5493621.0,78.44634146,4769.836091046666
690,Czech Republic,CZE,3,3,1,7,2008,Beijing,CHN,236.816,North,East,10384603.0,76.97560976,4632.779909539999
691,Kenya,KEN,6,4,6,16,2008,Beijing,CHN,35.895153328,South,East,39791984.0,58.76,5507.264520666667
692,Zimbabwe,ZWE,1,3,0,4,2008,Beijing,CHN,4.4157028,South,East,12379553.0,46.504,6067.669821066667
693,Lithuania,LTU,2,0,3,5,2012,London,GBR,42.927454291,North,East,2987773.0,73.86341463,4777.694243266667
694,Latvia,LVA,1,0,1,2,2012,London,GBR,28.324787664,North,East,2034319.0,73.77804878,4827.814877173334
695,Kuwait,KWT,0,0,1,1,2012,London,GBR,174.07,North,East,3348852.0,74.728,4936.3273051333335
696,Netherlands,NLD,6,6,8,20,2012,London,GBR,838.971,North,East,16754962.0,81.10487805,4712.265299573333
697,Kenya,KEN,2,4,7,13,2012,London,GBR,50.412754861,South,East,44343469.0,62.659,5507.264520666667
698,South Korea,KOR,13,9,8,30,2012,London,GBR,1278.43,North,East,50199853.0,80.8195122,6422.407918860001
700,New Zealand,NZL,6,2,5,13,2012,London,GBR,176.207,South,East,4408100.0,81.15609756,10162.121673733332
701,Saudi Arabia,SAU,0,0,1,1,2012,London,GBR,735.975,North,East,29154906.0,74.254,4975.397389466667
702,Japan,JPN,7,14,17,38,2012,London,GBR,6203.21,North,East,127629000.0,83.09609756,6878.392655666668
703,Slovakia,SVK,0,1,3,4,2012,London,GBR,94.534730681,North,East,5407579.0,76.1097561,4608.349577246667
705,Spain,ESP,4,10,4,18,2012,London,GBR,1324.82,North,West,46773055.0,82.42682927,4676.2183132733335
706,Russia,RUS,20,20,27,67,2012,London,GBR,2208.3,North,East,143201721.0,70.07219512,4889.668522333333
707,Germany,DEU,11,20,13,44,2012,London,GBR,3527.34,North,East,80425823.0,80.53902439,4684.012143373334
708,Qatar,QAT,0,0,2,2,2012,London,GBR,186.834,North,East,2196078.0,79.399,5031.895296600001
710,Kazakhstan,KAZ,3,1,7,11,2012,London,GBR,207.999,North,East,16792090.0,69.52,5407.725040866668
711,Jamaica,JAM,4,5,3,12,2012,London,GBR,14.807086889,North,West,2842128.0,74.001,6373.497472599998
712,Ireland,IRL,1,1,4,6,2012,London,GBR,224.984,North,West,4599533.0,80.84634146,4872.6161907666665
713,Guatemala,GTM,0,1,0,1,2012,London,GBR,49.593961142,North,West,14781942.0,72.236,6867.906819386667
714,Egypt,EGY,0,3,1,4,2012,London,GBR,279.117,North,East,86422240.0,70.736,4721.534723780001
716,Norway,NOR,2,1,1,4,2012,London,GBR,509.506,North,East,5018573.0,81.45121951,4905.527072446666
717,Romania,ROU,2,4,1,7,2012,London,GBR,170.636,North,East,20058035.0,74.41219512,4620.2260788466665
718,Hungary,HUN,8,4,6,18,2012,London,GBR,128.475,North,East,9920362.0,75.06341463,4606.2260906
719,Puerto Rico,PRI,0,1,1,2,2012,London,GBR,101.565,North,West,3634488.0,78.84758537,6087.802239133333
720,Poland,POL,3,2,6,11,2012,London,GBR,498.524,North,East,38063164.0,76.74634146,4703.426059553332
721,Iran,IRN,7,5,1,13,2012,London,GBR,598.868,North,East,75539881.0,74.776,4946.229137266666
722,Portugal,PRT,0,1,0,1,2012,London,GBR,216.237,North,West,10514844.0,80.37317073,4772.601500306666
723,Indonesia,IDN,0,2,1,3,2012,London,GBR,917.87,South,East,248451714.0,69.866,6727.829790066666
724,Sweden,SWE,1,4,3,8,2012,London,GBR,552.484,North,East,9519374.0,81.70487805,4888.82392808
725,India,IND,0,2,4,6,2012,London,GBR,1827.64,North,East,1265780243.0,67.545,5416.461758133333
727,Italy,ITA,8,9,11,28,2012,London,GBR,2087.08,North,East,59539717.0,82.23902439,4550.87002624
729,Mexico,MEX,1,3,4,8,2012,London,GBR,1201.09,North,West,117274156.0,74.966,7089.6430021333335
730,Slovenia,SVN,1,1,2,4,2012,London,GBR,46.58045747,North,East,2057159.0,80.12439024,4572.73260364
733,Malaysia,MYS,0,1,1,2,2012,London,GBR,314.443,North,East,29068189.0,74.877,6345.212369933332
734,Azerbaijan,AZE,2,2,5,9,2012,London,GBR,69.683935845,North,East,9295784.0,71.506,4916.379435
735,South Africa,ZAF,4,1,1,6,2012,London,GBR,396.333,South,East,52832659.0,60.06,6388.8926753333335
736,Uzbekistan,UZB,0,0,3,3,2012,London,GBR,63.628854499,North,East,29774500.0,70.155,5259.327183133332
737,Vietnam,VNM,0,0,1,1,2012,London,GBR,155.82,North,East,89801926.0,74.958,6049.7034018
738,Switzerland,CHE,2,2,0,4,2012,London,GBR,692.11,North,East,7996861.0,82.69756098,4591.695619313333
739,Greece,GRC,0,0,2,2,2012,London,GBR,242.054,North,East,11045011.0,80.63414634,4570.22862004
740,Afghanistan,AFG,0,0,1,1,2012,London,GBR,20.001598506,North,East,31161378.0,62.054,5247.8657263333325
741,Algeria,DZA,1,0,0,1,2012,London,GBR,209.059,North,East,37383899.0,75.436,4616.55255802
742,Tajikistan,TJK,0,0,1,1,2012,London,GBR,7.633049792,North,East,7874838.0,69.34,5237.215110533334
743,Denmark,DNK,2,4,3,9,2012,London,GBR,327.149,North,East,5591572.0,80.05121951,4769.836091046666
744,Argentina,ARG,1,1,2,4,2012,London,GBR,545.982,South,West,41733271.0,75.598,7691.760326333334
745,Venezuela,VEN,1,0,0,1,2012,London,GBR,381.286,North,West,29360827.0,73.037,6249.5811494
746,Gabon,GAB,0,1,0,1,2012,London,GBR,17.170465294,North,East,1749677.0,62.924,5392.893265200001
747,Thailand,THA,0,2,2,4,2012,London,GBR,397.558,North,East,67835969.0,74.992,6073.180027466665
748,Armenia,ARM,0,1,1,2,2012,London,GBR,10.619320049,North,East,2884239.0,73.82,4833.087700466667
749,Finland,FIN,0,2,1,3,2012,London,GBR,258.305,North,East,5413971.0,80.62682927,4940.61010778
750,Cameroon,CMR,0,0,1,1,2012,London,GBR,29.102772799,North,East,21485267.0,56.073,5286.381802733334
751,Estonia,EST,0,1,1,2,2012,London,GBR,23.192708982,North,East,1322696.0,76.32682927,4908.7880147999995
752,Ethiopia,ETH,3,2,3,8,2012,London,GBR,43.310721414,North,East,92726982.0,63.281,5218.3524252
753,Australia,AUS,8,15,12,35,2012,London,GBR,1546.15,South,East,22733465.0,82.04634146,8930.279554713334
755,France,FRA,11,11,13,35,2012,London,GBR,2683.83,North,East,65659814.0,81.96829268,4657.586983086667
756,Dominican Republic,DOM,1,1,0,2,2012,London,GBR,60.681537196,North,West,9930916.0,72.523,6178.694056066667
757,Georgia,GEO,1,2,3,6,2012,London,GBR,16.488403076,North,East,3728874.0,72.097,4838.941393200001
758,United Kingdom,GBR,29,17,19,65,2012,London,GBR,2704.02,North,West,63700215.0,80.90487805,4727.1456612
759,Tunisia,TUN,2,0,1,3,2012,London,GBR,45.044138549,North,East,10846993.0,75.376,4575.978044073333
760,Bahamas,BHS,1,0,0,1,2012,London,GBR,10.7205,North,West,363581.0,72.424,6296.32602934
761,Cyprus,CYP,0,1,0,1,2012,London,GBR,24.978513427,North,East,1135046.0,79.812,4692.627197293333
762,Turkey,TUR,1,1,1,3,2012,London,GBR,880.556,North,East,74651046.0,75.373,4669.0263621799995
763,Cuba,CUB,5,3,7,15,2012,London,GBR,73.141,North,West,11257112.0,78.446,6467.743547433332
764,Bahrain,BHR,1,0,0,1,2012,London,GBR,30.749308511,North,East,1299942.0,76.342,5004.862516933334
765,United States,USA,46,28,30,104,2012,London,GBR,16197.0,North,West,313877662.0,78.74146341,6262.408512226667
766,Croatia,HRV,3,1,2,6,2012,London,GBR,56.580819624,North,East,4267558.0,76.92439024,4571.386284686667
767,Uganda,UGA,1,0,0,1,2012,London,GBR,27.188667093,North,East,34558700.0,59.017,5437.071324866667
768,Czech Republic,CZE,4,3,4,11,2012,London,GBR,208.858,North,East,10510785.0,78.07560976,4632.779909539999
769,Colombia,COL,1,3,5,9,2012,London,GBR,370.921,North,West,46075721.0,75.882,6596.774323
770,Belarus,BLR,2,5,3,10,2012,London,GBR,65.685102555,North,East,9464495.0,71.96585366,4770.616006033334
771,Bulgaria,BGR,0,2,1,3,2012,London,GBR,54.033250329,North,East,7305888.0,74.31463415,4584.094277499999
772,Brazil,BRA,3,5,9,17,2012,London,GBR,2465.19,South,West,199287292.0,74.209,6524.317218993334
773,China,CHN,38,31,22,91,2012,London,GBR,8532.23,North,East,1350695000.0,75.013,6152.341139926667
774,Canada,CAN,2,5,11,18,2012,London,GBR,1828.37,North,West,34714222.0,81.64878049,6264.481855317333
776,Ukraine,UKR,5,4,10,19,2012,London,GBR,175.781,North,East,45593342.0,70.94414634,4731.877346073334
777,Belgium,BEL,0,1,2,3,2012,London,GBR,496.181,North,East,11106932.0,80.38536585,4675.567093086667
778,Botswana,BWA,0,1,0,1,2012,London,GBR,14.380004175,South,East,2039551.0,63.511,6338.289723933335
779,Hungary,HUN,8,3,4,15,2016,Rio de Janeiro,BRA,128.471,North,East,9814023.0,76.06341463,4606.2260906
780,Jamaica,JAM,6,3,2,11,2016,Rio de Janeiro,BRA,14.077109397,North,West,2906242.0,74.175,6373.497472599998
781,Spain,ESP,7,4,6,17,2016,Rio de Janeiro,BRA,1232.08,North,West,46484062.0,83.32926829,4676.2183132733335
782,Slovakia,SVK,2,2,0,4,2016,Rio de Janeiro,BRA,89.655253976,North,East,5430798.0,77.16585366,4608.349577246667
783,France,FRA,10,18,14,42,2016,Rio de Janeiro,BRA,2471.29,North,East,66724104.0,82.57317073,4657.586983086667
784,Greece,GRC,3,1,2,6,2016,Rio de Janeiro,BRA,192.732,North,East,10775971.0,81.38780488,4570.22862004
785,Switzerland,CHE,3,2,2,7,2016,Rio de Janeiro,BRA,695.601,North,East,8373338.0,83.60243902,4591.695619313333
786,Germany,DEU,17,10,15,42,2016,Rio de Janeiro,BRA,3467.5,North,East,82348669.0,80.9902439,4684.012143373334
787,Georgia,GEO,2,1,4,7,2016,Rio de Janeiro,BRA,15.141758567,North,East,3727505.0,73.207,4838.941393200001
788,India,IND,0,1,1,2,2016,Rio de Janeiro,BRA,2294.8,North,East,1324517250.0,68.897,5416.461758133333
789,Tajikistan,TJK,1,0,0,1,2016,Rio de Janeiro,BRA,6.992393787,North,East,8663575.0,70.397,5237.215110533334
790,Sweden,SWE,2,6,3,11,2016,Rio de Janeiro,BRA,515.655,North,East,9923085.0,82.30731707,4888.82392808
792,Indonesia,IDN,1,2,0,3,2016,Rio de Janeiro,BRA,931.877,South,East,261556386.0,71.035,6727.829790066666
794,Finland,FIN,0,0,1,1,2016,Rio de Janeiro,BRA,240.608,North,East,5495303.0,81.42926829,4940.61010778
795,Iran,IRN,3,1,4,8,2016,Rio de Janeiro,BRA,417.984,North,East,79563991.0,76.047,4946.229137266666
796,Qatar,QAT,0,1,0,1,2016,Rio de Janeiro,BRA,151.732,North,East,2654379.0,79.868,5031.895296600001
797,Mexico,MEX,0,3,2,5,2016,Rio de Janeiro,BRA,1078.49,North,West,123333379.0,74.917,7089.6430021333335
798,Tunisia,TUN,0,0,3,3,2016,Rio de Janeiro,BRA,41.801284916,North,East,11303942.0,76.115,4575.978044073333
799,Slovenia,SVN,1,2,1,4,2016,Rio de Janeiro,BRA,44.736333522,North,East,2065042.0,81.17560976,4572.73260364
800,Thailand,THA,2,2,2,6,2016,Rio de Janeiro,BRA,413.366,North,East,68971313.0,76.403,6073.180027466665
801,Dominican Republic,DOM,0,0,1,1,2016,Rio de Janeiro,BRA,75.70472019,North,West,10397738.0,73.471,6178.694056066667
802,Japan,JPN,12,8,21,41,2016,Rio de Janeiro,BRA,4922.54,North,East,126994511.0,83.98487805,6878.392655666668
803,Jordan,JOR,1,0,0,1,2016,Rio de Janeiro,BRA,39.892551127,North,East,9554286.0,74.184,4750.030331366666
804,Denmark,DNK,2,6,7,15,2016,Rio de Janeiro,BRA,313.116,North,East,5728010.0,80.85365854,4769.836091046666
805,Kazakhstan,KAZ,3,5,10,18,2016,Rio de Janeiro,BRA,137.278,North,East,17794055.0,72.41,5407.725040866668
806,Czech Republic,CZE,1,2,7,10,2016,Rio de Janeiro,BRA,196.272,North,East,10566332.0,79.02682927,4632.779909539999
807,South Korea,KOR,9,3,9,21,2016,Rio de Janeiro,BRA,1500.11,North,East,51217803.0,82.27560976,6422.407918860001
808,Kenya,KEN,6,6,1,13,2016,Rio de Janeiro,BRA,69.188755364,South,East,49051531.0,65.393,5507.264520666667
809,Turkey,TUR,1,3,4,8,2016,Rio de Janeiro,BRA,869.693,North,East,79827868.0,76.86,4669.0263621799995
811,Egypt,EGY,0,0,3,3,2016,Rio de Janeiro,BRA,332.442,North,East,94447071.0,71.482,4721.534723780001
812,Croatia,HRV,5,3,2,10,2016,Rio de Janeiro,BRA,51.601147666,North,East,4174349.0,78.02195122,4571.386284686667
813,Lithuania,LTU,0,1,3,4,2016,Rio de Janeiro,BRA,43.018087238,North,East,2868231.0,74.67073171,4777.694243266667
814,Colombia,COL,3,2,3,8,2016,Rio de Janeiro,BRA,282.825,North,West,48175048.0,76.732,6596.774323
815,South Africa,ZAF,2,6,2,10,2016,Rio de Janeiro,BRA,296.357,South,East,56207649.0,63.153,6388.8926753333335
817,Malaysia,MYS,0,4,1,5,2016,Rio de Janeiro,BRA,301.255,North,East,30684652.0,75.649,6345.212369933332
818,United Arab Emirates,ARE,0,0,1,1,2016,Rio de Janeiro,BRA,357.045,North,East,9360975.0,77.47,5084.586666866668
819,China,CHN,26,18,26,70,2016,Rio de Janeiro,BRA,11233.3,North,East,1378665000.0,76.21,6152.341139926667
820,Ireland,IRL,0,2,0,2,2016,Rio de Janeiro,BRA,299.556,North,West,4755335.0,81.65365854,4872.6161907666665
821,Norway,NOR,0,0,4,4,2016,Rio de Janeiro,BRA,368.827,North,East,5234519.0,82.40731707,4905.527072446666
822,Ethiopia,ETH,1,2,5,8,2016,Rio de Janeiro,BRA,74.296618481,North,East,103603461.0,65.482,5218.3524252
823,Nigeria,NGA,0,0,1,1,2016,Rio de Janeiro,BRA,404.65,North,East,185960244.0,53.541,5132.154626533334
824,Australia,AUS,8,11,10,29,2016,Rio de Janeiro,BRA,1208.85,South,East,24190907.0,82.44878049,8930.279554713334
825,Netherlands,NLD,8,7,4,19,2016,Rio de Janeiro,BRA,783.528,North,East,17030314.0,81.56097561,4712.265299573333
830,Argentina,ARG,3,1,0,4,2016,Rio de Janeiro,BRA,557.531,South,West,43590368.0,76.221,7691.760326333334
831,Azerbaijan,AZE,1,7,10,18,2016,Rio de Janeiro,BRA,37.867518957,North,East,9757812.0,72.493,4916.379435
832,Poland,POL,2,3,6,11,2016,Rio de Janeiro,BRA,472.63,North,East,37970087.0,77.85121951,4703.426059553332
833,Brazil,BRA,7,6,6,19,2016,Rio de Janeiro,BRA,1795.7,South,West,206163056.0,75.23,6524.317218993334
835,Burundi,BDI,0,1,0,1,2016,Rio de Janeiro,BRA,2.959641047,South,East,10488002.0,60.528,5532.1053902
836,Algeria,DZA,0,2,0,2,2016,Rio de Janeiro,BRA,160.034,North,East,40551398.0,76.298,4616.55255802
837,Portugal,PRT,0,0,1,1,2016,Rio de Janeiro,BRA,206.286,North,West,10325452.0,81.12439024,4772.601500306666
838,Bulgaria,BGR,0,1,2,3,2016,Rio de Janeiro,BRA,53.806894796,North,East,7127822.0,74.81219512,4584.094277499999
839,United Kingdom,GBR,27,23,17,67,2016,Rio de Janeiro,BRA,2693.25,North,West,65611593.0,81.15609756,4727.1456612
840,Cuba,CUB,5,2,4,11,2016,Rio de Janeiro,BRA,91.37,North,West,11335108.0,78.607,6467.743547433332
841,Puerto Rico,PRI,1,0,0,1,2016,Rio de Janeiro,BRA,104.337,North,West,3406672.0,79.49497561,6087.802239133333
842,Fiji,FJI,1,0,0,1,2016,Rio de Janeiro,BRA,4.93020423,South,East,872406.0,67.175,9580.569488933334
843,Uzbekistan,UZB,4,2,7,13,2016,Rio de Janeiro,BRA,81.779012351,North,East,31847900.0,71.171,5259.327183133332
845,Israel,ISR,0,0,2,2,2016,Rio de Janeiro,BRA,318.617,North,West,8546000.0,82.40731707,5276.838422866666
846,Estonia,EST,0,0,1,1,2016,Rio de Janeiro,BRA,24.259552889,North,East,1315790.0,77.64146341,4908.7880147999995
847,Italy,ITA,8,12,8,28,2016,Rio de Janeiro,BRA,1875.8,North,East,60627498.0,83.24390244,4550.87002624
848,Ivory Coast,CIV,1,0,1,2,2016,Rio de Janeiro,BRA,47.96423456,North,West,23822726.0,56.567,5273.257207000001
849,Canada,CAN,4,3,15,22,2016,Rio de Janeiro,BRA,1527.99,North,West,36109487.0,81.9,6264.481855317333
851,Niger,NER,0,1,0,1,2016,Rio de Janeiro,BRA,10.35500677,North,East,20788789.0,61.137,5043.1629062
852,Belgium,BEL,2,2,2,6,2016,Rio de Janeiro,BRA,475.74,North,East,11331422.0,81.43902439,4675.567093086667
853,Russia,RUS,19,17,20,56,2016,Rio de Janeiro,BRA,1276.79,North,East,144342397.0,71.65121951,4889.668522333333
854,Austria,AUT,0,0,1,1,2016,Rio de Janeiro,BRA,395.569,North,East,8736668.0,81.64146341,4604.9858421
855,Belarus,BLR,1,4,4,9,2016,Rio de Janeiro,BRA,47.722657821,North,East,9501534.0,73.82682927,4770.616006033334
856,Vietnam,VNM,1,1,0,2,2016,Rio de Janeiro,BRA,205.276,North,East,93640435.0,75.172,6049.7034018
857,Romania,ROU,1,1,2,4,2016,Rio de Janeiro,BRA,188.129,North,East,19702267.0,75.2097561,4620.2260788466665
858,United States,USA,46,37,38,121,2016,Rio de Janeiro,BRA,18745.1,North,West,323071755.0,78.53902439,6262.408512226667
859,Bahrain,BHR,1,1,0,2,2016,Rio de Janeiro,BRA,32.234973404,North,East,1425793.0,76.899,5004.862516933334
860,New Zealand,NZL,4,9,5,18,2016,Rio de Janeiro,BRA,188.943,South,East,4714100.0,81.61243902,10162.121673733332
861,Bahamas,BHS,1,0,1,2,2016,Rio de Janeiro,BRA,11.9285,North,West,377923.0,73.329,6296.32602934
862,Philippines,PHL,0,1,0,1,2016,Rio de Janeiro,BRA,318.627,North,East,103663812.0,70.802,6570.342239333335
863,Armenia,ARM,1,3,0,4,2016,Rio de Janeiro,BRA,10.54613516,North,East,2936147.0,74.64,4833.087700466667
864,Ukraine,UKR,2,5,4,11,2016,Rio de Janeiro,BRA,93.355993629,North,East,45004673.0,71.47634146,4731.877346073334
