Year,Country Code,Total Competitors,Total Medal Count,Total Win Ratio,Total Male Competitors,Male Wins,Male Medal Ratio,Total Female Competitors,Female Wins,Female Medal Ratio,Open Wins,Open Win Ratio
1964,AUS,243,18,0.074074074,203,10,0.555555556,40,7,0.388888889,1,0.055555556
1964,BEL,61,3,0.049180328,60,3,1,1,,,,
1964,BGR,63,10,0.158730159,56,10,1,7,,,,
1964,BRA,61,1,0.016393443,60,1,1,1,,,,
1964,CAN,115,4,0.034782609,95,4,1,20,,,,
1964,CHE,66,4,0.060606061,65,2,0.5,1,,,,
1964,CUB,27,1,0.037037037,25,1,1,2,,,,
1964,CZE,104,14,0.134615385,95,10,0.714285714,9,4,0.285714286,0,0
1964,DEU,337,50,0.148367953,275,33,0.66,62,9,0.18,8,0.16
1964,DNK,64,6,0.09375,57,4,0.666666667,7,,,,
1964,DQ,,3,,,2,0.666666667,,1,0.333333333,0,0
1964,ETH,12,1,0.083333333,12,1,1,0,,,,
1964,FIN,89,5,0.056179775,84,5,1,5,,,,
1964,FRA,138,15,0.108695652,118,11,0.733333333,20,2,0.133333333,2,0.133333333
1964,GBR,204,18,0.088235294,160,11,0.611111111,44,5,0.277777778,2,0.111111111
1964,GHA,33,1,0.03030303,30,1,1,3,,,,
1964,HUN,182,22,0.120879121,150,17,0.772727273,32,5,0.227272727,0,0
1964,IND,53,1,0.018867925,52,1,1,1,,,,
1964,IRL,25,1,0.04,24,1,1,1,,,,
1964,IRN,62,2,0.032258065,58,2,1,4,,,,
1964,ITA,168,27,0.160714286,157,23,0.851851852,11,1,0.037037037,3,0.111111111
1964,JPN,328,29,0.088414634,270,27,0.931034483,58,2,0.068965517,0,0
1964,KEN,37,1,0.027027027,37,1,1,0,,,,
1964,KOR,154,3,0.019480519,128,3,1,26,,,,
1964,MEX,94,1,0.010638298,90,1,1,4,,,,
1964,MNE,,5,,,5,1,,,,,
1964,NGA,18,1,0.055555556,16,1,1,2,,,,
1964,NLD,125,10,0.08,105,7,0.7,20,3,0.3,0,0
1964,NZL,64,5,0.078125,56,3,0.6,8,1,0.2,1,0.2
1964,PAK,41,1,0.024390244,41,1,1,0,,,,
1964,PHL,47,1,0.021276596,40,1,1,7,,,,
1964,POL,140,23,0.164285714,115,17,0.739130435,25,6,0.260869565,0,0
1964,ROU,138,12,0.086956522,108,7,0.583333333,30,5,0.416666667,0,0
1964,RUS,317,96,0.302839117,254,69,0.71875,63,25,0.260416667,2,0.020833333
1964,SWE,94,8,0.085106383,76,6,0.75,18,,,,
1964,TTO,13,3,0.230769231,13,3,1,0,,,,
1964,TUN,9,2,0.222222222,9,2,1,0,,,,
1964,TUR,23,6,0.260869565,23,6,1,0,,,,
1964,URY,23,1,0.043478261,23,1,1,0,,,,
1964,USA,346,90,0.260115607,267,60,0.666666667,79,24,0.266666667,6,0.066666667
1968,ARG,89,2,0.02247191,84,2,1,5,,,,
1968,AUS,128,17,0.1328125,104,9,0.529411765,24,7,0.411764706,1,0.058823529
1968,AUT,43,4,0.093023256,35,1,0.25,8,2,0.5,1,0.25
1968,BEL,82,2,0.024390244,77,2,1,5,,,,
1968,BGR,112,9,0.080357143,102,9,1,10,,,,
1968,BRA,76,3,0.039473684,73,2,0.666666667,3,,,,
1968,CAN,139,5,0.035971223,111,1,0.2,28,3,0.6,1,0.2
1968,CHE,85,5,0.058823529,81,2,0.4,4,,,,
1968,CMR,5,1,0.2,5,1,1,0,,,,
1968,CUB,115,4,0.034782609,101,3,0.75,14,1,0.25,0,0
1968,CZE,121,13,0.107438017,94,4,0.307692308,27,8,0.615384615,1,0.076923077
1968,DEU,501,51,0.101796407,418,27,0.529411765,83,13,0.254901961,11,0.215686275
1968,DNK,68,8,0.117647059,64,7,0.875,4,,,,
1968,DQ,,2,,,1,0.5,,1,0.5,0,0
1968,ETH,18,2,0.111111111,18,2,1,0,,,,
1968,FIN,66,4,0.060606061,60,4,1,6,,,,
1968,FRA,200,15,0.075,169,12,0.8,31,1,0.066666667,2,0.133333333
1968,GBR,225,13,0.057777778,175,4,0.307692308,50,2,0.153846154,7,0.538461538
1968,GRC,44,1,0.022727273,44,1,1,0,,,,
1968,HUN,167,32,0.191616766,135,25,0.78125,32,6,0.1875,1,0.03125
1968,IND,25,1,0.04,25,1,1,0,,,,
1968,IRN,14,5,0.357142857,14,5,1,0,,,,
1968,ITA,167,16,0.095808383,152,13,0.8125,15,,,,
1968,JAM,25,1,0.04,20,1,1,5,,,,
1968,JPN,171,25,0.14619883,146,24,0.96,25,1,0.04,0,0
1968,KEN,39,9,0.230769231,36,9,1,3,,,,
1968,KOR,54,2,0.037037037,41,2,1,13,,,,
1968,MEX,275,9,0.032727273,233,7,0.777777778,42,2,0.222222222,0,0
1968,MNE,,8,,,6,0.75,,2,0.25,0,0
1968,MNG,18,4,0.222222222,14,4,1,4,,,,
1968,NLD,107,7,0.065420561,82,5,0.714285714,25,2,0.285714286,0,0
1968,NOR,46,2,0.043478261,38,1,0.5,8,,,,
1968,NZL,52,3,0.057692308,47,2,0.666666667,5,,,,
1968,PAK,15,1,0.066666667,15,1,1,0,,,,
1968,POL,177,18,0.101694915,140,14,0.777777778,37,3,0.166666667,1,0.055555556
1968,ROU,82,15,0.182926829,66,8,0.533333333,16,6,0.4,1,0.066666667
1968,RUS,312,91,0.291666667,246,59,0.648351648,66,24,0.263736264,8,0.087912088
1968,SWE,100,4,0.04,86,3,0.75,14,,,,
1968,TUN,7,2,0.285714286,7,2,1,0,,,,
1968,TUR,29,2,0.068965517,29,2,1,0,,,,
1968,TWN,43,1,0.023255814,35,,,8,1,1,,
1968,UGA,11,2,0.181818182,11,2,1,0,,,,
1968,USA,357,107,0.299719888,274,66,0.61682243,83,33,0.308411215,8,0.074766355
1968,VEN,23,1,0.043478261,23,1,1,0,,,,
1972,ARG,92,1,0.010869565,88,1,1,4,,,,
1972,AUS,168,17,0.101190476,139,5,0.294117647,29,10,0.588235294,2,0.117647059
1972,AUT,111,3,0.027027027,97,1,0.333333333,14,1,0.333333333,1,0.333333333
1972,BEL,88,2,0.022727273,82,2,1,6,,,,
1972,BGR,130,21,0.161538462,106,17,0.80952381,24,4,0.19047619,0,0
1972,BRA,81,2,0.024691358,78,2,1,3,,,,
1972,CAN,208,5,0.024038462,158,2,0.4,50,2,0.4,1,0.2
1972,CHE,151,3,0.01986755,122,3,1,29,,,,
1972,COL,59,3,0.050847458,55,2,0.666666667,4,,,,
1972,CUB,137,8,0.058394161,109,6,0.75,28,2,0.25,0,0
1972,CZE,181,8,0.044198895,145,5,0.625,36,2,0.25,1,0.125
1972,DEU,721,106,0.147018031,572,55,0.518867925,149,40,0.377358491,11,0.103773585
1972,DNK,126,1,0.007936508,114,1,1,12,,,,
1972,DQ,,4,,,3,0.75,,1,0.25,0,0
1972,ESP,123,1,0.008130081,118,1,1,5,,,,
1972,ETH,31,2,0.064516129,31,2,1,0,,,,
1972,FIN,96,8,0.083333333,89,8,1,7,,,,
1972,FRA,227,13,0.057268722,197,10,0.769230769,30,,,,
1972,GBR,284,18,0.063380282,210,11,0.611111111,74,1,0.055555556,6,0.333333333
1972,GHA,35,1,0.028571429,33,1,1,2,,,,
1972,GRC,60,2,0.033333333,58,1,0.5,2,,,,
1972,HUN,232,35,0.150862069,187,28,0.8,45,6,0.171428571,1,0.028571429
1972,IND,41,1,0.024390244,40,1,1,1,,,,
1972,IRN,48,3,0.0625,48,3,1,0,,,,
1972,ITA,224,18,0.080357143,197,8,0.444444444,27,5,0.277777778,5,0.277777778
1972,JAM,33,1,0.03030303,21,1,1,12,,,,
1972,JPN,184,29,0.157608696,148,27,0.931034483,36,2,0.068965517,0,0
1972,KEN,57,9,0.157894737,55,9,1,2,,,,
1972,KOR,42,1,0.023809524,32,1,1,10,,,,
1972,LBN,19,1,0.052631579,17,1,1,2,,,,
1972,MEX,174,1,0.005747126,152,1,1,22,,,,
1972,MNE,,5,,,5,1,,,,,
1972,MNG,44,1,0.022727273,42,1,1,2,,,,
1972,NER,4,1,0.25,4,1,1,0,,,,
1972,NGA,25,1,0.04,20,1,1,5,,,,
1972,NLD,119,5,0.042016807,90,4,0.8,29,1,0.2,0,0
1972,NOR,112,4,0.035714286,101,4,1,11,,,,
1972,NZL,89,3,0.033707865,82,3,1,7,,,,
1972,PAK,25,1,0.04,25,1,1,0,,,,
1972,POL,290,21,0.072413793,252,18,0.857142857,38,2,0.095238095,1,0.047619048
1972,PRK,37,5,0.135135135,23,3,0.6,14,1,0.2,1,0.2
1972,ROU,159,16,0.100628931,132,10,0.625,27,4,0.25,2,0.125
1972,RUS,371,99,0.266846361,298,69,0.696969697,73,22,0.222222222,8,0.080808081
1972,SWE,131,16,0.122137405,104,9,0.5625,27,2,0.125,5,0.3125
1972,TUN,35,1,0.028571429,35,1,1,0,,,,
1972,TUR,43,1,0.023255814,42,1,1,1,,,,
1972,UGA,33,2,0.060606061,31,2,1,2,,,,
1972,USA,400,94,0.235,316,62,0.659574468,84,22,0.234042553,10,0.106382979
1976,AUS,180,5,0.027777778,146,2,0.4,34,,,,
1976,BEL,101,6,0.059405941,75,4,0.666666667,26,,,,
1976,BGR,158,22,0.139240506,105,14,0.636363636,53,8,0.363636364,0,0
1976,BMU,16,1,0.0625,15,1,1,1,,,,
1976,BRA,79,2,0.025316456,72,1,0.5,7,,,,
1976,CAN,385,11,0.028571429,261,3,0.272727273,124,7,0.636363636,1,0.090909091
1976,CHE,50,4,0.08,47,2,0.5,3,,,,
1976,CUB,156,13,0.083333333,132,13,1,24,,,,
1976,CZE,163,8,0.049079755,125,6,0.75,38,1,0.125,1,0.125
1976,DEU,557,129,0.231597846,387,55,0.426356589,170,55,0.426356589,19,0.147286822
1976,DNK,66,3,0.045454545,56,2,0.666666667,10,,,,
1976,DQ,,1,,,,,,1,1,,
1976,ESP,113,2,0.017699115,103,1,0.5,10,,,,
1976,FIN,83,6,0.072289157,77,6,1,6,,,,
1976,FRA,206,9,0.04368932,177,7,0.777777778,29,1,0.111111111,1,0.111111111
1976,GBR,242,13,0.053719008,176,11,0.846153846,66,,,,
1976,HUN,178,22,0.123595506,124,16,0.727272727,54,6,0.272727273,0,0
1976,IRN,84,2,0.023809524,80,2,1,4,,,,
1976,ITA,210,13,0.061904762,183,9,0.692307692,27,2,0.153846154,2,0.153846154
1976,JAM,20,2,0.1,11,2,1,9,,,,
1976,JPN,213,25,0.117370892,153,24,0.96,60,1,0.04,0,0
1976,KOR,50,6,0.12,38,5,0.833333333,12,1,0.166666667,0,0
1976,MEX,97,2,0.020618557,92,2,1,5,,,,
1976,MNE,,8,,,8,1,,,,,
1976,MNG,32,1,0.03125,30,1,1,2,,,,
1976,NLD,108,5,0.046296296,72,2,0.4,36,2,0.4,1,0.2
1976,NOR,66,2,0.03030303,60,2,1,6,,,,
1976,NZL,80,4,0.05,71,4,1,9,,,,
1976,PAK,24,1,0.041666667,24,1,1,0,,,,
1976,POL,207,26,0.125603865,180,23,0.884615385,27,1,0.038461538,2,0.076923077
1976,PRI,80,1,0.0125,73,1,1,7,,,,
1976,PRK,38,2,0.052631579,36,2,1,2,,,,
1976,PRT,19,2,0.105263158,19,1,0.5,0,,,,
1976,ROU,157,27,0.171974522,103,19,0.703703704,54,8,0.296296296,0,0
1976,RUS,410,125,0.304878049,285,84,0.672,125,36,0.288,5,0.04
1976,SWE,116,5,0.043103448,99,3,0.6,17,1,0.2,1,0.2
1976,THA,42,1,0.023809524,39,1,1,3,,,,
1976,TTO,13,1,0.076923077,13,1,1,0,,,,
1976,USA,396,94,0.237373737,278,67,0.712765957,118,17,0.180851064,10,0.106382979
1976,VEN,32,1,0.03125,23,1,1,9,,,,
1980,AUS,120,9,0.075,92,7,0.777777778,28,2,0.222222222,0,0
1980,BEL,59,1,0.016949153,43,1,1,16,,,,
1980,BGR,271,41,0.151291513,183,31,0.756097561,88,7,0.170731707,3,0.073170732
1980,BRA,106,4,0.037735849,91,2,0.5,15,,,,
1980,CHE,73,2,0.02739726,67,2,1,6,,,,
1980,CUB,208,20,0.096153846,175,18,0.9,33,1,0.05,1,0.05
1980,CZE,209,14,0.066985646,162,12,0.857142857,47,2,0.142857143,0,0
1980,DEU,346,126,0.36416185,222,59,0.468253968,124,60,0.476190476,7,0.055555556
1980,DNK,99,5,0.050505051,91,1,0.2,8,1,0.2,3,0.6
1980,DQ,,3,,,1,0.333333333,,2,0.666666667,0,0
1980,ESP,155,6,0.038709677,146,5,0.833333333,9,,,,
1980,ETH,41,4,0.097560976,39,4,1,2,,,,
1980,FIN,105,8,0.076190476,99,5,0.625,6,1,0.125,2,0.25
1980,FRA,121,14,0.115702479,98,12,0.857142857,23,2,0.142857143,0,0
1980,GBR,219,21,0.095890411,149,17,0.80952381,70,4,0.19047619,0,0
1980,GRC,41,3,0.073170732,38,2,0.666666667,3,,,,
1980,GUY,8,1,0.125,7,1,1,1,,,,
1980,HUN,263,32,0.121673004,182,27,0.84375,81,3,0.09375,2,0.0625
1980,IND,72,1,0.013888889,56,1,1,16,,,,
1980,IRL,47,2,0.042553191,44,1,0.5,3,,,,
1980,ITA,159,15,0.094339623,121,10,0.666666667,38,1,0.066666667,4,0.266666667
1980,JAM,18,3,0.166666667,11,2,0.666666667,7,1,0.333333333,0,0
1980,LBN,15,1,0.066666667,15,1,1,0,,,,
1980,MEX,45,4,0.088888889,36,1,0.25,9,,,,
1980,MNE,,9,,,7,0.777777778,,2,0.222222222,0,0
1980,MNG,43,4,0.093023256,39,4,1,4,,,,
1980,NLD,75,3,0.04,57,2,0.666666667,18,1,0.333333333,0,0
1980,POL,306,32,0.104575163,232,25,0.78125,74,5,0.15625,2,0.0625
1980,PRK,47,5,0.106382979,39,5,1,8,,,,
1980,ROU,226,25,0.110619469,156,13,0.52,70,10,0.4,2,0.08
1980,RUS,489,195,0.398773006,340,131,0.671794872,149,48,0.246153846,16,0.082051282
1980,SWE,145,12,0.082758621,122,8,0.666666667,23,1,0.083333333,3,0.25
1980,TZA,,2,,,2,1,,,,,
1980,UGA,13,1,0.076923077,13,1,1,0,,,,
1980,VEN,37,1,0.027027027,37,1,1,0,,,,
1980,ZWE,42,1,0.023809524,23,,,19,1,1,,
1984,AUS,242,24,0.099173554,169,16,0.666666667,73,7,0.291666667,1,0.041666667
1984,AUT,102,3,0.029411765,71,3,1,31,,,,
1984,BEL,63,4,0.063492063,47,2,0.5,16,2,0.5,0,0
1984,BRA,147,8,0.054421769,126,7,0.875,21,,,,
1984,CAN,408,44,0.107843137,257,25,0.568181818,151,16,0.363636364,3,0.068181818
1984,CHE,129,8,0.062015504,102,5,0.625,27,,,,
1984,CHN,267,32,0.119850187,182,22,0.6875,85,10,0.3125,0,0
1984,CIV,15,1,0.066666667,14,1,1,1,,,,
1984,CMR,46,1,0.02173913,42,1,1,4,,,,
1984,COL,39,1,0.025641026,36,1,1,3,,,,
1984,DEU,390,59,0.151282051,267,36,0.610169492,123,18,0.305084746,5,0.084745763
1984,DNK,60,6,0.1,49,3,0.5,11,1,0.166666667,2,0.333333333
1984,DOM,19,1,0.052631579,15,1,1,4,,,,
1984,DQ,,6,,,3,0.5,,3,0.5,0,0
1984,DZA,33,2,0.060606061,33,2,1,0,,,,
1984,EGY,114,1,0.00877193,108,1,1,6,,,,
1984,ESP,179,5,0.027932961,163,4,0.8,16,,,,
1984,FIN,86,12,0.139534884,73,11,0.916666667,13,1,0.083333333,0,0
1984,FRA,238,28,0.117647059,189,24,0.857142857,49,3,0.107142857,1,0.035714286
1984,GBR,337,37,0.109792285,229,23,0.621621622,108,10,0.27027027,4,0.108108108
1984,GRC,63,2,0.031746032,59,2,1,4,,,,
1984,IRL,42,1,0.023809524,28,1,1,14,,,,
1984,ISL,30,1,0.033333333,27,1,1,3,,,,
1984,ITA,268,32,0.119402985,222,25,0.78125,46,4,0.125,3,0.09375
1984,JAM,45,3,0.066666667,31,1,0.333333333,14,2,0.666666667,0,0
1984,JPN,226,32,0.14159292,174,29,0.90625,52,3,0.09375,0,0
1984,KEN,61,3,0.049180328,56,3,1,5,,,,
1984,KOR,175,19,0.108571429,116,15,0.789473684,59,4,0.210526316,0,0
1984,MEX,99,6,0.060606061,77,6,1,22,,,,
1984,MNE,,18,,,17,0.944444444,,1,0.055555556,0,0
1984,MUS,4,2,0.5,3,1,0.5,1,1,0.5,0,0
1984,NGA,32,2,0.0625,30,2,1,2,,,,
1984,NLD,136,13,0.095588235,82,2,0.153846154,54,11,0.846153846,0,0
1984,NOR,103,3,0.029126214,84,2,0.666666667,19,1,0.333333333,0,0
1984,NZL,130,11,0.084615385,98,8,0.727272727,32,,,,
1984,PAK,31,1,0.032258065,31,1,1,0,,,,
1984,PRI,51,2,0.039215686,43,2,1,8,,,,
1984,PRT,38,3,0.078947368,29,2,0.666666667,9,1,0.333333333,0,0
1984,ROU,124,53,0.427419355,71,25,0.471698113,53,28,0.528301887,0,0
1984,SWE,174,19,0.109195402,131,15,0.789473684,43,3,0.157894737,1,0.052631579
1984,SYR,9,1,0.111111111,9,1,1,0,,,,
1984,THA,35,1,0.028571429,25,1,1,10,,,,
1984,TUR,46,3,0.065217391,45,3,1,1,,,,
1984,TWN,38,1,0.026315789,31,1,1,7,,,,
1984,USA,522,174,0.333333333,339,101,0.58045977,183,60,0.344827586,13,0.074712644
1984,VEN,26,3,0.115384615,25,3,1,1,,,,
1984,ZMB,16,1,0.0625,16,1,1,0,,,,
1988,ARG,118,2,0.016949153,93,1,0.5,25,1,0.5,0,0
1988,AUS,252,14,0.055555556,180,9,0.642857143,72,5,0.357142857,0,0
1988,AUT,73,1,0.01369863,66,1,1,7,,,,
1988,BEL,59,2,0.033898305,35,1,0.5,24,,,,
1988,BGR,172,35,0.203488372,104,19,0.542857143,68,16,0.457142857,0,0
1988,BRA,160,6,0.0375,127,4,0.666666667,33,,,,
1988,CAN,328,10,0.030487805,223,5,0.5,105,3,0.3,2,0.2
1988,CHE,99,4,0.04040404,72,2,0.5,27,,,,
1988,CHN,290,28,0.096551724,165,13,0.464285714,125,15,0.535714286,0,0
1988,COL,40,1,0.025,34,1,1,6,,,,
1988,CRI,16,1,0.0625,9,,,7,1,1,,
1988,CZE,163,8,0.049079755,110,6,0.75,53,1,0.125,1,0.125
1988,DEU,606,142,0.234323432,401,74,0.521126761,205,61,0.429577465,7,0.049295775
1988,DJI,6,1,0.166666667,6,1,1,0,,,,
1988,DNK,88,4,0.045454545,67,2,0.5,21,,,,
1988,DQ,,4,,,4,1,,,,,
1988,ESP,229,4,0.017467249,200,2,0.5,29,,,,
1988,FIN,78,4,0.051282051,59,4,1,19,,,,
1988,FRA,266,16,0.060150376,192,11,0.6875,74,1,0.0625,4,0.25
1988,GBR,345,24,0.069565217,219,17,0.708333333,126,3,0.125,4,0.166666667
1988,GRC,56,1,0.017857143,44,1,1,12,,,,
1988,HUN,188,23,0.122340426,152,19,0.826086957,36,4,0.173913043,0,0
1988,IDN,29,1,0.034482759,23,,,6,1,1,,
1988,IRN,23,1,0.043478261,23,1,1,0,,,,
1988,ITA,253,14,0.055335968,212,13,0.928571429,41,1,0.071428571,0,0
1988,JAM,35,2,0.057142857,24,1,0.5,11,1,0.5,0,0
1988,JPN,255,14,0.054901961,186,11,0.785714286,69,3,0.214285714,0,0
1988,KEN,74,9,0.121621622,70,9,1,4,,,,
1988,KOR,401,33,0.082294264,269,26,0.787878788,132,7,0.212121212,0,0
1988,MEX,83,2,0.024096386,66,2,1,17,,,,
1988,MNE,,12,,,8,0.666666667,,4,0.333333333,0,0
1988,MNG,28,1,0.035714286,24,1,1,4,,,,
1988,MUS,8,3,0.375,6,3,1,2,,,,
1988,NLD,147,9,0.06122449,93,5,0.555555556,54,4,0.444444444,0,0
1988,NOR,69,5,0.072463768,44,3,0.6,25,1,0.2,1,0.2
1988,NZL,83,13,0.156626506,67,7,0.538461538,16,1,0.076923077,5,0.384615385
1988,PAK,30,1,0.033333333,30,1,1,0,,,,
1988,PER,21,1,0.047619048,7,,,14,1,1,,
1988,PHL,31,1,0.032258065,26,1,1,5,,,,
1988,POL,143,16,0.111888112,111,15,0.9375,32,1,0.0625,0,0
1988,PRT,65,1,0.015384615,55,,,10,1,1,,
1988,ROU,68,24,0.352941176,32,7,0.291666667,36,17,0.708333333,0,0
1988,RUS,481,132,0.274428274,319,95,0.71969697,162,36,0.272727273,1,0.007575758
1988,SEN,23,1,0.043478261,22,1,1,1,,,,
1988,SUR,6,1,0.166666667,4,1,1,2,,,,
1988,SWE,185,11,0.059459459,148,10,0.909090909,37,1,0.090909091,0,0
1988,THA,14,1,0.071428571,12,1,1,2,,,,
1988,TUR,41,2,0.048780488,36,2,1,5,,,,
1988,USA,527,94,0.178368121,332,60,0.638297872,195,29,0.308510638,5,0.053191489
1992,ARG,84,1,0.011904762,67,1,1,17,,,,
1992,AUS,279,27,0.096774194,187,14,0.518518519,92,10,0.37037037,3,0.111111111
1992,AUT,102,2,0.019607843,71,1,0.5,31,,,,
1992,BEL,68,3,0.044117647,43,1,0.333333333,25,2,0.666666667,0,0
1992,BGR,138,16,0.115942029,87,11,0.6875,51,5,0.3125,0,0
1992,BHS,14,1,0.071428571,12,1,1,2,,,,
1992,BRA,182,3,0.016483516,132,3,1,50,,,,
1992,CAN,295,18,0.061016949,179,10,0.555555556,116,7,0.388888889,1,0.055555556
1992,CHE,102,1,0.009803922,73,1,1,29,,,,
1992,CHN,244,54,0.221311475,117,19,0.351851852,127,34,0.62962963,1,0.018518519
1992,COL,49,1,0.020408163,46,,,3,1,1,,
1992,CUB,176,31,0.176136364,126,23,0.741935484,50,8,0.258064516,0,0
1992,CZE,208,7,0.033653846,146,6,0.857142857,62,,,,
1992,DEU,463,82,0.177105832,300,45,0.548780488,163,30,0.365853659,7,0.085365854
1992,DNK,119,6,0.050420168,86,4,0.666666667,33,,,,
1992,DQ,,7,,,4,0.571428571,,3,0.428571429,0,0
1992,DZA,35,2,0.057142857,33,1,0.5,2,1,0.5,0,0
1992,ESP,422,22,0.052132701,297,13,0.590909091,125,8,0.363636364,1,0.045454545
1992,EST,37,2,0.054054054,33,1,0.5,4,1,0.5,0,0
1992,ETH,40,3,0.075,28,2,0.666666667,12,1,0.333333333,0,0
1992,FIN,88,5,0.056818182,60,5,1,28,,,,
1992,FRA,339,29,0.085545723,241,20,0.689655172,98,7,0.24137931,2,0.068965517
1992,GBR,371,20,0.053908356,229,13,0.65,142,6,0.3,1,0.05
1992,GHA,34,1,0.029411765,32,1,1,2,,,,
1992,GRC,70,2,0.028571429,56,1,0.5,14,1,0.5,0,0
1992,HRV,39,3,0.076923077,36,3,1,3,,,,
1992,HUN,217,30,0.138248848,159,21,0.7,58,9,0.3,0,0
1992,IDN,42,5,0.119047619,27,4,0.8,15,1,0.2,0,0
1992,IRL,58,2,0.034482759,49,2,1,9,,,,
1992,IRN,36,3,0.083333333,36,3,1,0,,,,
1992,ISR,30,2,0.066666667,25,1,0.5,5,1,0.5,0,0
1992,ITA,304,19,0.0625,228,14,0.736842105,76,3,0.157894737,2,0.105263158
1992,JAM,36,4,0.111111111,22,1,0.25,14,3,0.75,0,0
1992,JPN,256,22,0.0859375,175,12,0.545454545,81,9,0.409090909,1,0.045454545
1992,KEN,49,8,0.163265306,40,8,1,9,,,,
1992,KOR,226,29,0.128318584,154,18,0.620689655,72,11,0.379310345,0,0
1992,LTU,47,2,0.042553191,36,2,1,11,,,,
1992,LVA,34,3,0.088235294,25,3,1,9,,,,
1992,MEX,102,1,0.009803922,76,1,1,26,,,,
1992,MNG,35,2,0.057142857,28,1,0.5,7,1,0.5,0,0
1992,MUS,13,3,0.230769231,6,3,1,7,,,,
1992,MYS,26,1,0.038461538,26,1,1,0,,,,
1992,NAM,6,2,0.333333333,5,2,1,1,,,,
1992,NGA,55,4,0.072727273,32,3,0.75,23,1,0.25,0,0
1992,NLD,201,15,0.074626866,117,7,0.466666667,84,5,0.333333333,3,0.2
1992,NOR,83,7,0.084337349,51,5,0.714285714,32,2,0.285714286,0,0
1992,NZL,134,10,0.074626866,92,4,0.4,42,3,0.3,3,0.3
1992,PAK,27,1,0.037037037,27,1,1,0,,,,
1992,PHL,26,1,0.038461538,24,1,1,2,,,,
1992,POL,201,19,0.094527363,149,17,0.894736842,52,2,0.105263158,0,0
1992,PRI,71,1,0.014084507,65,1,1,6,,,,
1992,PRK,64,9,0.140625,36,7,0.777777778,28,2,0.222222222,0,0
1992,QAT,28,1,0.035714286,28,1,1,0,,,,
1992,ROU,173,18,0.104046243,105,7,0.388888889,68,11,0.611111111,0,0
1992,SUR,6,1,0.166666667,5,1,1,1,,,,
1992,SVN,35,2,0.057142857,29,2,1,6,,,,
1992,SWE,187,12,0.064171123,143,10,0.833333333,44,2,0.166666667,0,0
1992,THA,46,1,0.02173913,23,1,1,23,,,,
1992,TUR,41,6,0.146341463,36,5,0.833333333,5,1,0.166666667,0,0
1992,TWN,31,1,0.032258065,23,1,1,8,,,,
1992,USA,545,108,0.198165138,355,58,0.537037037,190,44,0.407407407,6,0.055555556
1992,ZAF,,2,,,1,0.5,,1,0.5,0,0
1996,ARG,179,3,0.016759777,132,3,1,47,,,,
1996,ARM,32,2,0.0625,30,2,1,2,,,,
1996,AUS,417,41,0.098321343,250,21,0.512195122,167,17,0.414634146,3,0.073170732
1996,AUT,72,3,0.041666667,56,2,0.666666667,16,1,0.333333333,0,0
1996,AZE,23,1,0.043478261,20,1,1,3,,,,
1996,BDI,7,1,0.142857143,6,1,1,1,,,,
1996,BEL,62,6,0.096774194,42,3,0.5,20,3,0.5,0,0
1996,BGR,111,15,0.135135135,75,11,0.733333333,36,4,0.266666667,0,0
1996,BHS,,1,,,,,,1,1,,
1996,BLR,157,15,0.095541401,91,11,0.733333333,66,4,0.266666667,0,0
1996,BRA,221,15,0.067873303,156,7,0.466666667,65,4,0.266666667,4,0.266666667
1996,CAN,303,22,0.072607261,152,11,0.5,151,11,0.5,0,0
1996,CHE,115,7,0.060869565,72,5,0.714285714,43,1,0.142857143,1,0.142857143
1996,CHN,315,50,0.158730159,127,21,0.42,188,28,0.56,1,0.02
1996,CRI,11,1,0.090909091,6,,,5,1,1,,
1996,CUB,164,25,0.152439024,111,18,0.72,53,7,0.28,0,0
1996,CZE,115,11,0.095652174,76,7,0.636363636,39,4,0.363636364,0,0
1996,DEU,466,65,0.139484979,279,38,0.584615385,187,22,0.338461538,5,0.076923077
1996,DNK,119,6,0.050420168,54,3,0.5,65,3,0.5,0,0
1996,DQ,,2,,,1,0.5,,1,0.5,0,0
1996,DZA,45,3,0.066666667,39,3,1,6,,,,
1996,ECU,19,1,0.052631579,17,1,1,2,,,,
1996,ESP,289,17,0.058823529,194,10,0.588235294,95,6,0.352941176,1,0.058823529
1996,ETH,18,3,0.166666667,10,1,0.333333333,8,2,0.666666667,0,0
1996,FIN,76,4,0.052631579,47,3,0.75,29,1,0.25,0,0
1996,FRA,299,37,0.123745819,197,21,0.567567568,102,15,0.405405405,1,0.027027027
1996,GBR,300,15,0.05,184,13,0.866666667,116,1,0.066666667,1,0.066666667
1996,GEO,34,2,0.058823529,27,2,1,7,,,,
1996,GRC,121,8,0.066115702,87,7,0.875,34,1,0.125,0,0
1996,HKG,23,1,0.043478261,14,,,9,1,1,,
1996,HRV,84,2,0.023809524,75,2,1,9,,,,
1996,HUN,213,21,0.098591549,147,15,0.714285714,66,6,0.285714286,0,0
1996,IDN,40,4,0.1,23,2,0.5,17,2,0.5,0,0
1996,IND,49,1,0.020408163,40,1,1,9,,,,
1996,IRL,78,4,0.051282051,62,,,16,4,1,,
1996,IRN,18,3,0.166666667,17,3,1,1,,,,
1996,ISR,25,1,0.04,18,1,1,7,,,,
1996,ITA,340,35,0.102941176,236,22,0.628571429,104,13,0.371428571,0,0
1996,JAM,46,6,0.130434783,27,2,0.333333333,19,4,0.666666667,0,0
1996,JPN,306,14,0.045751634,157,7,0.5,149,7,0.5,0,0
1996,KAZ,96,11,0.114583333,72,11,1,24,,,,
1996,KEN,52,8,0.153846154,42,7,0.875,10,1,0.125,0,0
1996,KOR,303,27,0.089108911,190,14,0.518518519,113,11,0.407407407,2,0.074074074
1996,LTU,61,1,0.016393443,45,1,1,16,,,,
1996,LVA,47,1,0.021276596,34,1,1,13,,,,
1996,MDA,40,2,0.05,35,2,1,5,,,,
1996,MEX,98,1,0.010204082,71,1,1,27,,,,
1996,MNG,19,1,0.052631579,14,1,1,5,,,,
1996,MOZ,3,1,0.333333333,2,,,1,1,1,,
1996,MUS,26,2,0.076923077,21,2,1,5,,,,
1996,MYS,35,2,0.057142857,32,2,1,3,,,,
1996,NAM,8,2,0.25,6,2,1,2,,,,
1996,NGA,65,6,0.092307692,49,2,0.333333333,16,4,0.666666667,0,0
1996,NLD,239,19,0.079497908,137,7,0.368421053,102,9,0.473684211,3,0.157894737
1996,NOR,97,7,0.072164948,42,4,0.571428571,55,2,0.285714286,1,0.142857143
1996,NZL,95,6,0.063157895,66,2,0.333333333,29,1,0.166666667,3,0.5
1996,PHL,12,1,0.083333333,8,1,1,4,,,,
1996,POL,165,17,0.103030303,126,13,0.764705882,39,4,0.235294118,0,0
1996,PRI,69,1,0.014492754,47,1,1,22,,,,
1996,PRK,24,5,0.208333333,15,4,0.8,9,1,0.2,0,0
1996,PRT,107,2,0.018691589,83,1,0.5,24,1,0.5,0,0
1996,ROU,165,20,0.121212121,98,7,0.35,67,13,0.65,0,0
1996,RUS,390,63,0.161538462,232,44,0.698412698,158,18,0.285714286,1,0.015873016
1996,SRB,68,4,0.058823529,59,2,0.5,9,2,0.5,0,0
1996,SVK,71,3,0.042253521,58,3,1,13,,,,
1996,SVN,37,2,0.054054054,25,1,0.5,12,1,0.5,0,0
1996,SWE,177,8,0.04519774,111,4,0.5,66,3,0.375,1,0.125
1996,SYR,7,1,0.142857143,6,,,1,1,1,,
1996,THA,37,2,0.054054054,25,2,1,12,,,,
1996,TON,5,1,0.2,4,1,1,1,,,,
1996,TTO,12,2,0.166666667,8,2,1,4,,,,
1996,TUN,51,1,0.019607843,45,1,1,6,,,,
1996,TUR,53,6,0.113207547,44,6,1,9,,,,
1996,TWN,74,1,0.013513514,32,,,42,1,1,,
1996,UGA,10,1,0.1,7,1,1,3,,,,
1996,UKR,231,23,0.0995671,146,13,0.565217391,85,10,0.434782609,0,0
1996,USA,648,101,0.155864198,375,58,0.574257426,273,38,0.376237624,5,0.04950495
1996,UZB,71,2,0.028169014,63,2,1,8,,,,
1996,ZAF,84,5,0.05952381,64,2,0.4,20,3,0.6,0,0
1996,ZMB,8,1,0.125,7,1,1,1,,,,
2000,ARG,143,4,0.027972028,98,2,0.5,45,2,0.5,0,0
2000,ARM,25,1,0.04,23,1,1,2,,,,
2000,AUS,617,58,0.094003241,341,32,0.551724138,276,22,0.379310345,4,0.068965517
2000,AUT,92,3,0.032608696,55,1,0.333333333,37,1,0.333333333,1,0.333333333
2000,AZE,31,3,0.096774194,25,2,0.666666667,6,1,0.333333333,0,0
2000,BEL,70,5,0.071428571,38,2,0.4,32,3,0.6,0,0
2000,BGR,93,13,0.139784946,53,10,0.769230769,40,3,0.230769231,0,0
2000,BHS,25,3,0.12,16,1,0.333333333,9,2,0.666666667,0,0
2000,BLR,139,17,0.122302158,72,9,0.529411765,67,8,0.470588235,0,0
2000,BRA,198,12,0.060606061,106,5,0.416666667,92,4,0.333333333,3,0.25
2000,BRB,18,1,0.055555556,12,1,1,6,,,,
2000,CAN,294,14,0.047619048,150,7,0.5,144,7,0.5,0,0
2000,CHE,102,9,0.088235294,64,3,0.333333333,38,5,0.555555556,1,0.111111111
2000,CHL,,1,,,1,1,,,,,
2000,CHN,321,58,0.180685358,134,23,0.396551724,187,34,0.586206897,1,0.017241379
2000,CMR,38,1,0.026315789,27,1,1,11,,,,
2000,COL,44,1,0.022727273,25,,,19,1,1,,
2000,CRI,7,2,0.285714286,5,,,2,2,1,,
2000,CUB,229,29,0.126637555,147,22,0.75862069,82,7,0.24137931,0,0
2000,CZE,119,8,0.067226891,86,7,0.875,33,1,0.125,0,0
2000,DEU,422,56,0.132701422,241,32,0.571428571,181,18,0.321428571,6,0.107142857
2000,DNK,97,6,0.06185567,53,3,0.5,44,2,0.333333333,1,0.166666667
2000,DQ,,3,,,2,0.666666667,,1,0.333333333,0,0
2000,DZA,47,5,0.106382979,37,4,0.8,10,1,0.2,0,0
2000,ESP,321,11,0.034267913,216,7,0.636363636,105,4,0.363636364,0,0
2000,EST,33,3,0.090909091,31,3,1,2,,,,
2000,ETH,26,8,0.307692308,15,5,0.625,11,3,0.375,0,0
2000,FIN,70,4,0.057142857,40,3,0.75,30,,,,
2000,FRA,336,38,0.113095238,211,26,0.684210526,125,12,0.315789474,0,0
2000,GBR,310,28,0.090322581,181,14,0.5,129,9,0.321428571,5,0.178571429
2000,GEO,36,6,0.166666667,27,6,1,9,,,,
2000,GRC,140,13,0.092857143,82,8,0.615384615,58,5,0.384615385,0,0
2000,HRV,88,2,0.022727273,63,2,1,25,,,,
2000,HUN,178,17,0.095505618,109,10,0.588235294,69,7,0.411764706,0,0
2000,IDN,47,6,0.127659574,27,2,0.333333333,20,3,0.5,1,0.166666667
2000,IND,65,1,0.015384615,44,,,21,1,1,,
2000,IRL,64,1,0.015625,40,,,24,1,1,,
2000,IRN,33,4,0.121212121,32,4,1,1,,,,
2000,ISL,18,1,0.055555556,9,,,9,1,1,,
2000,ISR,39,1,0.025641026,29,1,1,10,,,,
2000,ITA,361,34,0.094182825,246,23,0.676470588,115,11,0.323529412,0,0
2000,JAM,48,9,0.1875,22,2,0.222222222,26,7,0.777777778,0,0
2000,JPN,266,18,0.067669173,156,5,0.277777778,110,13,0.722222222,0,0
2000,KAZ,130,7,0.053846154,86,6,0.857142857,44,1,0.142857143,0,0
2000,KEN,56,7,0.125,34,6,0.857142857,22,1,0.142857143,0,0
2000,KGZ,48,1,0.020833333,35,1,1,13,,,,
2000,KOR,281,28,0.099644128,175,17,0.607142857,106,11,0.392857143,0,0
2000,KWT,29,1,0.034482759,29,1,1,0,,,,
2000,LKA,18,1,0.055555556,9,,,9,1,1,,
2000,LTU,61,5,0.081967213,40,2,0.4,21,3,0.6,0,0
2000,LVA,45,3,0.066666667,30,3,1,15,,,,
2000,MDA,34,2,0.058823529,29,2,1,5,,,,
2000,MEX,78,6,0.076923077,52,5,0.833333333,26,1,0.166666667,0,0
2000,MKD,10,1,0.1,6,1,1,4,,,,
2000,MOZ,4,1,0.25,2,,,2,1,1,,
2000,MUS,20,5,0.25,16,4,0.8,4,1,0.2,0,0
2000,NGA,83,3,0.036144578,44,1,0.333333333,39,2,0.666666667,0,0
2000,NLD,231,25,0.108225108,147,8,0.32,84,13,0.52,4,0.16
2000,NOR,93,10,0.107526882,44,4,0.4,49,5,0.5,1,0.1
2000,NZL,147,4,0.027210884,77,2,0.5,70,1,0.25,1,0.25
2000,POL,187,14,0.07486631,129,9,0.642857143,58,5,0.357142857,0,0
2000,PRK,31,4,0.129032258,14,2,0.5,17,2,0.5,0,0
2000,PRT,61,2,0.032786885,48,1,0.5,13,1,0.5,0,0
2000,QAT,17,1,0.058823529,17,1,1,0,,,,
2000,ROU,145,26,0.179310345,71,7,0.269230769,74,19,0.730769231,0,0
2000,RUS,435,89,0.204597701,241,53,0.595505618,194,36,0.404494382,0,0
2000,SAU,18,2,0.111111111,18,1,0.5,0,,,,
2000,SRB,109,3,0.027522936,92,2,0.666666667,17,1,0.333333333,0,0
2000,SVK,108,5,0.046296296,81,3,0.6,27,2,0.4,0,0
2000,SVN,74,2,0.027027027,55,2,1,19,,,,
2000,SWE,150,12,0.08,98,7,0.583333333,52,5,0.416666667,0,0
2000,THA,52,3,0.057692308,34,2,0.666666667,18,1,0.333333333,0,0
2000,TTO,19,2,0.105263158,14,2,1,5,,,,
2000,TUR,57,5,0.087719298,42,4,0.8,15,1,0.2,0,0
2000,TWN,55,5,0.090909091,21,1,0.2,34,4,0.8,0,0
2000,UKR,230,23,0.1,139,14,0.608695652,91,9,0.391304348,0,0
2000,URY,15,1,0.066666667,12,1,1,3,,,,
2000,USA,586,93,0.158703072,333,49,0.52688172,253,39,0.419354839,5,0.053763441
2000,UZB,70,4,0.057142857,52,4,1,18,,,,
2000,VNM,7,1,0.142857143,3,,,4,1,1,,
2000,ZAF,127,5,0.039370079,89,3,0.6,38,2,0.4,0,0
2004,ARE,4,1,0.25,4,1,1,0,,,,
2004,ARG,152,6,0.039473684,106,2,0.333333333,46,3,0.5,1,0.166666667
2004,AUS,470,50,0.106382979,268,27,0.54,202,23,0.46,0,0
2004,AUT,74,7,0.094594595,54,3,0.428571429,20,2,0.285714286,2,0.285714286
2004,AZE,36,5,0.138888889,30,3,0.6,6,2,0.4,0,0
2004,BEL,51,3,0.058823529,32,1,0.333333333,19,2,0.666666667,0,0
2004,BGR,98,12,0.12244898,51,8,0.666666667,47,4,0.333333333,0,0
2004,BHS,22,2,0.090909091,13,,,9,2,1,,
2004,BLR,151,13,0.086092715,82,7,0.538461538,69,6,0.461538462,0,0
2004,BRA,243,10,0.041152263,124,6,0.6,119,2,0.2,2,0.2
2004,CAN,262,12,0.045801527,130,6,0.5,132,6,0.5,0,0
2004,CHE,98,5,0.051020408,59,4,0.8,39,1,0.2,0,0
2004,CHL,,3,,,3,1,,,,,
2004,CHN,405,63,0.155555556,152,23,0.365079365,253,39,0.619047619,1,0.015873016
2004,CMR,21,1,0.047619048,12,,,9,1,1,,
2004,COL,53,2,0.037735849,32,,,21,2,1,,
2004,CUB,151,27,0.178807947,97,16,0.592592593,54,11,0.407407407,0,0
2004,CZE,142,9,0.063380282,80,5,0.555555556,62,4,0.444444444,0,0
2004,DEU,441,49,0.111111111,250,24,0.489795918,191,21,0.428571429,4,0.081632653
2004,DNK,92,8,0.086956522,48,4,0.5,44,3,0.375,1,0.125
2004,DOM,33,1,0.03030303,17,1,1,16,,,,
2004,DQ,,3,,,2,0.666666667,,1,0.333333333,0,0
2004,EGY,97,5,0.051546392,81,5,1,16,,,,
2004,ERI,4,1,0.25,3,1,1,1,,,,
2004,ESP,316,20,0.063291139,177,13,0.65,139,4,0.2,3,0.15
2004,EST,42,3,0.071428571,31,3,1,11,,,,
2004,ETH,26,7,0.269230769,14,3,0.428571429,12,4,0.571428571,0,0
2004,FIN,53,2,0.037735849,36,2,1,17,,,,
2004,FRA,308,33,0.107142857,195,16,0.484848485,113,16,0.484848485,1,0.03030303
2004,GBR,264,30,0.113636364,161,15,0.5,103,10,0.333333333,5,0.166666667
2004,GEO,32,4,0.125,26,4,1,6,,,,
2004,GRC,426,16,0.037558685,215,8,0.5,211,8,0.5,0,0
2004,HKG,32,1,0.03125,14,1,1,18,,,,
2004,HRV,81,5,0.061728395,66,5,1,15,,,,
2004,HUN,209,17,0.081339713,119,10,0.588235294,90,7,0.411764706,0,0
2004,IDN,38,4,0.105263158,22,3,0.75,16,1,0.25,0,0
2004,IND,73,1,0.01369863,48,1,1,25,,,,
2004,IRN,37,6,0.162162162,36,6,1,1,,,,
2004,ISR,36,2,0.055555556,20,2,1,16,,,,
2004,ITA,364,32,0.087912088,229,23,0.71875,135,9,0.28125,0,0
2004,JAM,47,5,0.106382979,22,1,0.2,25,4,0.8,0,0
2004,JPN,306,37,0.120915033,139,20,0.540540541,167,17,0.459459459,0,0
2004,KAZ,114,8,0.070175439,71,8,1,43,,,,
2004,KEN,46,7,0.152173913,22,5,0.714285714,24,2,0.285714286,0,0
2004,KOR,264,30,0.113636364,145,18,0.6,119,12,0.4,0,0
2004,LTU,59,3,0.050847458,47,2,0.666666667,12,1,0.333333333,0,0
2004,LVA,32,4,0.125,22,3,0.75,10,1,0.25,0,0
2004,MEX,109,4,0.036697248,59,1,0.25,50,3,0.75,0,0
2004,MNG,23,1,0.043478261,15,1,1,8,,,,
2004,MUS,9,3,0.333333333,6,2,0.666666667,3,1,0.333333333,0,0
2004,NGA,70,2,0.028571429,24,2,1,46,,,,
2004,NLD,210,22,0.104761905,134,9,0.409090909,76,12,0.545454545,1,0.045454545
2004,NOR,52,6,0.115384615,35,4,0.666666667,17,2,0.333333333,0,0
2004,NZL,148,5,0.033783784,81,3,0.6,67,2,0.4,0,0
2004,POL,194,10,0.051546392,132,3,0.3,62,7,0.7,0,0
2004,PRK,36,5,0.138888889,13,2,0.4,23,3,0.6,0,0
2004,PRT,81,3,0.037037037,64,3,1,17,,,,
2004,PRY,22,1,0.045454545,20,1,1,2,,,,
2004,ROU,108,19,0.175925926,50,7,0.368421053,58,12,0.631578947,0,0
2004,RUS,446,90,0.201793722,244,51,0.566666667,202,39,0.433333333,0,0
2004,SRB,85,2,0.023529412,78,1,0.5,7,1,0.5,0,0
2004,SVK,64,6,0.09375,48,5,0.833333333,16,1,0.166666667,0,0
2004,SVN,79,4,0.050632911,56,1,0.25,23,2,0.5,1,0.25
2004,SWE,115,7,0.060869565,62,4,0.571428571,53,2,0.285714286,1,0.142857143
2004,SYR,6,1,0.166666667,5,1,1,1,,,,
2004,THA,42,8,0.19047619,24,3,0.375,18,5,0.625,0,0
2004,TTO,19,1,0.052631579,10,1,1,9,,,,
2004,TUR,64,10,0.15625,44,9,0.9,20,1,0.1,0,0
2004,TWN,88,5,0.056818182,49,3,0.6,39,2,0.4,0,0
2004,UKR,239,22,0.092050209,124,9,0.409090909,115,12,0.545454545,1,0.045454545
2004,USA,533,101,0.189493433,279,55,0.544554455,254,40,0.396039604,6,0.059405941
2004,UZB,69,5,0.072463768,51,5,1,18,,,,
2004,VEN,48,2,0.041666667,33,1,0.5,15,1,0.5,0,0
2004,ZAF,,6,,,5,0.833333333,,1,0.166666667,0,0
2004,ZWE,12,3,0.25,9,,,3,3,1,,
2008,AFG,4,1,0.25,3,1,1,1,,,,
2008,ARG,132,6,0.045454545,79,3,0.5,53,2,0.333333333,1,0.166666667
2008,ARM,25,5,0.2,23,5,1,2,,,,
2008,AUS,432,46,0.106481481,233,21,0.456521739,199,23,0.5,2,0.043478261
2008,AUT,70,3,0.042857143,40,1,0.333333333,30,2,0.666666667,0,0
2008,AZE,44,6,0.136363636,30,5,0.833333333,14,1,0.166666667,0,0
2008,BEL,94,2,0.021276596,77,,,17,2,1,,
2008,BGR,74,5,0.067567568,45,3,0.6,29,2,0.4,0,0
2008,BHS,25,2,0.08,16,2,1,9,,,,
2008,BLR,177,14,0.079096045,93,9,0.642857143,84,5,0.357142857,0,0
2008,BRA,268,17,0.063432836,139,10,0.588235294,129,7,0.411764706,0,0
2008,CAN,332,20,0.060240964,186,10,0.5,146,8,0.4,2,0.1
2008,CHE,83,7,0.084337349,47,5,0.714285714,36,1,0.142857143,1,0.142857143
2008,CHL,,1,,,1,1,,,,,
2008,CHN,625,100,0.16,330,43,0.43,295,56,0.56,1,0.01
2008,CMR,36,1,0.027777778,27,,,9,1,1,,
2008,COL,67,3,0.044776119,43,1,0.333333333,24,2,0.666666667,0,0
2008,CUB,158,30,0.189873418,102,20,0.666666667,56,10,0.333333333,0,0
2008,CZE,134,7,0.052238806,75,4,0.571428571,59,3,0.428571429,0,0
2008,DEU,420,41,0.097619048,237,20,0.487804878,183,15,0.365853659,6,0.146341463
2008,DNK,93,7,0.075268817,71,4,0.571428571,22,1,0.142857143,2,0.285714286
2008,DOM,24,2,0.083333333,18,2,1,6,,,,
2008,DQ,,1,,,,,,1,1,,
2008,DZA,56,2,0.035714286,34,1,0.5,22,1,0.5,0,0
2008,ECU,25,1,0.04,17,1,1,8,,,,
2008,EGY,100,2,0.02,74,1,0.5,26,1,0.5,0,0
2008,ESP,283,19,0.067137809,163,12,0.631578947,120,5,0.263157895,2,0.105263158
2008,EST,47,2,0.042553191,34,2,1,13,,,,
2008,ETH,27,7,0.259259259,14,4,0.571428571,13,3,0.428571429,0,0
2008,FIN,57,4,0.070175439,31,2,0.5,26,2,0.5,0,0
2008,FRA,309,43,0.139158576,188,34,0.790697674,121,8,0.186046512,1,0.023255814
2008,GBR,304,51,0.167763158,163,27,0.529411765,141,21,0.411764706,3,0.058823529
2008,GEO,35,7,0.2,27,6,0.857142857,8,1,0.142857143,0,0
2008,GRC,152,3,0.019736842,82,2,0.666666667,70,1,0.333333333,0,0
2008,HRV,99,5,0.050505051,80,1,0.2,19,4,0.8,0,0
2008,HUN,171,10,0.058479532,88,7,0.7,83,3,0.3,0,0
2008,IDN,24,6,0.25,15,3,0.5,9,2,0.333333333,1,0.166666667
2008,IND,53,3,0.056603774,31,3,1,22,,,,
2008,IRL,55,3,0.054545455,39,3,1,16,,,,
2008,IRN,54,2,0.037037037,51,2,1,3,,,,
2008,ISL,27,1,0.037037037,20,1,1,7,,,,
2008,ISR,43,1,0.023255814,23,1,1,20,,,,
2008,ITA,333,27,0.081081081,203,16,0.592592593,130,11,0.407407407,0,0
2008,JAM,50,11,0.22,23,2,0.181818182,27,9,0.818181818,0,0
2008,JPN,332,25,0.075301205,167,13,0.52,165,12,0.48,0,0
2008,KAZ,130,9,0.069230769,60,6,0.666666667,70,3,0.333333333,0,0
2008,KEN,46,16,0.347826087,28,9,0.5625,18,7,0.4375,0,0
2008,KGZ,20,3,0.15,16,3,1,4,,,,
2008,KOR,265,32,0.120754717,159,18,0.5625,106,13,0.40625,1,0.03125
2008,LTU,71,5,0.070422535,44,4,0.8,27,1,0.2,0,0
2008,LVA,47,3,0.063829787,29,3,1,18,,,,
2008,MDA,29,1,0.034482759,21,1,1,8,,,,
2008,MEX,83,4,0.048192771,43,1,0.25,40,3,0.75,0,0
2008,MNG,33,4,0.121212121,18,3,0.75,15,1,0.25,0,0
2008,MUS,11,3,0.272727273,6,2,0.666666667,5,1,0.333333333,0,0
2008,MYS,32,1,0.03125,18,1,1,14,,,,
2008,NGA,74,5,0.067567568,37,2,0.4,37,3,0.6,0,0
2008,NLD,237,16,0.067510549,139,3,0.1875,98,11,0.6875,2,0.125
2008,NOR,84,9,0.107142857,30,5,0.555555556,54,4,0.444444444,0,0
2008,NZL,178,9,0.050561798,96,7,0.777777778,82,2,0.222222222,0,0
2008,PAN,5,1,0.2,3,1,1,2,,,,
2008,POL,257,11,0.042801556,156,8,0.727272727,101,3,0.272727273,0,0
2008,PRK,58,6,0.103448276,21,1,0.166666667,37,5,0.833333333,0,0
2008,PRT,77,2,0.025974026,51,1,0.5,26,1,0.5,0,0
2008,ROU,101,9,0.089108911,40,2,0.222222222,61,7,0.777777778,0,0
2008,RUS,454,60,0.13215859,231,37,0.616666667,223,23,0.383333333,0,0
2008,SDN,9,1,0.111111111,5,1,1,4,,,,
2008,SGP,25,1,0.04,11,,,14,1,1,,
2008,SRB,87,3,0.034482759,63,3,1,24,,,,
2008,SVK,57,6,0.105263158,35,4,0.666666667,22,2,0.333333333,0,0
2008,SVN,61,5,0.081967213,40,3,0.6,21,2,0.4,0,0
2008,SWE,123,5,0.040650407,50,3,0.6,73,1,0.2,1,0.2
2008,TGO,4,1,0.25,3,1,1,1,,,,
2008,THA,47,6,0.127659574,22,2,0.333333333,25,4,0.666666667,0,0
2008,TJK,15,2,0.133333333,12,2,1,3,,,,
2008,TTO,28,2,0.071428571,17,2,1,11,,,,
2008,TUN,26,1,0.038461538,14,1,1,12,,,,
2008,TUR,67,5,0.074626866,48,4,0.8,19,1,0.2,0,0
2008,TWN,79,4,0.050632911,43,2,0.5,36,2,0.5,0,0
2008,UKR,243,22,0.090534979,127,13,0.590909091,116,9,0.409090909,0,0
2008,USA,588,112,0.19047619,306,54,0.482142857,282,54,0.482142857,4,0.035714286
2008,UZB,56,4,0.071428571,41,3,0.75,15,1,0.25,0,0
2008,VEN,108,1,0.009259259,57,,,51,1,1,,
2008,VNM,13,1,0.076923077,7,1,1,6,,,,
2008,WSM,6,1,0.166666667,4,,,2,1,1,,
2008,ZAF,134,1,0.007462687,75,1,1,59,,,,
2008,ZWE,13,4,0.307692308,8,,,5,4,1,,
2012,AFG,6,1,0.166666667,5,1,1,1,,,,
2012,ARG,137,4,0.02919708,97,3,0.75,40,1,0.25,0,0
2012,ARM,24,2,0.083333333,20,2,1,4,,,,
2012,AUS,405,35,0.086419753,221,15,0.428571429,184,20,0.571428571,0,0
2012,AZE,52,9,0.173076923,38,7,0.777777778,14,2,0.222222222,0,0
2012,BEL,114,3,0.026315789,71,1,0.333333333,43,2,0.666666667,0,0
2012,BGR,68,3,0.044117647,40,1,0.333333333,28,2,0.666666667,0,0
2012,BHS,21,1,0.047619048,12,1,1,9,,,,
2012,BLR,160,10,0.0625,89,3,0.3,71,6,0.6,1,0.1
2012,BRA,248,17,0.068548387,131,11,0.647058824,117,6,0.352941176,0,0
2012,BRN,12,1,0.083333333,4,,,8,1,1,,
2012,BWA,4,1,0.25,3,1,1,1,,,,
2012,CAN,273,18,0.065934066,119,9,0.5,154,9,0.5,0,0
2012,CHE,98,4,0.040816327,70,2,0.5,28,1,0.25,1,0.25
2012,CHN,411,91,0.221411192,181,36,0.395604396,230,53,0.582417582,2,0.021978022
2012,CMR,38,1,0.026315789,13,,,25,1,1,,
2012,COL,101,9,0.089108911,45,4,0.444444444,56,5,0.555555556,0,0
2012,CUB,109,15,0.137614679,65,11,0.733333333,44,4,0.266666667,0,0
2012,CYP,13,1,0.076923077,9,1,1,4,,,,
2012,CZE,133,11,0.082706767,68,6,0.545454545,65,5,0.454545455,0,0
2012,DEU,383,44,0.114882507,212,27,0.613636364,171,13,0.295454545,4,0.090909091
2012,DNK,120,9,0.075,70,7,0.777777778,50,1,0.111111111,1,0.111111111
2012,DOM,33,2,0.060606061,13,2,1,20,,,,
2012,DQ,,9,,,7,0.777777778,,2,0.222222222,0,0
2012,DZA,38,1,0.026315789,21,1,1,17,,,,
2012,EGY,109,4,0.036697248,75,3,0.75,34,1,0.25,0,0
2012,ESP,278,18,0.064748201,168,6,0.333333333,110,12,0.666666667,0,0
2012,EST,32,2,0.0625,23,2,1,9,,,,
2012,ETH,33,8,0.242424242,18,2,0.25,15,6,0.75,0,0
2012,FIN,56,3,0.053571429,29,1,0.333333333,27,2,0.666666667,0,0
2012,FRA,324,35,0.108024691,182,20,0.571428571,142,15,0.428571429,0,0
2012,GAB,21,1,0.047619048,19,1,1,2,,,,
2012,GBR,530,65,0.122641509,273,39,0.6,257,20,0.307692308,6,0.092307692
2012,GEO,34,6,0.176470588,28,6,1,6,,,,
2012,GRC,102,2,0.019607843,65,1,0.5,37,1,0.5,0,0
2012,GRD,8,1,0.125,5,1,1,3,,,,
2012,GTM,19,1,0.052631579,12,1,1,7,,,,
2012,HKG,41,1,0.024390244,21,,,20,1,1,,
2012,HRV,107,6,0.056074766,64,4,0.666666667,43,2,0.333333333,0,0
2012,HUN,152,18,0.118421053,93,12,0.666666667,59,6,0.333333333,0,0
2012,IDN,22,3,0.136363636,13,2,0.666666667,9,1,0.333333333,0,0
2012,IND,81,6,0.074074074,58,4,0.666666667,23,2,0.333333333,0,0
2012,IRL,64,6,0.09375,36,4,0.666666667,28,1,0.166666667,1,0.166666667
2012,IRN,52,13,0.25,44,13,1,8,,,,
2012,ITA,281,28,0.099644128,158,20,0.714285714,123,8,0.285714286,0,0
2012,JAM,45,12,0.266666667,23,7,0.583333333,22,5,0.416666667,0,0
2012,JPN,291,38,0.130584192,136,21,0.552631579,155,17,0.447368421,0,0
2012,KAZ,113,11,0.097345133,73,7,0.636363636,40,4,0.363636364,0,0
2012,KEN,47,13,0.276595745,27,7,0.538461538,20,6,0.461538462,0,0
2012,KOR,250,30,0.12,135,22,0.733333333,115,8,0.266666667,0,0
2012,KWT,10,1,0.1,8,1,1,2,,,,
2012,LTU,62,5,0.080645161,39,2,0.4,23,3,0.6,0,0
2012,LVA,45,2,0.044444444,31,2,1,14,,,,
2012,MEX,99,8,0.080808081,62,2,0.25,37,6,0.75,0,0
2012,MNE,33,1,0.03030303,18,,,15,1,1,,
2012,MNG,35,5,0.142857143,21,4,0.8,14,1,0.2,0,0
2012,MUS,11,1,0.090909091,4,1,1,7,,,,
2012,MYS,29,2,0.068965517,16,1,0.5,13,1,0.5,0,0
2012,NLD,173,20,0.115606936,94,5,0.25,79,11,0.55,4,0.2
2012,NOR,61,4,0.06557377,33,3,0.75,28,1,0.25,0,0
2012,NZL,178,13,0.073033708,96,7,0.538461538,82,5,0.384615385,1,0.076923077
2012,POL,210,11,0.052380952,124,6,0.545454545,86,5,0.454545455,0,0
2012,PRK,52,6,0.115384615,15,3,0.5,37,3,0.5,0,0
2012,PRT,76,3,0.039473684,44,3,1,32,,,,
2012,QAT,12,2,0.166666667,8,2,1,4,,,,
2012,ROU,105,7,0.066666667,55,2,0.285714286,50,5,0.714285714,0,0
2012,RUS,429,67,0.156177156,203,33,0.492537313,226,34,0.507462687,0,0
2012,SGP,23,2,0.086956522,8,,,15,2,1,,
2012,SRB,116,4,0.034482759,80,2,0.5,36,2,0.5,0,0
2012,SVK,47,4,0.085106383,26,2,0.5,21,2,0.5,0,0
2012,SVN,65,4,0.061538462,28,3,0.75,37,1,0.25,0,0
2012,SWE,133,8,0.060150376,55,6,0.75,78,1,0.125,1,0.125
2012,THA,37,4,0.108108108,19,1,0.25,18,3,0.75,0,0
2012,TJK,16,1,0.0625,13,,,3,1,1,,
2012,TTO,25,4,0.16,18,4,1,7,,,,
2012,TUN,83,3,0.036144578,63,2,0.666666667,20,1,0.333333333,0,0
2012,TUR,112,3,0.026785714,48,2,0.666666667,64,1,0.333333333,0,0
2012,TWN,44,2,0.045454545,19,,,25,2,1,,
2012,UGA,15,1,0.066666667,11,1,1,4,,,,
2012,UKR,230,19,0.082608696,119,8,0.421052632,111,11,0.578947368,0,0
2012,USA,530,104,0.196226415,262,45,0.432692308,268,58,0.557692308,1,0.009615385
2012,UZB,53,3,0.056603774,36,3,1,17,,,,
2012,VEN,68,1,0.014705882,42,1,1,26,,,,
2012,VNM,18,1,0.055555556,6,1,1,12,,,,
2012,ZAF,,6,,,4,0.666666667,,2,0.333333333,0,0
2016,ARE,12,1,0.083333333,9,1,1,3,,,,
2016,ARG,215,4,0.018604651,140,2,0.5,75,1,0.25,1,0.25
2016,ARM,31,4,0.129032258,24,4,1,7,,,,
2016,AUS,420,29,0.069047619,208,15,0.517241379,212,12,0.413793103,2,0.068965517
2016,AZE,56,18,0.321428571,42,14,0.777777778,14,4,0.222222222,0,0
2016,BDI,9,1,0.111111111,5,,,4,1,1,,
2016,BEL,107,6,0.056074766,72,4,0.666666667,35,2,0.333333333,0,0
2016,BGR,56,3,0.053571429,33,,,23,3,1,,
2016,BHS,29,2,0.068965517,17,1,0.5,12,1,0.5,0,0
2016,BLR,120,9,0.075,53,5,0.555555556,67,4,0.444444444,0,0
2016,BRA,462,19,0.041125541,255,14,0.736842105,207,5,0.263157895,0,0
2016,BRN,33,2,0.060606061,20,,,13,2,1,,
2016,CAN,310,22,0.070967742,127,5,0.227272727,183,16,0.727272727,1,0.045454545
2016,CHE,102,7,0.068627451,57,3,0.428571429,45,4,0.571428571,0,0
2016,CHN,434,70,0.161290323,176,28,0.4,258,41,0.585714286,1,0.014285714
2016,CIV,12,2,0.166666667,5,1,0.5,7,1,0.5,0,0
2016,COL,143,8,0.055944056,73,4,0.5,70,4,0.5,0,0
2016,CUB,117,11,0.094017094,83,9,0.818181818,34,2,0.181818182,0,0
2016,CZE,104,10,0.096153846,62,6,0.6,42,3,0.3,1,0.1
2016,DEU,418,42,0.100478469,224,21,0.5,194,15,0.357142857,6,0.142857143
2016,DNK,126,15,0.119047619,83,7,0.466666667,43,8,0.533333333,0,0
2016,DOM,26,1,0.038461538,18,1,1,8,,,,
2016,DQ,,2,,,1,0.5,,1,0.5,0,0
2016,DZA,64,2,0.03125,54,2,1,10,,,,
2016,EGY,121,3,0.024793388,84,1,0.333333333,37,2,0.666666667,0,0
2016,ESP,307,17,0.055374593,164,8,0.470588235,143,9,0.529411765,0,0
2016,EST,46,1,0.02173913,28,1,1,18,,,,
2016,ETH,37,8,0.216216216,17,3,0.375,20,5,0.625,0,0
2016,FIN,54,1,0.018518519,26,,,28,1,1,,
2016,FJI,53,1,0.018867925,36,1,1,17,,,,
2016,FRA,392,42,0.107142857,225,28,0.666666667,167,11,0.261904762,3,0.071428571
2016,GBR,360,67,0.186111111,201,40,0.597014925,159,24,0.358208955,3,0.044776119
2016,GEO,40,7,0.175,30,7,1,10,,,,
2016,GRC,92,6,0.065217391,56,3,0.5,36,3,0.5,0,0
2016,GRD,7,1,0.142857143,5,1,1,2,,,,
2016,HRV,85,10,0.117647059,66,7,0.7,19,3,0.3,0,0
2016,HUN,154,15,0.097402597,88,5,0.333333333,66,10,0.666666667,0,0
2016,IDN,28,3,0.107142857,17,1,0.333333333,11,1,0.333333333,1,0.333333333
2016,IND,112,2,0.017857143,61,,,51,2,1,,
2016,IRL,76,2,0.026315789,50,1,0.5,26,1,0.5,0,0
2016,IRN,63,8,0.126984127,54,7,0.875,9,1,0.125,0,0
2016,ISR,47,2,0.042553191,22,1,0.5,25,1,0.5,0,0
2016,ITA,309,28,0.090614887,168,18,0.642857143,141,10,0.357142857,0,0
2016,JAM,56,11,0.196428571,25,5,0.454545455,31,6,0.545454545,0,0
2016,JOR,8,1,0.125,7,1,1,1,,,,
2016,JPN,335,41,0.12238806,171,23,0.56097561,164,18,0.43902439,0,0
2016,KAZ,101,18,0.178217822,55,10,0.555555556,46,8,0.444444444,0,0
2016,KEN,79,13,0.164556962,46,6,0.461538462,33,7,0.538461538,0,0
2016,KOR,207,21,0.101449275,103,12,0.571428571,104,9,0.428571429,0,0
2016,KOS,8,1,0.125,3,,,5,1,1,,
2016,LTU,67,4,0.059701493,48,3,0.75,19,1,0.25,0,0
2016,MEX,123,5,0.040650407,79,3,0.6,44,2,0.4,0,0
2016,MNG,46,2,0.043478261,29,1,0.5,17,1,0.5,0,0
2016,MUS,11,1,0.090909091,5,1,1,6,,,,
2016,MYS,32,5,0.15625,17,3,0.6,15,1,0.2,1,0.2
2016,NER,6,1,0.166666667,4,1,1,2,,,,
2016,NGA,71,1,0.014084507,47,1,1,24,,,,
2016,NLD,237,19,0.080168776,105,7,0.368421053,132,12,0.631578947,0,0
2016,NOR,62,4,0.064516129,29,3,0.75,33,1,0.25,0,0
2016,NZL,195,18,0.092307692,98,7,0.388888889,97,11,0.611111111,0,0
2016,PHL,13,1,0.076923077,7,,,6,1,1,,
2016,POL,234,11,0.047008547,139,3,0.272727273,95,8,0.727272727,0,0
2016,PRI,40,1,0.025,13,,,27,1,1,,
2016,PRK,31,7,0.225806452,11,3,0.428571429,20,4,0.571428571,0,0
2016,PRT,90,1,0.011111111,61,,,29,1,1,,
2016,QAT,37,1,0.027027027,35,1,1,2,,,,
2016,ROU,95,4,0.042105263,34,2,0.5,61,2,0.5,0,0
2016,RUS,284,56,0.197183099,142,27,0.482142857,142,29,0.517857143,0,0
2016,SGP,25,1,0.04,9,1,1,16,,,,
2016,SRB,103,8,0.077669903,58,4,0.5,45,4,0.5,0,0
2016,SVK,51,4,0.078431373,32,4,1,19,,,,
2016,SVN,63,4,0.063492063,39,2,0.5,24,2,0.5,0,0
2016,SWE,150,11,0.073333333,64,2,0.181818182,86,8,0.727272727,1,0.090909091
2016,THA,54,6,0.111111111,26,2,0.333333333,28,4,0.666666667,0,0
2016,TJK,7,1,0.142857143,5,1,1,2,,,,
2016,TTO,28,1,0.035714286,18,1,1,10,,,,
2016,TUN,61,3,0.049180328,41,1,0.333333333,20,2,0.666666667,0,0
2016,TUR,100,8,0.08,53,7,0.875,47,1,0.125,0,0
2016,TWN,55,3,0.054545455,26,,,29,3,1,,
2016,UKR,204,11,0.053921569,87,8,0.727272727,117,3,0.272727273,0,0
2016,USA,555,121,0.218018018,264,55,0.454545455,291,61,0.504132231,5,0.041322314
2016,UZB,70,13,0.185714286,47,13,1,23,,,,
2016,VEN,85,3,0.035294118,61,1,0.333333333,24,2,0.666666667,0,0
2016,VNM,22,2,0.090909091,10,2,1,12,,,,
2016,ZAF,,10,,,8,0.8,,2,0.2,0,0
