,Year,Country Code,Male Wins,Male Medal Ratio,Female Wins,Female Medal Ratio,Total Medal Count,Open Wins,Open Win Ratio
0,1964,AUS,10.0,0.5555555555555556,7.0,0.3888888888888889,18,1.0,0.05555555555555555
1,1964,BEL,3.0,1.0,,,3,,
2,1964,BGR,10.0,1.0,,,10,,
3,1964,BRA,1.0,1.0,,,1,,
4,1964,CAN,4.0,1.0,,,4,,
5,1964,CHE,2.0,0.5,,,4,,
6,1964,CUB,1.0,1.0,,,1,,
7,1964,CZE,10.0,0.7142857142857143,4.0,0.2857142857142857,14,0.0,0.0
8,1964,DEU,33.0,0.66,9.0,0.18,50,8.0,0.16
9,1964,DNK,4.0,0.6666666666666666,,,6,,
10,1964,DQ,2.0,0.6666666666666666,1.0,0.3333333333333333,3,0.0,0.0
11,1964,ETH,1.0,1.0,,,1,,
12,1964,FIN,5.0,1.0,,,5,,
13,1964,FRA,11.0,0.7333333333333333,2.0,0.13333333333333333,15,2.0,0.13333333333333333
14,1964,GBR,11.0,0.6111111111111112,5.0,0.2777777777777778,18,2.0,0.1111111111111111
15,1964,GHA,1.0,1.0,,,1,,
16,1964,HUN,17.0,0.7727272727272727,5.0,0.22727272727272727,22,0.0,0.0
17,1964,IND,1.0,1.0,,,1,,
18,1964,IRL,1.0,1.0,,,1,,
19,1964,IRN,2.0,1.0,,,2,,
20,1964,ITA,23.0,0.8518518518518519,1.0,0.037037037037037035,27,3.0,0.1111111111111111
21,1964,JPN,27.0,0.9310344827586207,2.0,0.06896551724137931,29,0.0,0.0
22,1964,KEN,1.0,1.0,,,1,,
23,1964,KOR,3.0,1.0,,,3,,
24,1964,MEX,1.0,1.0,,,1,,
25,1964,MNE,5.0,1.0,,,5,,
26,1964,NGA,1.0,1.0,,,1,,
27,1964,NLD,7.0,0.7,3.0,0.3,10,0.0,0.0
28,1964,NZL,3.0,0.6,1.0,0.2,5,1.0,0.2
29,1964,PAK,1.0,1.0,,,1,,
30,1964,PHL,1.0,1.0,,,1,,
31,1964,POL,17.0,0.7391304347826086,6.0,0.2608695652173913,23,0.0,0.0
32,1964,ROU,7.0,0.5833333333333334,5.0,0.4166666666666667,12,0.0,0.0
33,1964,RUS,69.0,0.71875,25.0,0.2604166666666667,96,2.0,0.020833333333333332
34,1964,SWE,6.0,0.75,,,8,,
35,1964,TTO,3.0,1.0,,,3,,
36,1964,TUN,2.0,1.0,,,2,,
37,1964,TUR,6.0,1.0,,,6,,
38,1964,URY,1.0,1.0,,,1,,
39,1964,USA,60.0,0.6666666666666666,24.0,0.26666666666666666,90,6.0,0.06666666666666667
40,1968,ARG,2.0,1.0,,,2,,
41,1968,AUS,9.0,0.5294117647058824,7.0,0.4117647058823529,17,1.0,0.058823529411764705
42,1968,AUT,1.0,0.25,2.0,0.5,4,1.0,0.25
43,1968,BEL,2.0,1.0,,,2,,
44,1968,BGR,9.0,1.0,,,9,,
45,1968,BRA,2.0,0.6666666666666666,,,3,,
46,1968,CAN,1.0,0.2,3.0,0.6,5,1.0,0.2
47,1968,CHE,2.0,0.4,,,5,,
48,1968,CMR,1.0,1.0,,,1,,
49,1968,CUB,3.0,0.75,1.0,0.25,4,0.0,0.0
50,1968,CZE,4.0,0.3076923076923077,8.0,0.6153846153846154,13,1.0,0.07692307692307693
51,1968,DEU,27.0,0.5294117647058824,13.0,0.2549019607843137,51,11.0,0.21568627450980393
52,1968,DNK,7.0,0.875,,,8,,
53,1968,DQ,1.0,0.5,1.0,0.5,2,0.0,0.0
54,1968,ETH,2.0,1.0,,,2,,
55,1968,FIN,4.0,1.0,,,4,,
56,1968,FRA,12.0,0.8,1.0,0.06666666666666667,15,2.0,0.13333333333333333
57,1968,GBR,4.0,0.3076923076923077,2.0,0.15384615384615385,13,7.0,0.5384615384615384
58,1968,GRC,1.0,1.0,,,1,,
59,1968,HUN,25.0,0.78125,6.0,0.1875,32,1.0,0.03125
60,1968,IND,1.0,1.0,,,1,,
61,1968,IRN,5.0,1.0,,,5,,
62,1968,ITA,13.0,0.8125,,,16,,
63,1968,JAM,1.0,1.0,,,1,,
64,1968,JPN,24.0,0.96,1.0,0.04,25,0.0,0.0
65,1968,KEN,9.0,1.0,,,9,,
66,1968,KOR,2.0,1.0,,,2,,
67,1968,MEX,7.0,0.7777777777777778,2.0,0.2222222222222222,9,0.0,0.0
68,1968,MNE,6.0,0.75,2.0,0.25,8,0.0,0.0
69,1968,MNG,4.0,1.0,,,4,,
70,1968,NLD,5.0,0.7142857142857143,2.0,0.2857142857142857,7,0.0,0.0
71,1968,NOR,1.0,0.5,,,2,,
72,1968,NZL,2.0,0.6666666666666666,,,3,,
73,1968,PAK,1.0,1.0,,,1,,
74,1968,POL,14.0,0.7777777777777778,3.0,0.16666666666666666,18,1.0,0.05555555555555555
75,1968,ROU,8.0,0.5333333333333333,6.0,0.4,15,1.0,0.06666666666666667
76,1968,RUS,59.0,0.6483516483516484,24.0,0.26373626373626374,91,8.0,0.08791208791208792
77,1968,SWE,3.0,0.75,,,4,,
78,1968,TUN,2.0,1.0,,,2,,
79,1968,TUR,2.0,1.0,,,2,,
80,1968,TWN,,,1.0,1.0,1,,
81,1968,UGA,2.0,1.0,,,2,,
82,1968,USA,66.0,0.616822429906542,33.0,0.308411214953271,107,8.0,0.07476635514018691
83,1968,VEN,1.0,1.0,,,1,,
84,1972,ARG,1.0,1.0,,,1,,
85,1972,AUS,5.0,0.29411764705882354,10.0,0.5882352941176471,17,2.0,0.11764705882352941
86,1972,AUT,1.0,0.3333333333333333,1.0,0.3333333333333333,3,1.0,0.3333333333333333
87,1972,BEL,2.0,1.0,,,2,,
88,1972,BGR,17.0,0.8095238095238095,4.0,0.19047619047619047,21,0.0,0.0
89,1972,BRA,2.0,1.0,,,2,,
90,1972,CAN,2.0,0.4,2.0,0.4,5,1.0,0.2
91,1972,CHE,3.0,1.0,,,3,,
92,1972,COL,2.0,0.6666666666666666,,,3,,
93,1972,CUB,6.0,0.75,2.0,0.25,8,0.0,0.0
94,1972,CZE,5.0,0.625,2.0,0.25,8,1.0,0.125
95,1972,DEU,55.0,0.5188679245283019,40.0,0.37735849056603776,106,11.0,0.10377358490566038
96,1972,DNK,1.0,1.0,,,1,,
97,1972,DQ,3.0,0.75,1.0,0.25,4,0.0,0.0
98,1972,ESP,1.0,1.0,,,1,,
99,1972,ETH,2.0,1.0,,,2,,
100,1972,FIN,8.0,1.0,,,8,,
101,1972,FRA,10.0,0.7692307692307693,,,13,,
102,1972,GBR,11.0,0.6111111111111112,1.0,0.05555555555555555,18,6.0,0.3333333333333333
103,1972,GHA,1.0,1.0,,,1,,
104,1972,GRC,1.0,0.5,,,2,,
105,1972,HUN,28.0,0.8,6.0,0.17142857142857143,35,1.0,0.02857142857142857
106,1972,IND,1.0,1.0,,,1,,
107,1972,IRN,3.0,1.0,,,3,,
108,1972,ITA,8.0,0.4444444444444444,5.0,0.2777777777777778,18,5.0,0.2777777777777778
109,1972,JAM,1.0,1.0,,,1,,
110,1972,JPN,27.0,0.9310344827586207,2.0,0.06896551724137931,29,0.0,0.0
111,1972,KEN,9.0,1.0,,,9,,
112,1972,KOR,1.0,1.0,,,1,,
113,1972,LBN,1.0,1.0,,,1,,
114,1972,MEX,1.0,1.0,,,1,,
115,1972,MNE,5.0,1.0,,,5,,
116,1972,MNG,1.0,1.0,,,1,,
117,1972,NER,1.0,1.0,,,1,,
118,1972,NGA,1.0,1.0,,,1,,
119,1972,NLD,4.0,0.8,1.0,0.2,5,0.0,0.0
120,1972,NOR,4.0,1.0,,,4,,
121,1972,NZL,3.0,1.0,,,3,,
122,1972,PAK,1.0,1.0,,,1,,
123,1972,POL,18.0,0.8571428571428571,2.0,0.09523809523809523,21,1.0,0.047619047619047616
124,1972,PRK,3.0,0.6,1.0,0.2,5,1.0,0.2
125,1972,ROU,10.0,0.625,4.0,0.25,16,2.0,0.125
126,1972,RUS,69.0,0.696969696969697,22.0,0.2222222222222222,99,8.0,0.08080808080808081
127,1972,SWE,9.0,0.5625,2.0,0.125,16,5.0,0.3125
128,1972,TUN,1.0,1.0,,,1,,
129,1972,TUR,1.0,1.0,,,1,,
130,1972,UGA,2.0,1.0,,,2,,
131,1972,USA,62.0,0.6595744680851063,22.0,0.23404255319148937,94,10.0,0.10638297872340426
132,1976,AUS,2.0,0.4,,,5,,
133,1976,BEL,4.0,0.6666666666666666,,,6,,
134,1976,BGR,14.0,0.6363636363636364,8.0,0.36363636363636365,22,0.0,0.0
135,1976,BMU,1.0,1.0,,,1,,
136,1976,BRA,1.0,0.5,,,2,,
137,1976,CAN,3.0,0.2727272727272727,7.0,0.6363636363636364,11,1.0,0.09090909090909091
138,1976,CHE,2.0,0.5,,,4,,
139,1976,CUB,13.0,1.0,,,13,,
140,1976,CZE,6.0,0.75,1.0,0.125,8,1.0,0.125
141,1976,DEU,55.0,0.4263565891472868,55.0,0.4263565891472868,129,19.0,0.14728682170542637
142,1976,DNK,2.0,0.6666666666666666,,,3,,
143,1976,DQ,,,1.0,1.0,1,,
144,1976,ESP,1.0,0.5,,,2,,
145,1976,FIN,6.0,1.0,,,6,,
146,1976,FRA,7.0,0.7777777777777778,1.0,0.1111111111111111,9,1.0,0.1111111111111111
147,1976,GBR,11.0,0.8461538461538461,,,13,,
148,1976,HUN,16.0,0.7272727272727273,6.0,0.2727272727272727,22,0.0,0.0
149,1976,IRN,2.0,1.0,,,2,,
150,1976,ITA,9.0,0.6923076923076923,2.0,0.15384615384615385,13,2.0,0.15384615384615385
151,1976,JAM,2.0,1.0,,,2,,
152,1976,JPN,24.0,0.96,1.0,0.04,25,0.0,0.0
153,1976,KOR,5.0,0.8333333333333334,1.0,0.16666666666666666,6,0.0,0.0
154,1976,MEX,2.0,1.0,,,2,,
155,1976,MNE,8.0,1.0,,,8,,
156,1976,MNG,1.0,1.0,,,1,,
157,1976,NLD,2.0,0.4,2.0,0.4,5,1.0,0.2
158,1976,NOR,2.0,1.0,,,2,,
159,1976,NZL,4.0,1.0,,,4,,
160,1976,PAK,1.0,1.0,,,1,,
161,1976,POL,23.0,0.8846153846153846,1.0,0.038461538461538464,26,2.0,0.07692307692307693
162,1976,PRI,1.0,1.0,,,1,,
163,1976,PRK,2.0,1.0,,,2,,
164,1976,PRT,1.0,0.5,,,2,,
165,1976,ROU,19.0,0.7037037037037037,8.0,0.2962962962962963,27,0.0,0.0
166,1976,RUS,84.0,0.672,36.0,0.288,125,5.0,0.04
167,1976,SWE,3.0,0.6,1.0,0.2,5,1.0,0.2
168,1976,THA,1.0,1.0,,,1,,
169,1976,TTO,1.0,1.0,,,1,,
170,1976,USA,67.0,0.7127659574468085,17.0,0.18085106382978725,94,10.0,0.10638297872340426
171,1976,VEN,1.0,1.0,,,1,,
172,1980,AUS,7.0,0.7777777777777778,2.0,0.2222222222222222,9,0.0,0.0
173,1980,BEL,1.0,1.0,,,1,,
174,1980,BGR,31.0,0.7560975609756098,7.0,0.17073170731707318,41,3.0,0.07317073170731707
175,1980,BRA,2.0,0.5,,,4,,
176,1980,CHE,2.0,1.0,,,2,,
177,1980,CUB,18.0,0.9,1.0,0.05,20,1.0,0.05
178,1980,CZE,12.0,0.8571428571428571,2.0,0.14285714285714285,14,0.0,0.0
179,1980,DEU,59.0,0.46825396825396826,60.0,0.47619047619047616,126,7.0,0.05555555555555555
180,1980,DNK,1.0,0.2,1.0,0.2,5,3.0,0.6
181,1980,DQ,1.0,0.3333333333333333,2.0,0.6666666666666666,3,0.0,0.0
182,1980,ESP,5.0,0.8333333333333334,,,6,,
183,1980,ETH,4.0,1.0,,,4,,
184,1980,FIN,5.0,0.625,1.0,0.125,8,2.0,0.25
185,1980,FRA,12.0,0.8571428571428571,2.0,0.14285714285714285,14,0.0,0.0
186,1980,GBR,17.0,0.8095238095238095,4.0,0.19047619047619047,21,0.0,0.0
187,1980,GRC,2.0,0.6666666666666666,,,3,,
188,1980,GUY,1.0,1.0,,,1,,
189,1980,HUN,27.0,0.84375,3.0,0.09375,32,2.0,0.0625
190,1980,IND,1.0,1.0,,,1,,
191,1980,IRL,1.0,0.5,,,2,,
192,1980,ITA,10.0,0.6666666666666666,1.0,0.06666666666666667,15,4.0,0.26666666666666666
193,1980,JAM,2.0,0.6666666666666666,1.0,0.3333333333333333,3,0.0,0.0
194,1980,LBN,1.0,1.0,,,1,,
195,1980,MEX,1.0,0.25,,,4,,
196,1980,MNE,7.0,0.7777777777777778,2.0,0.2222222222222222,9,0.0,0.0
197,1980,MNG,4.0,1.0,,,4,,
198,1980,NLD,2.0,0.6666666666666666,1.0,0.3333333333333333,3,0.0,0.0
199,1980,POL,25.0,0.78125,5.0,0.15625,32,2.0,0.0625
200,1980,PRK,5.0,1.0,,,5,,
201,1980,ROU,13.0,0.52,10.0,0.4,25,2.0,0.08
202,1980,RUS,131.0,0.6717948717948717,48.0,0.24615384615384617,195,16.0,0.08205128205128205
203,1980,SWE,8.0,0.6666666666666666,1.0,0.08333333333333333,12,3.0,0.25
204,1980,TZA,2.0,1.0,,,2,,
205,1980,UGA,1.0,1.0,,,1,,
206,1980,VEN,1.0,1.0,,,1,,
207,1980,ZWE,,,1.0,1.0,1,,
208,1984,AUS,16.0,0.6666666666666666,7.0,0.2916666666666667,24,1.0,0.041666666666666664
209,1984,AUT,3.0,1.0,,,3,,
210,1984,BEL,2.0,0.5,2.0,0.5,4,0.0,0.0
211,1984,BRA,7.0,0.875,,,8,,
212,1984,CAN,25.0,0.5681818181818182,16.0,0.36363636363636365,44,3.0,0.06818181818181818
213,1984,CHE,5.0,0.625,,,8,,
214,1984,CHN,22.0,0.6875,10.0,0.3125,32,0.0,0.0
215,1984,CIV,1.0,1.0,,,1,,
216,1984,CMR,1.0,1.0,,,1,,
217,1984,COL,1.0,1.0,,,1,,
218,1984,DEU,36.0,0.6101694915254238,18.0,0.3050847457627119,59,5.0,0.0847457627118644
219,1984,DNK,3.0,0.5,1.0,0.16666666666666666,6,2.0,0.3333333333333333
220,1984,DOM,1.0,1.0,,,1,,
221,1984,DQ,3.0,0.5,3.0,0.5,6,0.0,0.0
222,1984,DZA,2.0,1.0,,,2,,
223,1984,EGY,1.0,1.0,,,1,,
224,1984,ESP,4.0,0.8,,,5,,
225,1984,FIN,11.0,0.9166666666666666,1.0,0.08333333333333333,12,0.0,0.0
226,1984,FRA,24.0,0.8571428571428571,3.0,0.10714285714285714,28,1.0,0.03571428571428571
227,1984,GBR,23.0,0.6216216216216216,10.0,0.2702702702702703,37,4.0,0.10810810810810811
228,1984,GRC,2.0,1.0,,,2,,
229,1984,IRL,1.0,1.0,,,1,,
230,1984,ISL,1.0,1.0,,,1,,
231,1984,ITA,25.0,0.78125,4.0,0.125,32,3.0,0.09375
232,1984,JAM,1.0,0.3333333333333333,2.0,0.6666666666666666,3,0.0,0.0
233,1984,JPN,29.0,0.90625,3.0,0.09375,32,0.0,0.0
234,1984,KEN,3.0,1.0,,,3,,
235,1984,KOR,15.0,0.7894736842105263,4.0,0.21052631578947367,19,0.0,0.0
236,1984,MEX,6.0,1.0,,,6,,
237,1984,MNE,17.0,0.9444444444444444,1.0,0.05555555555555555,18,0.0,0.0
238,1984,MUS,1.0,0.5,1.0,0.5,2,0.0,0.0
239,1984,NGA,2.0,1.0,,,2,,
240,1984,NLD,2.0,0.15384615384615385,11.0,0.8461538461538461,13,0.0,0.0
241,1984,NOR,2.0,0.6666666666666666,1.0,0.3333333333333333,3,0.0,0.0
242,1984,NZL,8.0,0.7272727272727273,,,11,,
243,1984,PAK,1.0,1.0,,,1,,
244,1984,PRI,2.0,1.0,,,2,,
245,1984,PRT,2.0,0.6666666666666666,1.0,0.3333333333333333,3,0.0,0.0
246,1984,ROU,25.0,0.4716981132075472,28.0,0.5283018867924528,53,0.0,0.0
247,1984,SWE,15.0,0.7894736842105263,3.0,0.15789473684210525,19,1.0,0.05263157894736842
248,1984,SYR,1.0,1.0,,,1,,
249,1984,THA,1.0,1.0,,,1,,
250,1984,TUR,3.0,1.0,,,3,,
251,1984,TWN,1.0,1.0,,,1,,
252,1984,USA,101.0,0.5804597701149425,60.0,0.3448275862068966,174,13.0,0.07471264367816093
253,1984,VEN,3.0,1.0,,,3,,
254,1984,ZMB,1.0,1.0,,,1,,
255,1988,ARG,1.0,0.5,1.0,0.5,2,0.0,0.0
256,1988,AUS,9.0,0.6428571428571429,5.0,0.35714285714285715,14,0.0,0.0
257,1988,AUT,1.0,1.0,,,1,,
258,1988,BEL,1.0,0.5,,,2,,
259,1988,BGR,19.0,0.5428571428571428,16.0,0.45714285714285713,35,0.0,0.0
260,1988,BRA,4.0,0.6666666666666666,,,6,,
261,1988,CAN,5.0,0.5,3.0,0.3,10,2.0,0.2
262,1988,CHE,2.0,0.5,,,4,,
263,1988,CHN,13.0,0.4642857142857143,15.0,0.5357142857142857,28,0.0,0.0
264,1988,COL,1.0,1.0,,,1,,
265,1988,CRI,,,1.0,1.0,1,,
266,1988,CZE,6.0,0.75,1.0,0.125,8,1.0,0.125
267,1988,DEU,74.0,0.5211267605633803,61.0,0.4295774647887324,142,7.0,0.04929577464788732
268,1988,DJI,1.0,1.0,,,1,,
269,1988,DNK,2.0,0.5,,,4,,
270,1988,DQ,4.0,1.0,,,4,,
271,1988,ESP,2.0,0.5,,,4,,
272,1988,FIN,4.0,1.0,,,4,,
273,1988,FRA,11.0,0.6875,1.0,0.0625,16,4.0,0.25
274,1988,GBR,17.0,0.7083333333333334,3.0,0.125,24,4.0,0.16666666666666666
275,1988,GRC,1.0,1.0,,,1,,
276,1988,HUN,19.0,0.8260869565217391,4.0,0.17391304347826086,23,0.0,0.0
277,1988,IDN,,,1.0,1.0,1,,
278,1988,IRN,1.0,1.0,,,1,,
279,1988,ITA,13.0,0.9285714285714286,1.0,0.07142857142857142,14,0.0,0.0
280,1988,JAM,1.0,0.5,1.0,0.5,2,0.0,0.0
281,1988,JPN,11.0,0.7857142857142857,3.0,0.21428571428571427,14,0.0,0.0
282,1988,KEN,9.0,1.0,,,9,,
283,1988,KOR,26.0,0.7878787878787878,7.0,0.21212121212121213,33,0.0,0.0
284,1988,MEX,2.0,1.0,,,2,,
285,1988,MNE,8.0,0.6666666666666666,4.0,0.3333333333333333,12,0.0,0.0
286,1988,MNG,1.0,1.0,,,1,,
287,1988,MUS,3.0,1.0,,,3,,
288,1988,NLD,5.0,0.5555555555555556,4.0,0.4444444444444444,9,0.0,0.0
289,1988,NOR,3.0,0.6,1.0,0.2,5,1.0,0.2
290,1988,NZL,7.0,0.5384615384615384,1.0,0.07692307692307693,13,5.0,0.38461538461538464
291,1988,PAK,1.0,1.0,,,1,,
292,1988,PER,,,1.0,1.0,1,,
293,1988,PHL,1.0,1.0,,,1,,
294,1988,POL,15.0,0.9375,1.0,0.0625,16,0.0,0.0
295,1988,PRT,,,1.0,1.0,1,,
296,1988,ROU,7.0,0.2916666666666667,17.0,0.7083333333333334,24,0.0,0.0
297,1988,RUS,95.0,0.7196969696969697,36.0,0.2727272727272727,132,1.0,0.007575757575757576
298,1988,SEN,1.0,1.0,,,1,,
299,1988,SUR,1.0,1.0,,,1,,
300,1988,SWE,10.0,0.9090909090909091,1.0,0.09090909090909091,11,0.0,0.0
301,1988,THA,1.0,1.0,,,1,,
302,1988,TUR,2.0,1.0,,,2,,
303,1988,USA,60.0,0.6382978723404256,29.0,0.30851063829787234,94,5.0,0.05319148936170213
304,1992,ARG,1.0,1.0,,,1,,
305,1992,AUS,14.0,0.5185185185185185,10.0,0.37037037037037035,27,3.0,0.1111111111111111
306,1992,AUT,1.0,0.5,,,2,,
307,1992,BEL,1.0,0.3333333333333333,2.0,0.6666666666666666,3,0.0,0.0
308,1992,BGR,11.0,0.6875,5.0,0.3125,16,0.0,0.0
309,1992,BHS,1.0,1.0,,,1,,
310,1992,BRA,3.0,1.0,,,3,,
311,1992,CAN,10.0,0.5555555555555556,7.0,0.3888888888888889,18,1.0,0.05555555555555555
312,1992,CHE,1.0,1.0,,,1,,
313,1992,CHN,19.0,0.35185185185185186,34.0,0.6296296296296297,54,1.0,0.018518518518518517
314,1992,COL,,,1.0,1.0,1,,
315,1992,CUB,23.0,0.7419354838709677,8.0,0.25806451612903225,31,0.0,0.0
316,1992,CZE,6.0,0.8571428571428571,,,7,,
317,1992,DEU,45.0,0.5487804878048781,30.0,0.36585365853658536,82,7.0,0.08536585365853659
318,1992,DNK,4.0,0.6666666666666666,,,6,,
319,1992,DQ,4.0,0.5714285714285714,3.0,0.42857142857142855,7,0.0,0.0
320,1992,DZA,1.0,0.5,1.0,0.5,2,0.0,0.0
321,1992,ESP,13.0,0.5909090909090909,8.0,0.36363636363636365,22,1.0,0.045454545454545456
322,1992,EST,1.0,0.5,1.0,0.5,2,0.0,0.0
323,1992,ETH,2.0,0.6666666666666666,1.0,0.3333333333333333,3,0.0,0.0
324,1992,FIN,5.0,1.0,,,5,,
325,1992,FRA,20.0,0.6896551724137931,7.0,0.2413793103448276,29,2.0,0.06896551724137931
326,1992,GBR,13.0,0.65,6.0,0.3,20,1.0,0.05
327,1992,GHA,1.0,1.0,,,1,,
328,1992,GRC,1.0,0.5,1.0,0.5,2,0.0,0.0
329,1992,HRV,3.0,1.0,,,3,,
330,1992,HUN,21.0,0.7,9.0,0.3,30,0.0,0.0
331,1992,IDN,4.0,0.8,1.0,0.2,5,0.0,0.0
332,1992,IRL,2.0,1.0,,,2,,
333,1992,IRN,3.0,1.0,,,3,,
334,1992,ISR,1.0,0.5,1.0,0.5,2,0.0,0.0
335,1992,ITA,14.0,0.7368421052631579,3.0,0.15789473684210525,19,2.0,0.10526315789473684
336,1992,JAM,1.0,0.25,3.0,0.75,4,0.0,0.0
337,1992,JPN,12.0,0.5454545454545454,9.0,0.4090909090909091,22,1.0,0.045454545454545456
338,1992,KEN,8.0,1.0,,,8,,
339,1992,KOR,18.0,0.6206896551724138,11.0,0.3793103448275862,29,0.0,0.0
340,1992,LTU,2.0,1.0,,,2,,
341,1992,LVA,3.0,1.0,,,3,,
342,1992,MEX,1.0,1.0,,,1,,
343,1992,MNG,1.0,0.5,1.0,0.5,2,0.0,0.0
344,1992,MUS,3.0,1.0,,,3,,
345,1992,MYS,1.0,1.0,,,1,,
346,1992,NAM,2.0,1.0,,,2,,
347,1992,NGA,3.0,0.75,1.0,0.25,4,0.0,0.0
348,1992,NLD,7.0,0.4666666666666667,5.0,0.3333333333333333,15,3.0,0.2
349,1992,NOR,5.0,0.7142857142857143,2.0,0.2857142857142857,7,0.0,0.0
350,1992,NZL,4.0,0.4,3.0,0.3,10,3.0,0.3
351,1992,PAK,1.0,1.0,,,1,,
352,1992,PHL,1.0,1.0,,,1,,
353,1992,POL,17.0,0.8947368421052632,2.0,0.10526315789473684,19,0.0,0.0
354,1992,PRI,1.0,1.0,,,1,,
355,1992,PRK,7.0,0.7777777777777778,2.0,0.2222222222222222,9,0.0,0.0
356,1992,QAT,1.0,1.0,,,1,,
357,1992,ROU,7.0,0.3888888888888889,11.0,0.6111111111111112,18,0.0,0.0
358,1992,SUR,1.0,1.0,,,1,,
359,1992,SVN,2.0,1.0,,,2,,
360,1992,SWE,10.0,0.8333333333333334,2.0,0.16666666666666666,12,0.0,0.0
361,1992,THA,1.0,1.0,,,1,,
362,1992,TUR,5.0,0.8333333333333334,1.0,0.16666666666666666,6,0.0,0.0
363,1992,TWN,1.0,1.0,,,1,,
364,1992,USA,58.0,0.5370370370370371,44.0,0.4074074074074074,108,6.0,0.05555555555555555
365,1992,ZAF,1.0,0.5,1.0,0.5,2,0.0,0.0
366,1996,ARG,3.0,1.0,,,3,,
367,1996,ARM,2.0,1.0,,,2,,
368,1996,AUS,21.0,0.5121951219512195,17.0,0.4146341463414634,41,3.0,0.07317073170731707
369,1996,AUT,2.0,0.6666666666666666,1.0,0.3333333333333333,3,0.0,0.0
370,1996,AZE,1.0,1.0,,,1,,
371,1996,BDI,1.0,1.0,,,1,,
372,1996,BEL,3.0,0.5,3.0,0.5,6,0.0,0.0
373,1996,BGR,11.0,0.7333333333333333,4.0,0.26666666666666666,15,0.0,0.0
374,1996,BHS,,,1.0,1.0,1,,
375,1996,BLR,11.0,0.7333333333333333,4.0,0.26666666666666666,15,0.0,0.0
376,1996,BRA,7.0,0.4666666666666667,4.0,0.26666666666666666,15,4.0,0.26666666666666666
377,1996,CAN,11.0,0.5,11.0,0.5,22,0.0,0.0
378,1996,CHE,5.0,0.7142857142857143,1.0,0.14285714285714285,7,1.0,0.14285714285714285
379,1996,CHN,21.0,0.42,28.0,0.56,50,1.0,0.02
380,1996,CRI,,,1.0,1.0,1,,
381,1996,CUB,18.0,0.72,7.0,0.28,25,0.0,0.0
382,1996,CZE,7.0,0.6363636363636364,4.0,0.36363636363636365,11,0.0,0.0
383,1996,DEU,38.0,0.5846153846153846,22.0,0.3384615384615385,65,5.0,0.07692307692307693
384,1996,DNK,3.0,0.5,3.0,0.5,6,0.0,0.0
385,1996,DQ,1.0,0.5,1.0,0.5,2,0.0,0.0
386,1996,DZA,3.0,1.0,,,3,,
387,1996,ECU,1.0,1.0,,,1,,
388,1996,ESP,10.0,0.5882352941176471,6.0,0.35294117647058826,17,1.0,0.058823529411764705
389,1996,ETH,1.0,0.3333333333333333,2.0,0.6666666666666666,3,0.0,0.0
390,1996,FIN,3.0,0.75,1.0,0.25,4,0.0,0.0
391,1996,FRA,21.0,0.5675675675675675,15.0,0.40540540540540543,37,1.0,0.02702702702702703
392,1996,GBR,13.0,0.8666666666666667,1.0,0.06666666666666667,15,1.0,0.06666666666666667
393,1996,GEO,2.0,1.0,,,2,,
394,1996,GRC,7.0,0.875,1.0,0.125,8,0.0,0.0
395,1996,HKG,,,1.0,1.0,1,,
396,1996,HRV,2.0,1.0,,,2,,
397,1996,HUN,15.0,0.7142857142857143,6.0,0.2857142857142857,21,0.0,0.0
398,1996,IDN,2.0,0.5,2.0,0.5,4,0.0,0.0
399,1996,IND,1.0,1.0,,,1,,
400,1996,IRL,,,4.0,1.0,4,,
401,1996,IRN,3.0,1.0,,,3,,
402,1996,ISR,1.0,1.0,,,1,,
403,1996,ITA,22.0,0.6285714285714286,13.0,0.37142857142857144,35,0.0,0.0
404,1996,JAM,2.0,0.3333333333333333,4.0,0.6666666666666666,6,0.0,0.0
405,1996,JPN,7.0,0.5,7.0,0.5,14,0.0,0.0
406,1996,KAZ,11.0,1.0,,,11,,
407,1996,KEN,7.0,0.875,1.0,0.125,8,0.0,0.0
408,1996,KOR,14.0,0.5185185185185185,11.0,0.4074074074074074,27,2.0,0.07407407407407407
409,1996,LTU,1.0,1.0,,,1,,
410,1996,LVA,1.0,1.0,,,1,,
411,1996,MDA,2.0,1.0,,,2,,
412,1996,MEX,1.0,1.0,,,1,,
413,1996,MNG,1.0,1.0,,,1,,
414,1996,MOZ,,,1.0,1.0,1,,
415,1996,MUS,2.0,1.0,,,2,,
416,1996,MYS,2.0,1.0,,,2,,
417,1996,NAM,2.0,1.0,,,2,,
418,1996,NGA,2.0,0.3333333333333333,4.0,0.6666666666666666,6,0.0,0.0
419,1996,NLD,7.0,0.3684210526315789,9.0,0.47368421052631576,19,3.0,0.15789473684210525
420,1996,NOR,4.0,0.5714285714285714,2.0,0.2857142857142857,7,1.0,0.14285714285714285
421,1996,NZL,2.0,0.3333333333333333,1.0,0.16666666666666666,6,3.0,0.5
422,1996,PHL,1.0,1.0,,,1,,
423,1996,POL,13.0,0.7647058823529411,4.0,0.23529411764705882,17,0.0,0.0
424,1996,PRI,1.0,1.0,,,1,,
425,1996,PRK,4.0,0.8,1.0,0.2,5,0.0,0.0
426,1996,PRT,1.0,0.5,1.0,0.5,2,0.0,0.0
427,1996,ROU,7.0,0.35,13.0,0.65,20,0.0,0.0
428,1996,RUS,44.0,0.6984126984126984,18.0,0.2857142857142857,63,1.0,0.015873015873015872
429,1996,SRB,2.0,0.5,2.0,0.5,4,0.0,0.0
430,1996,SVK,3.0,1.0,,,3,,
431,1996,SVN,1.0,0.5,1.0,0.5,2,0.0,0.0
432,1996,SWE,4.0,0.5,3.0,0.375,8,1.0,0.125
433,1996,SYR,,,1.0,1.0,1,,
434,1996,THA,2.0,1.0,,,2,,
435,1996,TON,1.0,1.0,,,1,,
436,1996,TTO,2.0,1.0,,,2,,
437,1996,TUN,1.0,1.0,,,1,,
438,1996,TUR,6.0,1.0,,,6,,
439,1996,TWN,,,1.0,1.0,1,,
440,1996,UGA,1.0,1.0,,,1,,
441,1996,UKR,13.0,0.5652173913043478,10.0,0.43478260869565216,23,0.0,0.0
442,1996,USA,58.0,0.5742574257425742,38.0,0.37623762376237624,101,5.0,0.04950495049504951
443,1996,UZB,2.0,1.0,,,2,,
444,1996,ZAF,2.0,0.4,3.0,0.6,5,0.0,0.0
445,1996,ZMB,1.0,1.0,,,1,,
446,2000,ARG,2.0,0.5,2.0,0.5,4,0.0,0.0
447,2000,ARM,1.0,1.0,,,1,,
448,2000,AUS,32.0,0.5517241379310345,22.0,0.3793103448275862,58,4.0,0.06896551724137931
449,2000,AUT,1.0,0.3333333333333333,1.0,0.3333333333333333,3,1.0,0.3333333333333333
450,2000,AZE,2.0,0.6666666666666666,1.0,0.3333333333333333,3,0.0,0.0
451,2000,BEL,2.0,0.4,3.0,0.6,5,0.0,0.0
452,2000,BGR,10.0,0.7692307692307693,3.0,0.23076923076923078,13,0.0,0.0
453,2000,BHS,1.0,0.3333333333333333,2.0,0.6666666666666666,3,0.0,0.0
454,2000,BLR,9.0,0.5294117647058824,8.0,0.47058823529411764,17,0.0,0.0
455,2000,BRA,5.0,0.4166666666666667,4.0,0.3333333333333333,12,3.0,0.25
456,2000,BRB,1.0,1.0,,,1,,
457,2000,CAN,7.0,0.5,7.0,0.5,14,0.0,0.0
458,2000,CHE,3.0,0.3333333333333333,5.0,0.5555555555555556,9,1.0,0.1111111111111111
459,2000,CHL,1.0,1.0,,,1,,
460,2000,CHN,23.0,0.39655172413793105,34.0,0.5862068965517241,58,1.0,0.017241379310344827
461,2000,CMR,1.0,1.0,,,1,,
462,2000,COL,,,1.0,1.0,1,,
463,2000,CRI,,,2.0,1.0,2,,
464,2000,CUB,22.0,0.7586206896551724,7.0,0.2413793103448276,29,0.0,0.0
465,2000,CZE,7.0,0.875,1.0,0.125,8,0.0,0.0
466,2000,DEU,32.0,0.5714285714285714,18.0,0.32142857142857145,56,6.0,0.10714285714285714
467,2000,DNK,3.0,0.5,2.0,0.3333333333333333,6,1.0,0.16666666666666666
468,2000,DQ,2.0,0.6666666666666666,1.0,0.3333333333333333,3,0.0,0.0
469,2000,DZA,4.0,0.8,1.0,0.2,5,0.0,0.0
470,2000,ESP,7.0,0.6363636363636364,4.0,0.36363636363636365,11,0.0,0.0
471,2000,EST,3.0,1.0,,,3,,
472,2000,ETH,5.0,0.625,3.0,0.375,8,0.0,0.0
473,2000,FIN,3.0,0.75,,,4,,
474,2000,FRA,26.0,0.6842105263157895,12.0,0.3157894736842105,38,0.0,0.0
475,2000,GBR,14.0,0.5,9.0,0.32142857142857145,28,5.0,0.17857142857142858
476,2000,GEO,6.0,1.0,,,6,,
477,2000,GRC,8.0,0.6153846153846154,5.0,0.38461538461538464,13,0.0,0.0
478,2000,HRV,2.0,1.0,,,2,,
479,2000,HUN,10.0,0.5882352941176471,7.0,0.4117647058823529,17,0.0,0.0
480,2000,IDN,2.0,0.3333333333333333,3.0,0.5,6,1.0,0.16666666666666666
481,2000,IND,,,1.0,1.0,1,,
482,2000,IRL,,,1.0,1.0,1,,
483,2000,IRN,4.0,1.0,,,4,,
484,2000,ISL,,,1.0,1.0,1,,
485,2000,ISR,1.0,1.0,,,1,,
486,2000,ITA,23.0,0.6764705882352942,11.0,0.3235294117647059,34,0.0,0.0
487,2000,JAM,2.0,0.2222222222222222,7.0,0.7777777777777778,9,0.0,0.0
488,2000,JPN,5.0,0.2777777777777778,13.0,0.7222222222222222,18,0.0,0.0
489,2000,KAZ,6.0,0.8571428571428571,1.0,0.14285714285714285,7,0.0,0.0
490,2000,KEN,6.0,0.8571428571428571,1.0,0.14285714285714285,7,0.0,0.0
491,2000,KGZ,1.0,1.0,,,1,,
492,2000,KOR,17.0,0.6071428571428571,11.0,0.39285714285714285,28,0.0,0.0
493,2000,KWT,1.0,1.0,,,1,,
494,2000,LKA,,,1.0,1.0,1,,
495,2000,LTU,2.0,0.4,3.0,0.6,5,0.0,0.0
496,2000,LVA,3.0,1.0,,,3,,
497,2000,MDA,2.0,1.0,,,2,,
498,2000,MEX,5.0,0.8333333333333334,1.0,0.16666666666666666,6,0.0,0.0
499,2000,MKD,1.0,1.0,,,1,,
500,2000,MOZ,,,1.0,1.0,1,,
501,2000,MUS,4.0,0.8,1.0,0.2,5,0.0,0.0
502,2000,NGA,1.0,0.3333333333333333,2.0,0.6666666666666666,3,0.0,0.0
503,2000,NLD,8.0,0.32,13.0,0.52,25,4.0,0.16
504,2000,NOR,4.0,0.4,5.0,0.5,10,1.0,0.1
505,2000,NZL,2.0,0.5,1.0,0.25,4,1.0,0.25
506,2000,POL,9.0,0.6428571428571429,5.0,0.35714285714285715,14,0.0,0.0
507,2000,PRK,2.0,0.5,2.0,0.5,4,0.0,0.0
508,2000,PRT,1.0,0.5,1.0,0.5,2,0.0,0.0
509,2000,QAT,1.0,1.0,,,1,,
510,2000,ROU,7.0,0.2692307692307692,19.0,0.7307692307692307,26,0.0,0.0
511,2000,RUS,53.0,0.5955056179775281,36.0,0.4044943820224719,89,0.0,0.0
512,2000,SAU,1.0,0.5,,,2,,
513,2000,SRB,2.0,0.6666666666666666,1.0,0.3333333333333333,3,0.0,0.0
514,2000,SVK,3.0,0.6,2.0,0.4,5,0.0,0.0
515,2000,SVN,2.0,1.0,,,2,,
516,2000,SWE,7.0,0.5833333333333334,5.0,0.4166666666666667,12,0.0,0.0
517,2000,THA,2.0,0.6666666666666666,1.0,0.3333333333333333,3,0.0,0.0
518,2000,TTO,2.0,1.0,,,2,,
519,2000,TUR,4.0,0.8,1.0,0.2,5,0.0,0.0
520,2000,TWN,1.0,0.2,4.0,0.8,5,0.0,0.0
521,2000,UKR,14.0,0.6086956521739131,9.0,0.391304347826087,23,0.0,0.0
522,2000,URY,1.0,1.0,,,1,,
523,2000,USA,49.0,0.5268817204301075,39.0,0.41935483870967744,93,5.0,0.053763440860215055
524,2000,UZB,4.0,1.0,,,4,,
525,2000,VNM,,,1.0,1.0,1,,
526,2000,ZAF,3.0,0.6,2.0,0.4,5,0.0,0.0
527,2004,ARE,1.0,1.0,,,1,,
528,2004,ARG,2.0,0.3333333333333333,3.0,0.5,6,1.0,0.16666666666666666
529,2004,AUS,27.0,0.54,23.0,0.46,50,0.0,0.0
530,2004,AUT,3.0,0.42857142857142855,2.0,0.2857142857142857,7,2.0,0.2857142857142857
531,2004,AZE,3.0,0.6,2.0,0.4,5,0.0,0.0
532,2004,BEL,1.0,0.3333333333333333,2.0,0.6666666666666666,3,0.0,0.0
533,2004,BGR,8.0,0.6666666666666666,4.0,0.3333333333333333,12,0.0,0.0
534,2004,BHS,,,2.0,1.0,2,,
535,2004,BLR,7.0,0.5384615384615384,6.0,0.46153846153846156,13,0.0,0.0
536,2004,BRA,6.0,0.6,2.0,0.2,10,2.0,0.2
537,2004,CAN,6.0,0.5,6.0,0.5,12,0.0,0.0
538,2004,CHE,4.0,0.8,1.0,0.2,5,0.0,0.0
539,2004,CHL,3.0,1.0,,,3,,
540,2004,CHN,23.0,0.36507936507936506,39.0,0.6190476190476191,63,1.0,0.015873015873015872
541,2004,CMR,,,1.0,1.0,1,,
542,2004,COL,,,2.0,1.0,2,,
543,2004,CUB,16.0,0.5925925925925926,11.0,0.4074074074074074,27,0.0,0.0
544,2004,CZE,5.0,0.5555555555555556,4.0,0.4444444444444444,9,0.0,0.0
545,2004,DEU,24.0,0.4897959183673469,21.0,0.42857142857142855,49,4.0,0.08163265306122448
546,2004,DNK,4.0,0.5,3.0,0.375,8,1.0,0.125
547,2004,DOM,1.0,1.0,,,1,,
548,2004,DQ,2.0,0.6666666666666666,1.0,0.3333333333333333,3,0.0,0.0
549,2004,EGY,5.0,1.0,,,5,,
550,2004,ERI,1.0,1.0,,,1,,
551,2004,ESP,13.0,0.65,4.0,0.2,20,3.0,0.15
552,2004,EST,3.0,1.0,,,3,,
553,2004,ETH,3.0,0.42857142857142855,4.0,0.5714285714285714,7,0.0,0.0
554,2004,FIN,2.0,1.0,,,2,,
555,2004,FRA,16.0,0.48484848484848486,16.0,0.48484848484848486,33,1.0,0.030303030303030304
556,2004,GBR,15.0,0.5,10.0,0.3333333333333333,30,5.0,0.16666666666666666
557,2004,GEO,4.0,1.0,,,4,,
558,2004,GRC,8.0,0.5,8.0,0.5,16,0.0,0.0
559,2004,HKG,1.0,1.0,,,1,,
560,2004,HRV,5.0,1.0,,,5,,
561,2004,HUN,10.0,0.5882352941176471,7.0,0.4117647058823529,17,0.0,0.0
562,2004,IDN,3.0,0.75,1.0,0.25,4,0.0,0.0
563,2004,IND,1.0,1.0,,,1,,
564,2004,IRN,6.0,1.0,,,6,,
565,2004,ISR,2.0,1.0,,,2,,
566,2004,ITA,23.0,0.71875,9.0,0.28125,32,0.0,0.0
567,2004,JAM,1.0,0.2,4.0,0.8,5,0.0,0.0
568,2004,JPN,20.0,0.5405405405405406,17.0,0.4594594594594595,37,0.0,0.0
569,2004,KAZ,8.0,1.0,,,8,,
570,2004,KEN,5.0,0.7142857142857143,2.0,0.2857142857142857,7,0.0,0.0
571,2004,KOR,18.0,0.6,12.0,0.4,30,0.0,0.0
572,2004,LTU,2.0,0.6666666666666666,1.0,0.3333333333333333,3,0.0,0.0
573,2004,LVA,3.0,0.75,1.0,0.25,4,0.0,0.0
574,2004,MEX,1.0,0.25,3.0,0.75,4,0.0,0.0
575,2004,MNG,1.0,1.0,,,1,,
576,2004,MUS,2.0,0.6666666666666666,1.0,0.3333333333333333,3,0.0,0.0
577,2004,NGA,2.0,1.0,,,2,,
578,2004,NLD,9.0,0.4090909090909091,12.0,0.5454545454545454,22,1.0,0.045454545454545456
579,2004,NOR,4.0,0.6666666666666666,2.0,0.3333333333333333,6,0.0,0.0
580,2004,NZL,3.0,0.6,2.0,0.4,5,0.0,0.0
581,2004,POL,3.0,0.3,7.0,0.7,10,0.0,0.0
582,2004,PRK,2.0,0.4,3.0,0.6,5,0.0,0.0
583,2004,PRT,3.0,1.0,,,3,,
584,2004,PRY,1.0,1.0,,,1,,
585,2004,ROU,7.0,0.3684210526315789,12.0,0.631578947368421,19,0.0,0.0
586,2004,RUS,51.0,0.5666666666666667,39.0,0.43333333333333335,90,0.0,0.0
587,2004,SRB,1.0,0.5,1.0,0.5,2,0.0,0.0
588,2004,SVK,5.0,0.8333333333333334,1.0,0.16666666666666666,6,0.0,0.0
589,2004,SVN,1.0,0.25,2.0,0.5,4,1.0,0.25
590,2004,SWE,4.0,0.5714285714285714,2.0,0.2857142857142857,7,1.0,0.14285714285714285
591,2004,SYR,1.0,1.0,,,1,,
592,2004,THA,3.0,0.375,5.0,0.625,8,0.0,0.0
593,2004,TTO,1.0,1.0,,,1,,
594,2004,TUR,9.0,0.9,1.0,0.1,10,0.0,0.0
595,2004,TWN,3.0,0.6,2.0,0.4,5,0.0,0.0
596,2004,UKR,9.0,0.4090909090909091,12.0,0.5454545454545454,22,1.0,0.045454545454545456
597,2004,USA,55.0,0.5445544554455446,40.0,0.39603960396039606,101,6.0,0.0594059405940594
598,2004,UZB,5.0,1.0,,,5,,
599,2004,VEN,1.0,0.5,1.0,0.5,2,0.0,0.0
600,2004,ZAF,5.0,0.8333333333333334,1.0,0.16666666666666666,6,0.0,0.0
601,2004,ZWE,,,3.0,1.0,3,,
602,2008,AFG,1.0,1.0,,,1,,
603,2008,ARG,3.0,0.5,2.0,0.3333333333333333,6,1.0,0.16666666666666666
604,2008,ARM,5.0,1.0,,,5,,
605,2008,AUS,21.0,0.45652173913043476,23.0,0.5,46,2.0,0.043478260869565216
606,2008,AUT,1.0,0.3333333333333333,2.0,0.6666666666666666,3,0.0,0.0
607,2008,AZE,5.0,0.8333333333333334,1.0,0.16666666666666666,6,0.0,0.0
608,2008,BEL,,,2.0,1.0,2,,
609,2008,BGR,3.0,0.6,2.0,0.4,5,0.0,0.0
610,2008,BHS,2.0,1.0,,,2,,
611,2008,BLR,9.0,0.6428571428571429,5.0,0.35714285714285715,14,0.0,0.0
612,2008,BRA,10.0,0.5882352941176471,7.0,0.4117647058823529,17,0.0,0.0
613,2008,CAN,10.0,0.5,8.0,0.4,20,2.0,0.1
614,2008,CHE,5.0,0.7142857142857143,1.0,0.14285714285714285,7,1.0,0.14285714285714285
615,2008,CHL,1.0,1.0,,,1,,
616,2008,CHN,43.0,0.43,56.0,0.56,100,1.0,0.01
617,2008,CMR,,,1.0,1.0,1,,
618,2008,COL,1.0,0.3333333333333333,2.0,0.6666666666666666,3,0.0,0.0
619,2008,CUB,20.0,0.6666666666666666,10.0,0.3333333333333333,30,0.0,0.0
620,2008,CZE,4.0,0.5714285714285714,3.0,0.42857142857142855,7,0.0,0.0
621,2008,DEU,20.0,0.4878048780487805,15.0,0.36585365853658536,41,6.0,0.14634146341463414
622,2008,DNK,4.0,0.5714285714285714,1.0,0.14285714285714285,7,2.0,0.2857142857142857
623,2008,DOM,2.0,1.0,,,2,,
624,2008,DQ,,,1.0,1.0,1,,
625,2008,DZA,1.0,0.5,1.0,0.5,2,0.0,0.0
626,2008,ECU,1.0,1.0,,,1,,
627,2008,EGY,1.0,0.5,1.0,0.5,2,0.0,0.0
628,2008,ESP,12.0,0.631578947368421,5.0,0.2631578947368421,19,2.0,0.10526315789473684
629,2008,EST,2.0,1.0,,,2,,
630,2008,ETH,4.0,0.5714285714285714,3.0,0.42857142857142855,7,0.0,0.0
631,2008,FIN,2.0,0.5,2.0,0.5,4,0.0,0.0
632,2008,FRA,34.0,0.7906976744186046,8.0,0.18604651162790697,43,1.0,0.023255813953488372
633,2008,GBR,27.0,0.5294117647058824,21.0,0.4117647058823529,51,3.0,0.058823529411764705
634,2008,GEO,6.0,0.8571428571428571,1.0,0.14285714285714285,7,0.0,0.0
635,2008,GRC,2.0,0.6666666666666666,1.0,0.3333333333333333,3,0.0,0.0
636,2008,HRV,1.0,0.2,4.0,0.8,5,0.0,0.0
637,2008,HUN,7.0,0.7,3.0,0.3,10,0.0,0.0
638,2008,IDN,3.0,0.5,2.0,0.3333333333333333,6,1.0,0.16666666666666666
639,2008,IND,3.0,1.0,,,3,,
640,2008,IRL,3.0,1.0,,,3,,
641,2008,IRN,2.0,1.0,,,2,,
642,2008,ISL,1.0,1.0,,,1,,
643,2008,ISR,1.0,1.0,,,1,,
644,2008,ITA,16.0,0.5925925925925926,11.0,0.4074074074074074,27,0.0,0.0
645,2008,JAM,2.0,0.18181818181818182,9.0,0.8181818181818182,11,0.0,0.0
646,2008,JPN,13.0,0.52,12.0,0.48,25,0.0,0.0
647,2008,KAZ,6.0,0.6666666666666666,3.0,0.3333333333333333,9,0.0,0.0
648,2008,KEN,9.0,0.5625,7.0,0.4375,16,0.0,0.0
649,2008,KGZ,3.0,1.0,,,3,,
650,2008,KOR,18.0,0.5625,13.0,0.40625,32,1.0,0.03125
651,2008,LTU,4.0,0.8,1.0,0.2,5,0.0,0.0
652,2008,LVA,3.0,1.0,,,3,,
653,2008,MDA,1.0,1.0,,,1,,
654,2008,MEX,1.0,0.25,3.0,0.75,4,0.0,0.0
655,2008,MNG,3.0,0.75,1.0,0.25,4,0.0,0.0
656,2008,MUS,2.0,0.6666666666666666,1.0,0.3333333333333333,3,0.0,0.0
657,2008,MYS,1.0,1.0,,,1,,
658,2008,NGA,2.0,0.4,3.0,0.6,5,0.0,0.0
659,2008,NLD,3.0,0.1875,11.0,0.6875,16,2.0,0.125
660,2008,NOR,5.0,0.5555555555555556,4.0,0.4444444444444444,9,0.0,0.0
661,2008,NZL,7.0,0.7777777777777778,2.0,0.2222222222222222,9,0.0,0.0
662,2008,PAN,1.0,1.0,,,1,,
663,2008,POL,8.0,0.7272727272727273,3.0,0.2727272727272727,11,0.0,0.0
664,2008,PRK,1.0,0.16666666666666666,5.0,0.8333333333333334,6,0.0,0.0
665,2008,PRT,1.0,0.5,1.0,0.5,2,0.0,0.0
666,2008,ROU,2.0,0.2222222222222222,7.0,0.7777777777777778,9,0.0,0.0
667,2008,RUS,37.0,0.6166666666666667,23.0,0.38333333333333336,60,0.0,0.0
668,2008,SDN,1.0,1.0,,,1,,
669,2008,SGP,,,1.0,1.0,1,,
670,2008,SRB,3.0,1.0,,,3,,
671,2008,SVK,4.0,0.6666666666666666,2.0,0.3333333333333333,6,0.0,0.0
672,2008,SVN,3.0,0.6,2.0,0.4,5,0.0,0.0
673,2008,SWE,3.0,0.6,1.0,0.2,5,1.0,0.2
674,2008,TGO,1.0,1.0,,,1,,
675,2008,THA,2.0,0.3333333333333333,4.0,0.6666666666666666,6,0.0,0.0
676,2008,TJK,2.0,1.0,,,2,,
677,2008,TTO,2.0,1.0,,,2,,
678,2008,TUN,1.0,1.0,,,1,,
679,2008,TUR,4.0,0.8,1.0,0.2,5,0.0,0.0
680,2008,TWN,2.0,0.5,2.0,0.5,4,0.0,0.0
681,2008,UKR,13.0,0.5909090909090909,9.0,0.4090909090909091,22,0.0,0.0
682,2008,USA,54.0,0.48214285714285715,54.0,0.48214285714285715,112,4.0,0.03571428571428571
683,2008,UZB,3.0,0.75,1.0,0.25,4,0.0,0.0
684,2008,VEN,,,1.0,1.0,1,,
685,2008,VNM,1.0,1.0,,,1,,
686,2008,WSM,,,1.0,1.0,1,,
687,2008,ZAF,1.0,1.0,,,1,,
688,2008,ZWE,,,4.0,1.0,4,,
689,2012,AFG,1.0,1.0,,,1,,
690,2012,ARG,3.0,0.75,1.0,0.25,4,0.0,0.0
691,2012,ARM,2.0,1.0,,,2,,
692,2012,AUS,15.0,0.42857142857142855,20.0,0.5714285714285714,35,0.0,0.0
693,2012,AZE,7.0,0.7777777777777778,2.0,0.2222222222222222,9,0.0,0.0
694,2012,BEL,1.0,0.3333333333333333,2.0,0.6666666666666666,3,0.0,0.0
695,2012,BGR,1.0,0.3333333333333333,2.0,0.6666666666666666,3,0.0,0.0
696,2012,BHS,1.0,1.0,,,1,,
697,2012,BLR,3.0,0.3,6.0,0.6,10,1.0,0.1
698,2012,BRA,11.0,0.6470588235294118,6.0,0.35294117647058826,17,0.0,0.0
699,2012,BRN,,,1.0,1.0,1,,
700,2012,BWA,1.0,1.0,,,1,,
701,2012,CAN,9.0,0.5,9.0,0.5,18,0.0,0.0
702,2012,CHE,2.0,0.5,1.0,0.25,4,1.0,0.25
703,2012,CHN,36.0,0.3956043956043956,53.0,0.5824175824175825,91,2.0,0.02197802197802198
704,2012,CMR,,,1.0,1.0,1,,
705,2012,COL,4.0,0.4444444444444444,5.0,0.5555555555555556,9,0.0,0.0
706,2012,CUB,11.0,0.7333333333333333,4.0,0.26666666666666666,15,0.0,0.0
707,2012,CYP,1.0,1.0,,,1,,
708,2012,CZE,6.0,0.5454545454545454,5.0,0.45454545454545453,11,0.0,0.0
709,2012,DEU,27.0,0.6136363636363636,13.0,0.29545454545454547,44,4.0,0.09090909090909091
710,2012,DNK,7.0,0.7777777777777778,1.0,0.1111111111111111,9,1.0,0.1111111111111111
711,2012,DOM,2.0,1.0,,,2,,
712,2012,DQ,7.0,0.7777777777777778,2.0,0.2222222222222222,9,0.0,0.0
713,2012,DZA,1.0,1.0,,,1,,
714,2012,EGY,3.0,0.75,1.0,0.25,4,0.0,0.0
715,2012,ESP,6.0,0.3333333333333333,12.0,0.6666666666666666,18,0.0,0.0
716,2012,EST,2.0,1.0,,,2,,
717,2012,ETH,2.0,0.25,6.0,0.75,8,0.0,0.0
718,2012,FIN,1.0,0.3333333333333333,2.0,0.6666666666666666,3,0.0,0.0
719,2012,FRA,20.0,0.5714285714285714,15.0,0.42857142857142855,35,0.0,0.0
720,2012,GAB,1.0,1.0,,,1,,
721,2012,GBR,39.0,0.6,20.0,0.3076923076923077,65,6.0,0.09230769230769231
722,2012,GEO,6.0,1.0,,,6,,
723,2012,GRC,1.0,0.5,1.0,0.5,2,0.0,0.0
724,2012,GRD,1.0,1.0,,,1,,
725,2012,GTM,1.0,1.0,,,1,,
726,2012,HKG,,,1.0,1.0,1,,
727,2012,HRV,4.0,0.6666666666666666,2.0,0.3333333333333333,6,0.0,0.0
728,2012,HUN,12.0,0.6666666666666666,6.0,0.3333333333333333,18,0.0,0.0
729,2012,IDN,2.0,0.6666666666666666,1.0,0.3333333333333333,3,0.0,0.0
730,2012,IND,4.0,0.6666666666666666,2.0,0.3333333333333333,6,0.0,0.0
731,2012,IRL,4.0,0.6666666666666666,1.0,0.16666666666666666,6,1.0,0.16666666666666666
732,2012,IRN,13.0,1.0,,,13,,
733,2012,ITA,20.0,0.7142857142857143,8.0,0.2857142857142857,28,0.0,0.0
734,2012,JAM,7.0,0.5833333333333334,5.0,0.4166666666666667,12,0.0,0.0
735,2012,JPN,21.0,0.5526315789473685,17.0,0.4473684210526316,38,0.0,0.0
736,2012,KAZ,7.0,0.6363636363636364,4.0,0.36363636363636365,11,0.0,0.0
737,2012,KEN,7.0,0.5384615384615384,6.0,0.46153846153846156,13,0.0,0.0
738,2012,KOR,22.0,0.7333333333333333,8.0,0.26666666666666666,30,0.0,0.0
739,2012,KWT,1.0,1.0,,,1,,
740,2012,LTU,2.0,0.4,3.0,0.6,5,0.0,0.0
741,2012,LVA,2.0,1.0,,,2,,
742,2012,MEX,2.0,0.25,6.0,0.75,8,0.0,0.0
743,2012,MNE,,,1.0,1.0,1,,
744,2012,MNG,4.0,0.8,1.0,0.2,5,0.0,0.0
745,2012,MUS,1.0,1.0,,,1,,
746,2012,MYS,1.0,0.5,1.0,0.5,2,0.0,0.0
747,2012,NLD,5.0,0.25,11.0,0.55,20,4.0,0.2
748,2012,NOR,3.0,0.75,1.0,0.25,4,0.0,0.0
749,2012,NZL,7.0,0.5384615384615384,5.0,0.38461538461538464,13,1.0,0.07692307692307693
750,2012,POL,6.0,0.5454545454545454,5.0,0.45454545454545453,11,0.0,0.0
751,2012,PRK,3.0,0.5,3.0,0.5,6,0.0,0.0
752,2012,PRT,3.0,1.0,,,3,,
753,2012,QAT,2.0,1.0,,,2,,
754,2012,ROU,2.0,0.2857142857142857,5.0,0.7142857142857143,7,0.0,0.0
755,2012,RUS,33.0,0.4925373134328358,34.0,0.5074626865671642,67,0.0,0.0
756,2012,SGP,,,2.0,1.0,2,,
757,2012,SRB,2.0,0.5,2.0,0.5,4,0.0,0.0
758,2012,SVK,2.0,0.5,2.0,0.5,4,0.0,0.0
759,2012,SVN,3.0,0.75,1.0,0.25,4,0.0,0.0
760,2012,SWE,6.0,0.75,1.0,0.125,8,1.0,0.125
761,2012,THA,1.0,0.25,3.0,0.75,4,0.0,0.0
762,2012,TJK,,,1.0,1.0,1,,
763,2012,TTO,4.0,1.0,,,4,,
764,2012,TUN,2.0,0.6666666666666666,1.0,0.3333333333333333,3,0.0,0.0
765,2012,TUR,2.0,0.6666666666666666,1.0,0.3333333333333333,3,0.0,0.0
766,2012,TWN,,,2.0,1.0,2,,
767,2012,UGA,1.0,1.0,,,1,,
768,2012,UKR,8.0,0.42105263157894735,11.0,0.5789473684210527,19,0.0,0.0
769,2012,USA,45.0,0.4326923076923077,58.0,0.5576923076923077,104,1.0,0.009615384615384616
770,2012,UZB,3.0,1.0,,,3,,
771,2012,VEN,1.0,1.0,,,1,,
772,2012,VNM,1.0,1.0,,,1,,
773,2012,ZAF,4.0,0.6666666666666666,2.0,0.3333333333333333,6,0.0,0.0
774,2016,ARE,1.0,1.0,,,1,,
775,2016,ARG,2.0,0.5,1.0,0.25,4,1.0,0.25
776,2016,ARM,4.0,1.0,,,4,,
777,2016,AUS,15.0,0.5172413793103449,12.0,0.41379310344827586,29,2.0,0.06896551724137931
778,2016,AZE,14.0,0.7777777777777778,4.0,0.2222222222222222,18,0.0,0.0
779,2016,BDI,,,1.0,1.0,1,,
780,2016,BEL,4.0,0.6666666666666666,2.0,0.3333333333333333,6,0.0,0.0
781,2016,BGR,,,3.0,1.0,3,,
782,2016,BHS,1.0,0.5,1.0,0.5,2,0.0,0.0
783,2016,BLR,5.0,0.5555555555555556,4.0,0.4444444444444444,9,0.0,0.0
784,2016,BRA,14.0,0.7368421052631579,5.0,0.2631578947368421,19,0.0,0.0
785,2016,BRN,,,2.0,1.0,2,,
786,2016,CAN,5.0,0.22727272727272727,16.0,0.7272727272727273,22,1.0,0.045454545454545456
787,2016,CHE,3.0,0.42857142857142855,4.0,0.5714285714285714,7,0.0,0.0
788,2016,CHN,28.0,0.4,41.0,0.5857142857142857,70,1.0,0.014285714285714285
789,2016,CIV,1.0,0.5,1.0,0.5,2,0.0,0.0
790,2016,COL,4.0,0.5,4.0,0.5,8,0.0,0.0
791,2016,CUB,9.0,0.8181818181818182,2.0,0.18181818181818182,11,0.0,0.0
792,2016,CZE,6.0,0.6,3.0,0.3,10,1.0,0.1
793,2016,DEU,21.0,0.5,15.0,0.35714285714285715,42,6.0,0.14285714285714285
794,2016,DNK,7.0,0.4666666666666667,8.0,0.5333333333333333,15,0.0,0.0
795,2016,DOM,1.0,1.0,,,1,,
796,2016,DQ,1.0,0.5,1.0,0.5,2,0.0,0.0
797,2016,DZA,2.0,1.0,,,2,,
798,2016,EGY,1.0,0.3333333333333333,2.0,0.6666666666666666,3,0.0,0.0
799,2016,ESP,8.0,0.47058823529411764,9.0,0.5294117647058824,17,0.0,0.0
800,2016,EST,1.0,1.0,,,1,,
801,2016,ETH,3.0,0.375,5.0,0.625,8,0.0,0.0
802,2016,FIN,,,1.0,1.0,1,,
803,2016,FJI,1.0,1.0,,,1,,
804,2016,FRA,28.0,0.6666666666666666,11.0,0.2619047619047619,42,3.0,0.07142857142857142
805,2016,GBR,40.0,0.5970149253731343,24.0,0.3582089552238806,67,3.0,0.04477611940298507
806,2016,GEO,7.0,1.0,,,7,,
807,2016,GRC,3.0,0.5,3.0,0.5,6,0.0,0.0
808,2016,GRD,1.0,1.0,,,1,,
809,2016,HRV,7.0,0.7,3.0,0.3,10,0.0,0.0
810,2016,HUN,5.0,0.3333333333333333,10.0,0.6666666666666666,15,0.0,0.0
811,2016,IDN,1.0,0.3333333333333333,1.0,0.3333333333333333,3,1.0,0.3333333333333333
812,2016,IND,,,2.0,1.0,2,,
813,2016,IRL,1.0,0.5,1.0,0.5,2,0.0,0.0
814,2016,IRN,7.0,0.875,1.0,0.125,8,0.0,0.0
815,2016,ISR,1.0,0.5,1.0,0.5,2,0.0,0.0
816,2016,ITA,18.0,0.6428571428571429,10.0,0.35714285714285715,28,0.0,0.0
817,2016,JAM,5.0,0.45454545454545453,6.0,0.5454545454545454,11,0.0,0.0
818,2016,JOR,1.0,1.0,,,1,,
819,2016,JPN,23.0,0.5609756097560976,18.0,0.43902439024390244,41,0.0,0.0
820,2016,KAZ,10.0,0.5555555555555556,8.0,0.4444444444444444,18,0.0,0.0
821,2016,KEN,6.0,0.46153846153846156,7.0,0.5384615384615384,13,0.0,0.0
822,2016,KOR,12.0,0.5714285714285714,9.0,0.42857142857142855,21,0.0,0.0
823,2016,KOS,,,1.0,1.0,1,,
824,2016,LTU,3.0,0.75,1.0,0.25,4,0.0,0.0
825,2016,MEX,3.0,0.6,2.0,0.4,5,0.0,0.0
826,2016,MNG,1.0,0.5,1.0,0.5,2,0.0,0.0
827,2016,MUS,1.0,1.0,,,1,,
828,2016,MYS,3.0,0.6,1.0,0.2,5,1.0,0.2
829,2016,NER,1.0,1.0,,,1,,
830,2016,NGA,1.0,1.0,,,1,,
831,2016,NLD,7.0,0.3684210526315789,12.0,0.631578947368421,19,0.0,0.0
832,2016,NOR,3.0,0.75,1.0,0.25,4,0.0,0.0
833,2016,NZL,7.0,0.3888888888888889,11.0,0.6111111111111112,18,0.0,0.0
834,2016,PHL,,,1.0,1.0,1,,
835,2016,POL,3.0,0.2727272727272727,8.0,0.7272727272727273,11,0.0,0.0
836,2016,PRI,,,1.0,1.0,1,,
837,2016,PRK,3.0,0.42857142857142855,4.0,0.5714285714285714,7,0.0,0.0
838,2016,PRT,,,1.0,1.0,1,,
839,2016,QAT,1.0,1.0,,,1,,
840,2016,ROU,2.0,0.5,2.0,0.5,4,0.0,0.0
841,2016,RUS,27.0,0.48214285714285715,29.0,0.5178571428571429,56,0.0,0.0
842,2016,SGP,1.0,1.0,,,1,,
843,2016,SRB,4.0,0.5,4.0,0.5,8,0.0,0.0
844,2016,SVK,4.0,1.0,,,4,,
845,2016,SVN,2.0,0.5,2.0,0.5,4,0.0,0.0
846,2016,SWE,2.0,0.18181818181818182,8.0,0.7272727272727273,11,1.0,0.09090909090909091
847,2016,THA,2.0,0.3333333333333333,4.0,0.6666666666666666,6,0.0,0.0
848,2016,TJK,1.0,1.0,,,1,,
849,2016,TTO,1.0,1.0,,,1,,
850,2016,TUN,1.0,0.3333333333333333,2.0,0.6666666666666666,3,0.0,0.0
851,2016,TUR,7.0,0.875,1.0,0.125,8,0.0,0.0
852,2016,TWN,,,3.0,1.0,3,,
853,2016,UKR,8.0,0.7272727272727273,3.0,0.2727272727272727,11,0.0,0.0
854,2016,USA,55.0,0.45454545454545453,61.0,0.5041322314049587,121,5.0,0.04132231404958678
855,2016,UZB,13.0,1.0,,,13,,
856,2016,VEN,1.0,0.3333333333333333,2.0,0.6666666666666666,3,0.0,0.0
857,2016,VNM,2.0,1.0,,,2,,
858,2016,ZAF,8.0,0.8,2.0,0.2,10,0.0,0.0
